#
# A fatal error has been detected by the Java Runtime Environment:
#
#  EXCEPTION_ACCESS_VIOLATION (0xc0000005) at pc=0x00007ffef46c7085, pid=13660, tid=16324
#
# JRE version: OpenJDK Runtime Environment (21.0.4) (build 21.0.4+-12508038-b607.1)
# Java VM: OpenJDK 64-Bit Server VM (21.0.4+-12508038-b607.1, mixed mode, tiered, compressed oops, compressed class ptrs, g1 gc, windows-amd64)
# Problematic frame:
# V  [jvm.dll+0x317085]
#
# No core dump will be written. Minidumps are not enabled by default on client versions of Windows
#
# If you would like to submit a bug report, please visit:
#   https://youtrack.jetbrains.com/issues/JBR
#

---------------  S U M M A R Y ------------

Command Line: --add-opens=java.base/java.util=ALL-UNNAMED --add-opens=java.base/java.lang=ALL-UNNAMED --add-opens=java.base/java.lang.invoke=ALL-UNNAMED --add-opens=java.prefs/java.util.prefs=ALL-UNNAMED --add-exports=jdk.compiler/com.sun.tools.javac.api=ALL-UNNAMED --add-exports=jdk.compiler/com.sun.tools.javac.util=ALL-UNNAMED --add-opens=java.base/java.nio.charset=ALL-UNNAMED --add-opens=java.base/java.net=ALL-UNNAMED --add-opens=java.base/java.util.concurrent.atomic=ALL-UNNAMED -Xmx2048m -Dfile.encoding=UTF-8 -Duser.country=RU -Duser.language=ru -Duser.variant -javaagent:C:\Users\Lena\.gradle\wrapper\dists\gradle-8.10.2-bin\a04bxjujx95o3nb99gddekhwo\gradle-8.10.2\lib\agents\gradle-instrumentation-agent-8.10.2.jar org.gradle.launcher.daemon.bootstrap.GradleDaemon 8.10.2

Host: Intel(R) Core(TM) i5-6200U CPU @ 2.30GHz, 4 cores, 15G,  Windows 10 , 64 bit Build 19041 (10.0.19041.5198)
Time: Sun Feb  9 18:30:52 2025 RTZ 2 (s 10 , 64 bit Build 19041 (10.0.19041.5198) elapsed time: 198.611126 seconds (0d 0h 3m 18s)

---------------  T H R E A D  ---------------

Current thread (0x000002423203a930):  WorkerThread "G1 Conc#0"      [id=16324, stack(0x000000970ca00000,0x000000970cb00000) (1024K)]

Stack: [0x000000970ca00000,0x000000970cb00000],  sp=0x000000970caff4a0,  free space=1021k
Native frames: (J=compiled Java code, j=interpreted, Vv=VM code, C=native code)
V  [jvm.dll+0x317085]
V  [jvm.dll+0x3337df]
V  [jvm.dll+0x330051]
V  [jvm.dll+0x331bdc]
V  [jvm.dll+0x330923]
V  [jvm.dll+0x334286]
V  [jvm.dll+0x889be4]
V  [jvm.dll+0x804418]
V  [jvm.dll+0x6cce0d]
C  [ucrtbase.dll+0x21bb2]
C  [KERNEL32.DLL+0x17374]
C  [ntdll.dll+0x4cc91]


siginfo: EXCEPTION_ACCESS_VIOLATION (0xc0000005), reading address 0x000000040931e20c


Registers:
RAX=0x000000040931e200, RBX=0x00000000872a14b8, RCX=0x0000000000000003, RDX=0x0000000000000001
RSP=0x000000970caff4a0, RBP=0x000002423212d2e0, RSI=0x000000970caff590, RDI=0x00000242342ca8f0
R8 =0x00000000872a14b8, R9 =0x0000000081263c40, R10=0x0000000000000000, R11=0x0000000000000004
R12=0x0000000000000000, R13=0xaaaaaaaaaaaaaaab, R14=0x0000000000000001, R15=0x000000970caff590
RIP=0x00007ffef46c7085, EFLAGS=0x0000000000010206


Register to memory mapping:

RAX=0x000000040931e200 is an unknown value
RBX=0x00000000872a14b8 is pointing into object: java.util.LinkedHashMap$Entry 
{0x00000000872a14b0} - klass: 'java/util/LinkedHashMap$Entry'
 - ---- fields (total size 5 words):
 - final 'hash' 'I' @12  -2034522908 (0x86bba4e4)
 - final 'key' 'Ljava/lang/Object;' @16  a 'java/util/jar/Attributes$Name'{0x0000000081263c40} (0x81263c40)
 - 'value' 'Ljava/lang/Object;' @20  "Opr1V9TQRQQxzX4mRyMsf/jpIONhdK0S8jqhfhnBxxw="{0x00000000872a14d8} (0x872a14d8)
 - 'next' 'Ljava/util/HashMap$Node;' @24  null (0x00000000)
 - 'before' 'Ljava/util/LinkedHashMap$Entry;' @28  null (0x00000000)
 - 'after' 'Ljava/util/LinkedHashMap$Entry;' @32  null (0x00000000)
RCX=0x0000000000000003 is an unknown value
RDX=0x0000000000000001 is an unknown value
RSP=0x000000970caff4a0 points into unknown readable memory: 0x0000000100041eb0 | b0 1e 04 00 01 00 00 00
RBP=0x000002423212d2e0 points into unknown readable memory: 0x00007ffef4d16080 | 80 60 d1 f4 fe 7f 00 00
RSI=0x000000970caff590 points into unknown readable memory: 0x000002423212d2d0 | d0 d2 12 32 42 02 00 00
RDI=0x00000242342ca8f0 points into unknown readable memory: 0x00007ffef4d14ca8 | a8 4c d1 f4 fe 7f 00 00
R8 =0x00000000872a14b8 is pointing into object: java.util.LinkedHashMap$Entry 
{0x00000000872a14b0} - klass: 'java/util/LinkedHashMap$Entry'
 - ---- fields (total size 5 words):
 - final 'hash' 'I' @12  -2034522908 (0x86bba4e4)
 - final 'key' 'Ljava/lang/Object;' @16  a 'java/util/jar/Attributes$Name'{0x0000000081263c40} (0x81263c40)
 - 'value' 'Ljava/lang/Object;' @20  "Opr1V9TQRQQxzX4mRyMsf/jpIONhdK0S8jqhfhnBxxw="{0x00000000872a14d8} (0x872a14d8)
 - 'next' 'Ljava/util/HashMap$Node;' @24  null (0x00000000)
 - 'before' 'Ljava/util/LinkedHashMap$Entry;' @28  null (0x00000000)
 - 'after' 'Ljava/util/LinkedHashMap$Entry;' @32  null (0x00000000)
R9 =0x0000000081263c40 is an oop: java.util.jar.Attributes$Name 
{0x0000000081263c40} - klass: 'java/util/jar/Attributes$Name'
 - ---- fields (total size 3 words):
 - private final 'hashCode' 'I' @12  -2034556321 (0x86bb225f)
 - private final 'name' 'Ljava/lang/String;' @16  "SHA-256-Digest"{0x0000000081263c58} (0x81263c58)
R10=0x0 is null
R11=0x0000000000000004 is an unknown value
R12=0x0 is null
R13=0xaaaaaaaaaaaaaaab is an unknown value
R14=0x0000000000000001 is an unknown value
R15=0x000000970caff590 points into unknown readable memory: 0x000002423212d2d0 | d0 d2 12 32 42 02 00 00

Top of Stack: (sp=0x000000970caff4a0)
0x000000970caff4a0:   0000000100041eb0 0000000000000003
0x000000970caff4b0:   000000970caff5d0 0000000000000040
0x000000970caff4c0:   00000242342ca8f0 00007ffef46e37df
0x000000970caff4d0:   0000000000000001 000002423212d2e0
0x000000970caff4e0:   000000970caff590 000002423212d2e0
0x000000970caff4f0:   00000000872a14b8 00007ffef46e0051
0x000000970caff500:   0000000000e54297 000000970c9ffa20
0x000000970caff510:   0000000084b71d20 00007ffef46e1684
0x000000970caff520:   0000000000e60000 00007ffef46e1bdc
0x000000970caff530:   000000008728aa40 0000000000e54297
0x000000970caff540:   0000000000000001 00000242342ca8f0
0x000000970caff550:   0000000000000000 0000000000000001
0x000000970caff560:   00000242342ca8f0 00007ffef46e0923
0x000000970caff570:   0000000000000555 0000000000000000
0x000000970caff580:   000000970c9ffa01 0000000000000000
0x000000970caff590:   000002423212d2d0 00000242342ca8f0
0x000000970caff5a0:   0000000087277178 00000000000111d1
0x000000970caff5b0:   0000000087277178 00000000000111d1
0x000000970caff5c0:   000000000007270e 0000000001312d00
0x000000970caff5d0:   00007ffef4d14cc8 000002424b2527c0
0x000000970caff5e0:   0000000000000003 0000024234276840
0x000000970caff5f0:   00000242342ca8f0 00007ffef4a4e6f3
0x000000970caff600:   c215b08487f7cfdf 0000000000000000
0x000000970caff610:   0000000000000000 0000000000000000
0x000000970caff620:   0000000000000000 000002423212eb20
0x000000970caff630:   00000000000003d8 000002423212eef8
0x000000970caff640:   0000024234266bf0 000000970c9ffa20
0x000000970caff650:   000002423212eb10 00007ffef46e4286
0x000000970caff660:   000003b5e4e67125 000000000007270e
0x000000970caff670:   00000242342ca8f0 000000970c9ffa20
0x000000970caff680:   0000000000000000 0000000000000000
0x000000970caff690:   0000000000000030 0000000000000034 

Instructions: (pc=0x00007ffef46c7085)
0x00007ffef46c6f85:   da 73 98 eb 1d 41 b1 01 4c 8b c3 48 8b d6 48 8b
0x00007ffef46c6f95:   cf e8 e5 4f 09 00 4c 8d 04 dd 00 00 00 00 48 89
0x00007ffef46c6fa5:   77 28 48 8b 74 24 38 48 8b 47 10 48 8b 5f 08 48
0x00007ffef46c6fb5:   2b d8 49 03 d8 4c 8b 47 10 48 8b d7 4c 2b 07 49
0x00007ffef46c6fc5:   8b ce 4d 8b 0e 4d 2b 46 18 41 ff 51 10 48 8b 7c
0x00007ffef46c6fd5:   24 48 48 8b c3 48 8b 5c 24 40 49 c7 46 18 00 00
0x00007ffef46c6fe5:   00 00 48 83 c4 20 41 5e c3 cc cc 0f b6 41 38 48
0x00007ffef46c6ff5:   8b 0d 1d 64 87 00 88 44 24 09 c6 44 24 08 00 44
0x00007ffef46c7005:   0f b7 4c 24 08 e9 e1 24 01 00 cc 48 8b 0d 01 64
0x00007ffef46c7015:   87 00 e9 64 25 01 00 cc cc cc cc 48 8b 42 10 48
0x00007ffef46c7025:   2b 02 ff 41 10 48 89 41 18 48 89 51 08 c3 cc cc
0x00007ffef46c7035:   cc cc cc cc cc cc cc cc cc cc cc 48 89 0d d1 63
0x00007ffef46c7045:   87 00 48 89 15 c2 63 87 00 c3 cc 48 83 ec 28 0f
0x00007ffef46c7055:   b6 15 b5 51 81 00 4c 8b c1 8b 0d b4 3e 81 00 4c
0x00007ffef46c7065:   8b 15 a5 3e 81 00 84 d2 74 0f 45 8b 48 08 41 8b
0x00007ffef46c7075:   c1 48 d3 e0 49 03 c2 eb 07 49 8b 40 08 44 8b c8
0x00007ffef46c7085:   83 78 0c 06 75 2a 84 d2 74 0b 41 8b d1 48 d3 e2
0x00007ffef46c7095:   49 03 d2 eb 04 49 8b 50 08 49 8b c8 e8 7a 29 e2
0x00007ffef46c70a5:   ff 48 3d 00 10 00 00 72 07 b0 01 48 83 c4 28 c3
0x00007ffef46c70b5:   32 c0 48 83 c4 28 c3 cc cc cc cc 48 8b 51 08 33
0x00007ffef46c70c5:   c0 48 3b 15 43 63 87 00 48 0f 44 d0 48 85 d2 74
0x00007ffef46c70d5:   07 48 8b 42 10 48 2b 02 48 8b 51 38 48 85 d2 74
0x00007ffef46c70e5:   0a 48 8b 4a 10 48 2b 0a 48 03 c1 c3 cc cc cc cc
0x00007ffef46c70f5:   cc cc cc cc cc cc cc cc cc cc cc 48 89 4c 24 08
0x00007ffef46c7105:   48 89 54 24 10 4c 89 44 24 18 4c 89 4c 24 20 48
0x00007ffef46c7115:   83 ec 28 4c 8b c1 4c 8d 4c 24 38 48 8d 0d 69 63
0x00007ffef46c7125:   87 00 ba 01 00 00 00 e8 4f cf 2c 00 48 83 c4 28
0x00007ffef46c7135:   c3 cc cc cc cc cc cc cc cc cc cc 48 89 4c 24 08
0x00007ffef46c7145:   48 89 54 24 10 4c 89 44 24 18 4c 89 4c 24 20 48
0x00007ffef46c7155:   83 ec 28 4c 8b c1 4c 8d 4c 24 38 48 8d 0d b9 7e
0x00007ffef46c7165:   86 00 ba 01 00 00 00 e8 0f cf 2c 00 48 83 c4 28
0x00007ffef46c7175:   c3 cc cc cc cc cc cc cc cc cc cc 40 53 55 56 57 


Stack slot to memory mapping:

stack at sp + 0 slots: 0x0000000100041eb0 is a pointer to class: 
java.lang.String {0x0000000100041eb8}
 - instance size:     3
 - klass size:        86
 - access:            public final synchronized 
 - flags:             rewritten has_nonstatic_fields has_nonstatic_concrete_methods has_resolved_methods 
 - state:             fully_initialized
 - name:              'java/lang/String'
 - super:             'java/lang/Object'
 - sub:               
 - arrays:            'java/lang/String'[]
 - methods:           Array<T>(0x000002424c005c70)
 - method ordering:   Array<T>(0x000002424c000018)
 - default_methods:   Array<T>(0x0000000000000000)
 - local interfaces:  Array<T>(0x000002424c004690)
 - trans. interfaces: Array<T>(0x000002424c004690)
 - constants:         constant pool [1443]/operands[28] {0x000002424c0016b0} for 'java/lang/String' cache=0x000002424c15a5c0
 - class loader data:  loader data: 0x000002424af8d150 of 'bootstrap'
 - class annotations:       Array<T>(0x0000000000000000)
 - class type annotations:  Array<T>(0x0000000000000000)
 - field annotations:       Array<T>(0x000002424c005c10)
 - field type annotations:  Array<T>(0x0000000000000000)
 - generic signature: 'Ljava/lang/Object;Ljava/io/Serializable;Ljava/lang/Comparable<Ljava/lang/String;>;Ljava/lang/CharSequence;Ljava/lang/constant/Constable;Ljava/lang/constant/ConstantDesc;'
 - inner classes:     Array<T>(0x000002424c010570)
 - nest members:     Array<T>(0x000002424c0105b0)
 - permitted subclasses:     Array<T>(0x000002424c000028)
 - java mirror:       a 'java/lang/Class'{0x0000000080900478} = 'java/lang/String'
 - vtable length      5  (start addr: 0x0000000100042090)
 - itable length      20 (start addr: 0x00000001000420b8)
 - ---- static fields (3 words):
 - private static final 'serialVersionUID' 'J' @120 
 - static final 'COMPACT_STRINGS' 'Z' @130 
 - private static final 'serialPersistentFields' '[Ljava/io/ObjectStreamField;' @112 
 - private static final 'REPL' 'C' @128 
 - public static final 'CASE_INSENSITIVE_ORDER' 'Ljava/util/Comparator;' @116 
 - static final 'LATIN1' 'B' @131 
 - static final 'UTF16' 'B' @132 
 - ---- non-static fields (3 words):
 - private 'hash' 'I' @12 
 - private final 'coder' 'B' @16 
 - private 'hashIsZero' 'Z' @17 
 - injected 'flags' 'B' @18 
 - private final 'value' '[B' @20 
 - non-static oop maps: 20-20 
stack at sp + 1 slots: 0x0000000000000003 is an unknown value
stack at sp + 2 slots: 0x000000970caff5d0 points into unknown readable memory: 0x00007ffef4d14cc8 | c8 4c d1 f4 fe 7f 00 00
stack at sp + 3 slots: 0x0000000000000040 is an unknown value
stack at sp + 4 slots: 0x00000242342ca8f0 points into unknown readable memory: 0x00007ffef4d14ca8 | a8 4c d1 f4 fe 7f 00 00
stack at sp + 5 slots: 0x00007ffef46e37df jvm.dll
stack at sp + 6 slots: 0x0000000000000001 is an unknown value
stack at sp + 7 slots: 0x000002423212d2e0 points into unknown readable memory: 0x00007ffef4d16080 | 80 60 d1 f4 fe 7f 00 00


---------------  P R O C E S S  ---------------

Threads class SMR info:
_java_thread_list=0x000002425e5eea00, length=48, elements={
0x0000024232061750, 0x000002424b2f0570, 0x000002424b2f10d0, 0x000002424b2f2470,
0x000002424b2f2ed0, 0x000002424b2f3930, 0x000002424b2d0f20, 0x000002424b2d3cc0,
0x000002424b2d4760, 0x000002424b0c2300, 0x000002424b5f2560, 0x00000242511632d0,
0x00000242512eb4f0, 0x00000242511f37d0, 0x0000024251241360, 0x0000024251243430,
0x00000242512419f0, 0x0000024251e77300, 0x0000024251e79a60, 0x0000024251e75230,
0x0000024251e793d0, 0x0000024251e76c70, 0x0000024251e786b0, 0x0000024251e758c0,
0x000002424b7bcfc0, 0x000002425e628070, 0x000002425e629ab0, 0x000002425e62bb80,
0x000002425e62a140, 0x000002425e62a7d0, 0x000002425e62b4f0, 0x000002425e62c210,
0x0000024253ec3650, 0x0000024253ebd3e0, 0x0000024253ec4370, 0x0000024253ec1580,
0x0000024253ec4a00, 0x0000024253ec01d0, 0x0000024253ebe100, 0x0000024253ebf4b0,
0x0000024253ebe790, 0x0000024253ebee20, 0x0000024253ebfb40, 0x0000024251e78020,
0x0000024251e75f50, 0x0000024251e73160, 0x0000024251e7a0f0, 0x0000024251e7a780
}

Java Threads: ( => current thread )
  0x0000024232061750 JavaThread "main"                              [_thread_blocked, id=6988, stack(0x000000970c700000,0x000000970c800000) (1024K)]
  0x000002424b2f0570 JavaThread "Reference Handler"          daemon [_thread_blocked, id=10688, stack(0x000000970cf00000,0x000000970d000000) (1024K)]
  0x000002424b2f10d0 JavaThread "Finalizer"                  daemon [_thread_blocked, id=9068, stack(0x000000970d000000,0x000000970d100000) (1024K)]
  0x000002424b2f2470 JavaThread "Signal Dispatcher"          daemon [_thread_blocked, id=14432, stack(0x000000970d100000,0x000000970d200000) (1024K)]
  0x000002424b2f2ed0 JavaThread "Attach Listener"            daemon [_thread_blocked, id=18848, stack(0x000000970d200000,0x000000970d300000) (1024K)]
  0x000002424b2f3930 JavaThread "Service Thread"             daemon [_thread_blocked, id=13888, stack(0x000000970d300000,0x000000970d400000) (1024K)]
  0x000002424b2d0f20 JavaThread "Monitor Deflation Thread"   daemon [_thread_blocked, id=16984, stack(0x000000970d400000,0x000000970d500000) (1024K)]
  0x000002424b2d3cc0 JavaThread "C2 CompilerThread0"         daemon [_thread_in_native, id=19152, stack(0x000000970d500000,0x000000970d600000) (1024K)]
  0x000002424b2d4760 JavaThread "C1 CompilerThread0"         daemon [_thread_in_native, id=4496, stack(0x000000970d600000,0x000000970d700000) (1024K)]
  0x000002424b0c2300 JavaThread "Common-Cleaner"             daemon [_thread_blocked, id=18468, stack(0x000000970d700000,0x000000970d800000) (1024K)]
  0x000002424b5f2560 JavaThread "Notification Thread"        daemon [_thread_blocked, id=14948, stack(0x000000970d800000,0x000000970d900000) (1024K)]
  0x00000242511632d0 JavaThread "Daemon health stats"               [_thread_blocked, id=16936, stack(0x000000970dc00000,0x000000970dd00000) (1024K)]
  0x00000242512eb4f0 JavaThread "Incoming local TCP Connector on port 62485"        [_thread_in_native, id=17728, stack(0x000000970de00000,0x000000970df00000) (1024K)]
  0x00000242511f37d0 JavaThread "Daemon periodic checks"            [_thread_blocked, id=11728, stack(0x000000970df00000,0x000000970e000000) (1024K)]
  0x0000024251241360 JavaThread "Cache worker for journal cache (C:\Users\Lena\.gradle\caches\journal-1)"        [_thread_blocked, id=9280, stack(0x000000970e700000,0x000000970e800000) (1024K)]
  0x0000024251243430 JavaThread "File lock request listener"        [_thread_in_native, id=16532, stack(0x000000970e800000,0x000000970e900000) (1024K)]
  0x00000242512419f0 JavaThread "Cache worker for file hash cache (C:\Users\Lena\.gradle\caches\8.10.2\fileHashes)"        [_thread_blocked, id=10704, stack(0x000000970e900000,0x000000970ea00000) (1024K)]
  0x0000024251e77300 JavaThread "File watcher server"        daemon [_thread_in_native, id=14516, stack(0x000000970ec00000,0x000000970ed00000) (1024K)]
  0x0000024251e79a60 JavaThread "File watcher consumer"      daemon [_thread_blocked, id=18112, stack(0x000000970ed00000,0x000000970ee00000) (1024K)]
  0x0000024251e75230 JavaThread "jar transforms"                    [_thread_blocked, id=18236, stack(0x000000970ee00000,0x000000970ef00000) (1024K)]
  0x0000024251e793d0 JavaThread "jar transforms Thread 2"           [_thread_blocked, id=3240, stack(0x000000970ef00000,0x000000970f000000) (1024K)]
  0x0000024251e76c70 JavaThread "jar transforms Thread 3"           [_thread_blocked, id=16744, stack(0x000000970f000000,0x000000970f100000) (1024K)]
  0x0000024251e786b0 JavaThread "jar transforms Thread 4"           [_thread_blocked, id=6260, stack(0x000000970f100000,0x000000970f200000) (1024K)]
  0x0000024251e758c0 JavaThread "Cache worker for file content cache (C:\Users\Lena\.gradle\caches\8.10.2\fileContent)"        [_thread_blocked, id=18852, stack(0x000000970f300000,0x000000970f400000) (1024K)]
  0x000002424b7bcfc0 JavaThread "Memory manager"                    [_thread_blocked, id=12272, stack(0x0000009710800000,0x0000009710900000) (1024K)]
  0x000002425e628070 JavaThread "Daemon Thread 2"                   [_thread_blocked, id=14328, stack(0x000000970c400000,0x000000970c500000) (1024K)]
  0x000002425e629ab0 JavaThread "Handler for socket connection from /127.0.0.1:62485 to /127.0.0.1:62537"        [_thread_in_native, id=6004, stack(0x000000970c500000,0x000000970c600000) (1024K)]
  0x000002425e62bb80 JavaThread "Cancel handler"                    [_thread_blocked, id=17320, stack(0x000000970c600000,0x000000970c700000) (1024K)]
  0x000002425e62a140 JavaThread "Daemon worker Thread 2"            [_thread_in_Java, id=16708, stack(0x000000970dd00000,0x000000970de00000) (1024K)]
  0x000002425e62a7d0 JavaThread "Asynchronous log dispatcher for DefaultDaemonConnection: socket connection from /127.0.0.1:62485 to /127.0.0.1:62537"        [_thread_blocked, id=15400, stack(0x000000970e000000,0x000000970e100000) (1024K)]
  0x000002425e62b4f0 JavaThread "Stdin handler"                     [_thread_blocked, id=19412, stack(0x000000970e100000,0x000000970e200000) (1024K)]
  0x000002425e62c210 JavaThread "Daemon client event forwarder"        [_thread_blocked, id=15704, stack(0x000000970e200000,0x000000970e300000) (1024K)]
  0x0000024253ec3650 JavaThread "Cache worker for file hash cache (C:\Users\Lena\AndroidStudioProjects\PlaylistMaker\.gradle\8.10.2\fileHashes)"        [_thread_blocked, id=16996, stack(0x000000970e300000,0x000000970e400000) (1024K)]
  0x0000024253ebd3e0 JavaThread "Cache worker for Build Output Cleanup Cache (C:\Users\Lena\AndroidStudioProjects\PlaylistMaker\.gradle\buildOutputCleanup)"        [_thread_blocked, id=18880, stack(0x000000970e400000,0x000000970e500000) (1024K)]
  0x0000024253ec4370 JavaThread "Cache worker for checksums cache (C:\Users\Lena\AndroidStudioProjects\PlaylistMaker\.gradle\8.10.2\checksums)"        [_thread_blocked, id=19084, stack(0x000000970e500000,0x000000970e600000) (1024K)]
  0x0000024253ec1580 JavaThread "Cache worker for cache directory md-rule (C:\Users\Lena\.gradle\caches\8.10.2\md-rule)"        [_thread_blocked, id=13004, stack(0x000000970e600000,0x000000970e700000) (1024K)]
  0x0000024253ec4a00 JavaThread "Cache worker for cache directory md-supplier (C:\Users\Lena\.gradle\caches\8.10.2\md-supplier)"        [_thread_blocked, id=16872, stack(0x000000970ea00000,0x000000970eb00000) (1024K)]
  0x0000024253ec01d0 JavaThread "Unconstrained build operations"        [_thread_blocked, id=16712, stack(0x000000970eb00000,0x000000970ec00000) (1024K)]
  0x0000024253ebe100 JavaThread "Unconstrained build operations Thread 2"        [_thread_blocked, id=19228, stack(0x000000970f200000,0x000000970f300000) (1024K)]
  0x0000024253ebf4b0 JavaThread "Unconstrained build operations Thread 3"        [_thread_blocked, id=1708, stack(0x000000970f400000,0x000000970f500000) (1024K)]
  0x0000024253ebe790 JavaThread "Unconstrained build operations Thread 4"        [_thread_blocked, id=16156, stack(0x000000970f500000,0x000000970f600000) (1024K)]
  0x0000024253ebee20 JavaThread "Unconstrained build operations Thread 5"        [_thread_blocked, id=18300, stack(0x000000970f600000,0x000000970f700000) (1024K)]
  0x0000024253ebfb40 JavaThread "Unconstrained build operations Thread 6"        [_thread_blocked, id=17404, stack(0x000000970f800000,0x000000970f900000) (1024K)]
  0x0000024251e78020 JavaThread "Unconstrained build operations Thread 7"        [_thread_blocked, id=18176, stack(0x000000970f900000,0x000000970fa00000) (1024K)]
  0x0000024251e75f50 JavaThread "Unconstrained build operations Thread 8"        [_thread_blocked, id=14676, stack(0x000000970fa00000,0x000000970fb00000) (1024K)]
  0x0000024251e73160 JavaThread "Unconstrained build operations Thread 9"        [_thread_blocked, id=1012, stack(0x000000970fb00000,0x000000970fc00000) (1024K)]
  0x0000024251e7a0f0 JavaThread "Unconstrained build operations Thread 10"        [_thread_blocked, id=1248, stack(0x000000970fc00000,0x000000970fd00000) (1024K)]
  0x0000024251e7a780 JavaThread "Unconstrained build operations Thread 11"        [_thread_blocked, id=740, stack(0x000000970fd00000,0x000000970fe00000) (1024K)]
Total: 48

Other Threads:
  0x000002423203b070 VMThread "VM Thread"                           [id=14228, stack(0x000000970ce00000,0x000000970cf00000) (1024K)]
  0x000002424b0c1000 WatcherThread "VM Periodic Task Thread"        [id=9180, stack(0x000000970cd00000,0x000000970ce00000) (1024K)]
  0x000002423203a590 WorkerThread "GC Thread#0"                     [id=17400, stack(0x000000970c800000,0x000000970c900000) (1024K)]
  0x000002423203acd0 WorkerThread "GC Thread#1"                     [id=17808, stack(0x000000970d900000,0x000000970da00000) (1024K)]
  0x000002423203b410 WorkerThread "GC Thread#2"                     [id=12204, stack(0x000000970da00000,0x000000970db00000) (1024K)]
  0x000002423203b7b0 WorkerThread "GC Thread#3"                     [id=7344, stack(0x000000970db00000,0x000000970dc00000) (1024K)]
  0x000002423212dd00 ConcurrentGCThread "G1 Main Marker"            [id=11604, stack(0x000000970c900000,0x000000970ca00000) (1024K)]
=>0x000002423203a930 WorkerThread "G1 Conc#0"                       [id=16324, stack(0x000000970ca00000,0x000000970cb00000) (1024K)]
  0x000002423432e850 ConcurrentGCThread "G1 Refine#0"               [id=11712, stack(0x000000970cb00000,0x000000970cc00000) (1024K)]
  0x000002424af8e640 ConcurrentGCThread "G1 Service"                [id=15356, stack(0x000000970cc00000,0x000000970cd00000) (1024K)]
Total: 10

Threads with active compile tasks:
C2 CompilerThread0   198787 15558       4       org.jetbrains.kotlin.com.intellij.openapi.vfs.VirtualFile::findFileByRelativePath (145 bytes)
C1 CompilerThread0   198788 15566       3       org.jetbrains.org.objectweb.asm.ClassReader::accept (1380 bytes)
Total: 2

VM state: not at safepoint (normal execution)

VM Mutex/Monitor currently owned by a thread: None

Heap address: 0x0000000080000000, size: 2048 MB, Compressed Oops mode: 32-bit

CDS archive(s) not mapped
Compressed class space mapped at: 0x0000000100000000-0x0000000140000000, reserved size: 1073741824
Narrow klass base: 0x0000000000000000, Narrow klass shift: 3, Narrow klass range: 0x140000000

GC Precious Log:
 CardTable entry size: 512
 Card Set container configuration: InlinePtr #cards 5 size 8 Array Of Cards #cards 12 size 40 Howl #buckets 4 coarsen threshold 1843 Howl Bitmap #cards 512 size 80 coarsen threshold 460 Card regions per heap region 1 cards per card region 2048
 CPUs: 4 total, 4 available
 Memory: 16279M
 Large Page Support: Disabled
 NUMA Support: Disabled
 Compressed Oops: Enabled (32-bit)
 Heap Region Size: 1M
 Heap Min Capacity: 8M
 Heap Initial Capacity: 256M
 Heap Max Capacity: 2G
 Pre-touch: Disabled
 Parallel Workers: 4
 Concurrent Workers: 1
 Concurrent Refinement Workers: 4
 Periodic GC: Disabled

Heap:
 garbage-first heap   total 302080K, used 206848K [0x0000000080000000, 0x0000000100000000)
  region size 1024K, 16 young (16384K), 6 survivors (6144K)
 Metaspace       used 138128K, committed 140608K, reserved 1179648K
  class space    used 18109K, committed 19392K, reserved 1048576K

Heap Regions: E=young(eden), S=young(survivor), O=old, HS=humongous(starts), HC=humongous(continues), CS=collection set, F=free, TAMS=top-at-mark-start, PB=parsable bottom
|   0|0x0000000080000000, 0x0000000080100000, 0x0000000080100000|100%|HS|  |TAMS 0x0000000080100000| PB 0x0000000080000000| Complete 
|   1|0x0000000080100000, 0x0000000080200000, 0x0000000080200000|100%|HC|  |TAMS 0x0000000080200000| PB 0x0000000080100000| Complete 
|   2|0x0000000080200000, 0x0000000080300000, 0x0000000080300000|100%|HC|  |TAMS 0x0000000080300000| PB 0x0000000080200000| Complete 
|   3|0x0000000080300000, 0x0000000080400000, 0x0000000080400000|100%|HC|  |TAMS 0x0000000080400000| PB 0x0000000080300000| Complete 
|   4|0x0000000080400000, 0x0000000080500000, 0x0000000080500000|100%| O|  |TAMS 0x0000000080500000| PB 0x0000000080400000| Untracked 
|   5|0x0000000080500000, 0x0000000080600000, 0x0000000080600000|100%| O|  |TAMS 0x0000000080500000| PB 0x0000000080500000| Untracked 
|   6|0x0000000080600000, 0x0000000080700000, 0x0000000080700000|100%| O|  |TAMS 0x0000000080700000| PB 0x0000000080600000| Untracked 
|   7|0x0000000080700000, 0x0000000080800000, 0x0000000080800000|100%| O|  |TAMS 0x0000000080800000| PB 0x0000000080700000| Untracked 
|   8|0x0000000080800000, 0x0000000080900000, 0x0000000080900000|100%|HS|  |TAMS 0x0000000080900000| PB 0x0000000080800000| Complete 
|   9|0x0000000080900000, 0x0000000080a00000, 0x0000000080a00000|100%| O|  |TAMS 0x0000000080a00000| PB 0x0000000080900000| Untracked 
|  10|0x0000000080a00000, 0x0000000080b00000, 0x0000000080b00000|100%| O|  |TAMS 0x0000000080b00000| PB 0x0000000080a00000| Untracked 
|  11|0x0000000080b00000, 0x0000000080c00000, 0x0000000080c00000|100%| O|  |TAMS 0x0000000080c00000| PB 0x0000000080b00000| Untracked 
|  12|0x0000000080c00000, 0x0000000080d00000, 0x0000000080d00000|100%| O|  |TAMS 0x0000000080d00000| PB 0x0000000080c00000| Untracked 
|  13|0x0000000080d00000, 0x0000000080e00000, 0x0000000080e00000|100%| O|  |TAMS 0x0000000080e00000| PB 0x0000000080d00000| Untracked 
|  14|0x0000000080e00000, 0x0000000080f00000, 0x0000000080f00000|100%| O|  |TAMS 0x0000000080f00000| PB 0x0000000080e00000| Untracked 
|  15|0x0000000080f00000, 0x0000000081000000, 0x0000000081000000|100%| O|  |TAMS 0x0000000081000000| PB 0x0000000080f00000| Untracked 
|  16|0x0000000081000000, 0x0000000081100000, 0x0000000081100000|100%| O|  |TAMS 0x0000000081100000| PB 0x0000000081000000| Untracked 
|  17|0x0000000081100000, 0x0000000081200000, 0x0000000081200000|100%| O|  |TAMS 0x0000000081200000| PB 0x0000000081100000| Untracked 
|  18|0x0000000081200000, 0x0000000081300000, 0x0000000081300000|100%| O|  |TAMS 0x0000000081300000| PB 0x0000000081200000| Untracked 
|  19|0x0000000081300000, 0x0000000081400000, 0x0000000081400000|100%| O|  |TAMS 0x0000000081400000| PB 0x0000000081300000| Untracked 
|  20|0x0000000081400000, 0x0000000081500000, 0x0000000081500000|100%| O|  |TAMS 0x0000000081500000| PB 0x0000000081400000| Untracked 
|  21|0x0000000081500000, 0x0000000081600000, 0x0000000081600000|100%| O|  |TAMS 0x0000000081600000| PB 0x0000000081500000| Untracked 
|  22|0x0000000081600000, 0x0000000081700000, 0x0000000081700000|100%|HS|  |TAMS 0x0000000081700000| PB 0x0000000081600000| Complete 
|  23|0x0000000081700000, 0x0000000081800000, 0x0000000081800000|100%|HC|  |TAMS 0x0000000081800000| PB 0x0000000081700000| Complete 
|  24|0x0000000081800000, 0x0000000081900000, 0x0000000081900000|100%|HC|  |TAMS 0x0000000081900000| PB 0x0000000081800000| Complete 
|  25|0x0000000081900000, 0x0000000081a00000, 0x0000000081a00000|100%|HC|  |TAMS 0x0000000081a00000| PB 0x0000000081900000| Complete 
|  26|0x0000000081a00000, 0x0000000081b00000, 0x0000000081b00000|100%|HC|  |TAMS 0x0000000081b00000| PB 0x0000000081a00000| Complete 
|  27|0x0000000081b00000, 0x0000000081c00000, 0x0000000081c00000|100%|HC|  |TAMS 0x0000000081c00000| PB 0x0000000081b00000| Complete 
|  28|0x0000000081c00000, 0x0000000081d00000, 0x0000000081d00000|100%|HS|  |TAMS 0x0000000081d00000| PB 0x0000000081c00000| Complete 
|  29|0x0000000081d00000, 0x0000000081e00000, 0x0000000081e00000|100%|HC|  |TAMS 0x0000000081e00000| PB 0x0000000081d00000| Complete 
|  30|0x0000000081e00000, 0x0000000081f00000, 0x0000000081f00000|100%|HC|  |TAMS 0x0000000081f00000| PB 0x0000000081e00000| Complete 
|  31|0x0000000081f00000, 0x0000000082000000, 0x0000000082000000|100%|HS|  |TAMS 0x0000000082000000| PB 0x0000000081f00000| Complete 
|  32|0x0000000082000000, 0x0000000082100000, 0x0000000082100000|100%|HC|  |TAMS 0x0000000082100000| PB 0x0000000082000000| Complete 
|  33|0x0000000082100000, 0x0000000082200000, 0x0000000082200000|100%| O|  |TAMS 0x0000000082200000| PB 0x0000000082100000| Untracked 
|  34|0x0000000082200000, 0x0000000082300000, 0x0000000082300000|100%| O|  |TAMS 0x0000000082300000| PB 0x0000000082200000| Untracked 
|  35|0x0000000082300000, 0x0000000082400000, 0x0000000082400000|100%|HS|  |TAMS 0x0000000082400000| PB 0x0000000082300000| Complete 
|  36|0x0000000082400000, 0x0000000082500000, 0x0000000082500000|100%| O|  |TAMS 0x0000000082500000| PB 0x0000000082400000| Untracked 
|  37|0x0000000082500000, 0x0000000082600000, 0x0000000082600000|100%| O|  |TAMS 0x0000000082600000| PB 0x0000000082500000| Untracked 
|  38|0x0000000082600000, 0x0000000082700000, 0x0000000082700000|100%| O|  |TAMS 0x0000000082700000| PB 0x0000000082600000| Untracked 
|  39|0x0000000082700000, 0x0000000082800000, 0x0000000082800000|100%| O|  |TAMS 0x0000000082800000| PB 0x0000000082700000| Untracked 
|  40|0x0000000082800000, 0x0000000082900000, 0x0000000082900000|100%| O|  |TAMS 0x0000000082900000| PB 0x0000000082800000| Untracked 
|  41|0x0000000082900000, 0x0000000082a00000, 0x0000000082a00000|100%| O|  |TAMS 0x0000000082a00000| PB 0x0000000082900000| Untracked 
|  42|0x0000000082a00000, 0x0000000082b00000, 0x0000000082b00000|100%| O|  |TAMS 0x0000000082b00000| PB 0x0000000082a00000| Untracked 
|  43|0x0000000082b00000, 0x0000000082c00000, 0x0000000082c00000|100%| O|  |TAMS 0x0000000082c00000| PB 0x0000000082b00000| Untracked 
|  44|0x0000000082c00000, 0x0000000082d00000, 0x0000000082d00000|100%| O|  |TAMS 0x0000000082d00000| PB 0x0000000082c00000| Untracked 
|  45|0x0000000082d00000, 0x0000000082e00000, 0x0000000082e00000|100%| O|  |TAMS 0x0000000082e00000| PB 0x0000000082d00000| Untracked 
|  46|0x0000000082e00000, 0x0000000082f00000, 0x0000000082f00000|100%| O|  |TAMS 0x0000000082f00000| PB 0x0000000082e00000| Untracked 
|  47|0x0000000082f00000, 0x0000000083000000, 0x0000000083000000|100%| O|  |TAMS 0x0000000083000000| PB 0x0000000082f00000| Untracked 
|  48|0x0000000083000000, 0x0000000083100000, 0x0000000083100000|100%| O|  |TAMS 0x0000000083100000| PB 0x0000000083000000| Untracked 
|  49|0x0000000083100000, 0x0000000083200000, 0x0000000083200000|100%| O|  |TAMS 0x0000000083200000| PB 0x0000000083100000| Untracked 
|  50|0x0000000083200000, 0x0000000083300000, 0x0000000083300000|100%|HS|  |TAMS 0x0000000083300000| PB 0x0000000083200000| Complete 
|  51|0x0000000083300000, 0x0000000083400000, 0x0000000083400000|100%|HC|  |TAMS 0x0000000083400000| PB 0x0000000083300000| Complete 
|  52|0x0000000083400000, 0x0000000083500000, 0x0000000083500000|100%|HS|  |TAMS 0x0000000083500000| PB 0x0000000083400000| Complete 
|  53|0x0000000083500000, 0x0000000083600000, 0x0000000083600000|100%|HC|  |TAMS 0x0000000083600000| PB 0x0000000083500000| Complete 
|  54|0x0000000083600000, 0x0000000083700000, 0x0000000083700000|100%|HC|  |TAMS 0x0000000083700000| PB 0x0000000083600000| Complete 
|  55|0x0000000083700000, 0x0000000083800000, 0x0000000083800000|100%|HC|  |TAMS 0x0000000083800000| PB 0x0000000083700000| Complete 
|  56|0x0000000083800000, 0x0000000083900000, 0x0000000083900000|100%|HC|  |TAMS 0x0000000083900000| PB 0x0000000083800000| Complete 
|  57|0x0000000083900000, 0x0000000083a00000, 0x0000000083a00000|100%|HC|  |TAMS 0x0000000083a00000| PB 0x0000000083900000| Complete 
|  58|0x0000000083a00000, 0x0000000083b00000, 0x0000000083b00000|100%| O|  |TAMS 0x0000000083b00000| PB 0x0000000083a00000| Untracked 
|  59|0x0000000083b00000, 0x0000000083c00000, 0x0000000083c00000|100%| O|  |TAMS 0x0000000083c00000| PB 0x0000000083b00000| Untracked 
|  60|0x0000000083c00000, 0x0000000083d00000, 0x0000000083d00000|100%| O|  |TAMS 0x0000000083d00000| PB 0x0000000083c00000| Untracked 
|  61|0x0000000083d00000, 0x0000000083e00000, 0x0000000083e00000|100%| O|  |TAMS 0x0000000083e00000| PB 0x0000000083d00000| Untracked 
|  62|0x0000000083e00000, 0x0000000083f00000, 0x0000000083f00000|100%|HS|  |TAMS 0x0000000083f00000| PB 0x0000000083e00000| Complete 
|  63|0x0000000083f00000, 0x0000000084000000, 0x0000000084000000|100%|HC|  |TAMS 0x0000000084000000| PB 0x0000000083f00000| Complete 
|  64|0x0000000084000000, 0x0000000084100000, 0x0000000084100000|100%|HC|  |TAMS 0x0000000084100000| PB 0x0000000084000000| Complete 
|  65|0x0000000084100000, 0x0000000084200000, 0x0000000084200000|100%|HC|  |TAMS 0x0000000084200000| PB 0x0000000084100000| Complete 
|  66|0x0000000084200000, 0x0000000084300000, 0x0000000084300000|100%|HC|  |TAMS 0x0000000084300000| PB 0x0000000084200000| Complete 
|  67|0x0000000084300000, 0x0000000084400000, 0x0000000084400000|100%|HC|  |TAMS 0x0000000084400000| PB 0x0000000084300000| Complete 
|  68|0x0000000084400000, 0x0000000084500000, 0x0000000084500000|100%| O|  |TAMS 0x0000000084500000| PB 0x0000000084400000| Untracked 
|  69|0x0000000084500000, 0x0000000084600000, 0x0000000084600000|100%| O|  |TAMS 0x0000000084600000| PB 0x0000000084500000| Untracked 
|  70|0x0000000084600000, 0x0000000084700000, 0x0000000084700000|100%| O|  |TAMS 0x0000000084700000| PB 0x0000000084600000| Untracked 
|  71|0x0000000084700000, 0x0000000084800000, 0x0000000084800000|100%| O|  |TAMS 0x0000000084800000| PB 0x0000000084700000| Untracked 
|  72|0x0000000084800000, 0x0000000084900000, 0x0000000084900000|100%| O|  |TAMS 0x0000000084900000| PB 0x0000000084800000| Untracked 
|  73|0x0000000084900000, 0x0000000084a00000, 0x0000000084a00000|100%| O|  |TAMS 0x0000000084a00000| PB 0x0000000084900000| Untracked 
|  74|0x0000000084a00000, 0x0000000084b00000, 0x0000000084b00000|100%| O|  |TAMS 0x0000000084b00000| PB 0x0000000084a00000| Untracked 
|  75|0x0000000084b00000, 0x0000000084c00000, 0x0000000084c00000|100%| O|  |TAMS 0x0000000084c00000| PB 0x0000000084b00000| Untracked 
|  76|0x0000000084c00000, 0x0000000084d00000, 0x0000000084d00000|100%| O|  |TAMS 0x0000000084d00000| PB 0x0000000084c00000| Untracked 
|  77|0x0000000084d00000, 0x0000000084e00000, 0x0000000084e00000|100%| O|  |TAMS 0x0000000084e00000| PB 0x0000000084d00000| Untracked 
|  78|0x0000000084e00000, 0x0000000084f00000, 0x0000000084f00000|100%| O|  |TAMS 0x0000000084f00000| PB 0x0000000084e00000| Untracked 
|  79|0x0000000084f00000, 0x0000000085000000, 0x0000000085000000|100%| O|  |TAMS 0x0000000085000000| PB 0x0000000084f00000| Untracked 
|  80|0x0000000085000000, 0x0000000085100000, 0x0000000085100000|100%|HS|  |TAMS 0x0000000085100000| PB 0x0000000085000000| Complete 
|  81|0x0000000085100000, 0x0000000085200000, 0x0000000085200000|100%|HS|  |TAMS 0x0000000085200000| PB 0x0000000085100000| Complete 
|  82|0x0000000085200000, 0x0000000085300000, 0x0000000085300000|100%|HS|  |TAMS 0x0000000085300000| PB 0x0000000085200000| Complete 
|  83|0x0000000085300000, 0x0000000085400000, 0x0000000085400000|100%|HC|  |TAMS 0x0000000085400000| PB 0x0000000085300000| Complete 
|  84|0x0000000085400000, 0x0000000085500000, 0x0000000085500000|100%|HS|  |TAMS 0x0000000085500000| PB 0x0000000085400000| Complete 
|  85|0x0000000085500000, 0x0000000085600000, 0x0000000085600000|100%|HC|  |TAMS 0x0000000085600000| PB 0x0000000085500000| Complete 
|  86|0x0000000085600000, 0x0000000085700000, 0x0000000085700000|100%|HS|  |TAMS 0x0000000085700000| PB 0x0000000085600000| Complete 
|  87|0x0000000085700000, 0x0000000085800000, 0x0000000085800000|100%|HS|  |TAMS 0x0000000085800000| PB 0x0000000085700000| Complete 
|  88|0x0000000085800000, 0x0000000085900000, 0x0000000085900000|100%|HS|  |TAMS 0x0000000085900000| PB 0x0000000085800000| Complete 
|  89|0x0000000085900000, 0x0000000085a00000, 0x0000000085a00000|100%|HC|  |TAMS 0x0000000085a00000| PB 0x0000000085900000| Complete 
|  90|0x0000000085a00000, 0x0000000085b00000, 0x0000000085b00000|100%|HC|  |TAMS 0x0000000085b00000| PB 0x0000000085a00000| Complete 
|  91|0x0000000085b00000, 0x0000000085c00000, 0x0000000085c00000|100%|HC|  |TAMS 0x0000000085c00000| PB 0x0000000085b00000| Complete 
|  92|0x0000000085c00000, 0x0000000085d00000, 0x0000000085d00000|100%|HS|  |TAMS 0x0000000085d00000| PB 0x0000000085c00000| Complete 
|  93|0x0000000085d00000, 0x0000000085e00000, 0x0000000085e00000|100%| O|  |TAMS 0x0000000085e00000| PB 0x0000000085d00000| Untracked 
|  94|0x0000000085e00000, 0x0000000085f00000, 0x0000000085f00000|100%|HS|  |TAMS 0x0000000085f00000| PB 0x0000000085e00000| Complete 
|  95|0x0000000085f00000, 0x0000000086000000, 0x0000000086000000|100%| O|  |TAMS 0x0000000085f00000| PB 0x0000000085f00000| Untracked 
|  96|0x0000000086000000, 0x0000000086100000, 0x0000000086100000|100%| O|  |TAMS 0x0000000086100000| PB 0x0000000086000000| Untracked 
|  97|0x0000000086100000, 0x0000000086200000, 0x0000000086200000|100%| O|  |TAMS 0x0000000086200000| PB 0x0000000086100000| Untracked 
|  98|0x0000000086200000, 0x0000000086300000, 0x0000000086300000|100%| O|  |TAMS 0x0000000086300000| PB 0x0000000086200000| Untracked 
|  99|0x0000000086300000, 0x0000000086400000, 0x0000000086400000|100%| O|  |TAMS 0x0000000086400000| PB 0x0000000086300000| Untracked 
| 100|0x0000000086400000, 0x0000000086500000, 0x0000000086500000|100%| O|  |TAMS 0x0000000086500000| PB 0x0000000086400000| Untracked 
| 101|0x0000000086500000, 0x0000000086600000, 0x0000000086600000|100%| O|  |TAMS 0x0000000086600000| PB 0x0000000086500000| Untracked 
| 102|0x0000000086600000, 0x0000000086700000, 0x0000000086700000|100%| O|  |TAMS 0x0000000086700000| PB 0x0000000086600000| Untracked 
| 103|0x0000000086700000, 0x0000000086800000, 0x0000000086800000|100%| O|  |TAMS 0x0000000086800000| PB 0x0000000086700000| Untracked 
| 104|0x0000000086800000, 0x0000000086900000, 0x0000000086900000|100%| O|  |TAMS 0x0000000086900000| PB 0x0000000086800000| Untracked 
| 105|0x0000000086900000, 0x0000000086a00000, 0x0000000086a00000|100%| O|  |TAMS 0x0000000086a00000| PB 0x0000000086900000| Untracked 
| 106|0x0000000086a00000, 0x0000000086b00000, 0x0000000086b00000|100%| O|  |TAMS 0x0000000086a00000| PB 0x0000000086a00000| Untracked 
| 107|0x0000000086b00000, 0x0000000086c00000, 0x0000000086c00000|100%| O|  |TAMS 0x0000000086c00000| PB 0x0000000086b00000| Untracked 
| 108|0x0000000086c00000, 0x0000000086d00000, 0x0000000086d00000|100%|HS|  |TAMS 0x0000000086d00000| PB 0x0000000086c00000| Complete 
| 109|0x0000000086d00000, 0x0000000086e00000, 0x0000000086e00000|100%|HS|  |TAMS 0x0000000086e00000| PB 0x0000000086d00000| Complete 
| 110|0x0000000086e00000, 0x0000000086f00000, 0x0000000086f00000|100%|HC|  |TAMS 0x0000000086f00000| PB 0x0000000086e00000| Complete 
| 111|0x0000000086f00000, 0x0000000087000000, 0x0000000087000000|100%|HC|  |TAMS 0x0000000087000000| PB 0x0000000086f00000| Complete 
| 112|0x0000000087000000, 0x0000000087100000, 0x0000000087100000|100%|HC|  |TAMS 0x0000000087100000| PB 0x0000000087000000| Complete 
| 113|0x0000000087100000, 0x0000000087200000, 0x0000000087200000|100%| O|  |TAMS 0x0000000087200000| PB 0x0000000087100000| Untracked 
| 114|0x0000000087200000, 0x0000000087300000, 0x0000000087300000|100%| O|  |TAMS 0x0000000087300000| PB 0x0000000087200000| Untracked 
| 115|0x0000000087300000, 0x0000000087400000, 0x0000000087400000|100%| O|  |TAMS 0x0000000087400000| PB 0x0000000087300000| Untracked 
| 116|0x0000000087400000, 0x0000000087500000, 0x0000000087500000|100%| O|  |TAMS 0x0000000087500000| PB 0x0000000087400000| Untracked 
| 117|0x0000000087500000, 0x0000000087600000, 0x0000000087600000|100%| O|  |TAMS 0x0000000087600000| PB 0x0000000087500000| Untracked 
| 118|0x0000000087600000, 0x0000000087700000, 0x0000000087700000|100%| O|  |TAMS 0x0000000087700000| PB 0x0000000087600000| Untracked 
| 119|0x0000000087700000, 0x0000000087800000, 0x0000000087800000|100%| O|  |TAMS 0x0000000087800000| PB 0x0000000087700000| Untracked 
| 120|0x0000000087800000, 0x0000000087900000, 0x0000000087900000|100%| O|  |TAMS 0x0000000087900000| PB 0x0000000087800000| Untracked 
| 121|0x0000000087900000, 0x0000000087a00000, 0x0000000087a00000|100%| O|  |TAMS 0x0000000087a00000| PB 0x0000000087900000| Untracked 
| 122|0x0000000087a00000, 0x0000000087b00000, 0x0000000087b00000|100%| O|  |TAMS 0x0000000087b00000| PB 0x0000000087a00000| Untracked 
| 123|0x0000000087b00000, 0x0000000087c00000, 0x0000000087c00000|100%| O|  |TAMS 0x0000000087c00000| PB 0x0000000087b00000| Untracked 
| 124|0x0000000087c00000, 0x0000000087d00000, 0x0000000087d00000|100%| O|  |TAMS 0x0000000087d00000| PB 0x0000000087c00000| Untracked 
| 125|0x0000000087d00000, 0x0000000087e00000, 0x0000000087e00000|100%| O|  |TAMS 0x0000000087e00000| PB 0x0000000087d00000| Untracked 
| 126|0x0000000087e00000, 0x0000000087f00000, 0x0000000087f00000|100%| O|  |TAMS 0x0000000087f00000| PB 0x0000000087e00000| Untracked 
| 127|0x0000000087f00000, 0x0000000088000000, 0x0000000088000000|100%| O|  |TAMS 0x0000000088000000| PB 0x0000000087f00000| Untracked 
| 128|0x0000000088000000, 0x0000000088100000, 0x0000000088100000|100%| O|  |TAMS 0x0000000088100000| PB 0x0000000088000000| Untracked 
| 129|0x0000000088100000, 0x0000000088200000, 0x0000000088200000|100%| O|  |TAMS 0x0000000088200000| PB 0x0000000088100000| Untracked 
| 130|0x0000000088200000, 0x0000000088300000, 0x0000000088300000|100%| O|  |TAMS 0x0000000088300000| PB 0x0000000088200000| Untracked 
| 131|0x0000000088300000, 0x0000000088400000, 0x0000000088400000|100%| O|  |TAMS 0x0000000088400000| PB 0x0000000088300000| Untracked 
| 132|0x0000000088400000, 0x0000000088500000, 0x0000000088500000|100%| O|  |TAMS 0x0000000088500000| PB 0x0000000088400000| Untracked 
| 133|0x0000000088500000, 0x0000000088600000, 0x0000000088600000|100%| O|  |TAMS 0x0000000088600000| PB 0x0000000088500000| Untracked 
| 134|0x0000000088600000, 0x0000000088700000, 0x0000000088700000|100%| O|  |TAMS 0x0000000088700000| PB 0x0000000088600000| Untracked 
| 135|0x0000000088700000, 0x0000000088800000, 0x0000000088800000|100%| O|  |TAMS 0x0000000088800000| PB 0x0000000088700000| Untracked 
| 136|0x0000000088800000, 0x0000000088900000, 0x0000000088900000|100%|HS|  |TAMS 0x0000000088900000| PB 0x0000000088800000| Complete 
| 137|0x0000000088900000, 0x0000000088a00000, 0x0000000088a00000|100%|HC|  |TAMS 0x0000000088a00000| PB 0x0000000088900000| Complete 
| 138|0x0000000088a00000, 0x0000000088b00000, 0x0000000088b00000|100%|HC|  |TAMS 0x0000000088b00000| PB 0x0000000088a00000| Complete 
| 139|0x0000000088b00000, 0x0000000088c00000, 0x0000000088c00000|100%|HC|  |TAMS 0x0000000088c00000| PB 0x0000000088b00000| Complete 
| 140|0x0000000088c00000, 0x0000000088d00000, 0x0000000088d00000|100%|HC|  |TAMS 0x0000000088d00000| PB 0x0000000088c00000| Complete 
| 141|0x0000000088d00000, 0x0000000088e00000, 0x0000000088e00000|100%|HC|  |TAMS 0x0000000088e00000| PB 0x0000000088d00000| Complete 
| 142|0x0000000088e00000, 0x0000000088f00000, 0x0000000088f00000|100%|HS|  |TAMS 0x0000000088f00000| PB 0x0000000088e00000| Complete 
| 143|0x0000000088f00000, 0x0000000089000000, 0x0000000089000000|100%| O|  |TAMS 0x0000000089000000| PB 0x0000000088f00000| Untracked 
| 144|0x0000000089000000, 0x0000000089100000, 0x0000000089100000|100%| O|  |TAMS 0x0000000089100000| PB 0x0000000089000000| Untracked 
| 145|0x0000000089100000, 0x0000000089200000, 0x0000000089200000|100%| O|  |TAMS 0x0000000089100000| PB 0x0000000089100000| Untracked 
| 146|0x0000000089200000, 0x0000000089300000, 0x0000000089300000|100%| O|  |TAMS 0x0000000089300000| PB 0x0000000089200000| Untracked 
| 147|0x0000000089300000, 0x0000000089400000, 0x0000000089400000|100%| O|  |TAMS 0x0000000089400000| PB 0x0000000089300000| Untracked 
| 148|0x0000000089400000, 0x0000000089500000, 0x0000000089500000|100%| O|  |TAMS 0x0000000089500000| PB 0x0000000089400000| Untracked 
| 149|0x0000000089500000, 0x0000000089600000, 0x0000000089600000|100%| O|  |TAMS 0x0000000089600000| PB 0x0000000089500000| Untracked 
| 150|0x0000000089600000, 0x0000000089700000, 0x0000000089700000|100%| O|  |TAMS 0x0000000089700000| PB 0x0000000089600000| Untracked 
| 151|0x0000000089700000, 0x0000000089800000, 0x0000000089800000|100%| O|  |TAMS 0x0000000089800000| PB 0x0000000089700000| Untracked 
| 152|0x0000000089800000, 0x0000000089900000, 0x0000000089900000|100%| O|  |TAMS 0x0000000089900000| PB 0x0000000089800000| Untracked 
| 153|0x0000000089900000, 0x0000000089a00000, 0x0000000089a00000|100%| O|  |TAMS 0x0000000089a00000| PB 0x0000000089900000| Untracked 
| 154|0x0000000089a00000, 0x0000000089b00000, 0x0000000089b00000|100%| O|  |TAMS 0x0000000089b00000| PB 0x0000000089a00000| Untracked 
| 155|0x0000000089b00000, 0x0000000089c00000, 0x0000000089c00000|100%| O|  |TAMS 0x0000000089c00000| PB 0x0000000089b00000| Untracked 
| 156|0x0000000089c00000, 0x0000000089d00000, 0x0000000089d00000|100%| O|  |TAMS 0x0000000089d00000| PB 0x0000000089c00000| Untracked 
| 157|0x0000000089d00000, 0x0000000089e00000, 0x0000000089e00000|100%| O|  |TAMS 0x0000000089e00000| PB 0x0000000089d00000| Untracked 
| 158|0x0000000089e00000, 0x0000000089f00000, 0x0000000089f00000|100%| O|  |TAMS 0x0000000089f00000| PB 0x0000000089e00000| Untracked 
| 159|0x0000000089f00000, 0x000000008a000000, 0x000000008a000000|100%| O|  |TAMS 0x000000008a000000| PB 0x0000000089f00000| Untracked 
| 160|0x000000008a000000, 0x000000008a100000, 0x000000008a100000|100%| O|  |TAMS 0x000000008a100000| PB 0x000000008a000000| Untracked 
| 161|0x000000008a100000, 0x000000008a200000, 0x000000008a200000|100%| O|  |TAMS 0x000000008a200000| PB 0x000000008a100000| Untracked 
| 162|0x000000008a200000, 0x000000008a300000, 0x000000008a300000|100%| O|  |TAMS 0x000000008a300000| PB 0x000000008a200000| Untracked 
| 163|0x000000008a300000, 0x000000008a400000, 0x000000008a400000|100%| O|  |TAMS 0x000000008a400000| PB 0x000000008a300000| Untracked 
| 164|0x000000008a400000, 0x000000008a500000, 0x000000008a500000|100%| O|  |TAMS 0x000000008a500000| PB 0x000000008a400000| Untracked 
| 165|0x000000008a500000, 0x000000008a600000, 0x000000008a600000|100%| O|  |TAMS 0x000000008a600000| PB 0x000000008a500000| Untracked 
| 166|0x000000008a600000, 0x000000008a700000, 0x000000008a700000|100%| O|  |TAMS 0x000000008a700000| PB 0x000000008a600000| Untracked 
| 167|0x000000008a700000, 0x000000008a800000, 0x000000008a800000|100%| O|  |TAMS 0x000000008a7e4070| PB 0x000000008a700000| Untracked 
| 168|0x000000008a800000, 0x000000008a900000, 0x000000008a900000|100%| O|  |TAMS 0x000000008a800000| PB 0x000000008a800000| Untracked 
| 169|0x000000008a900000, 0x000000008aa00000, 0x000000008aa00000|100%| O|  |TAMS 0x000000008a900000| PB 0x000000008a900000| Untracked 
| 170|0x000000008aa00000, 0x000000008ab00000, 0x000000008ab00000|100%| O|  |TAMS 0x000000008aa00000| PB 0x000000008aa00000| Untracked 
| 171|0x000000008ab00000, 0x000000008ac00000, 0x000000008ac00000|100%| O|  |TAMS 0x000000008ab00000| PB 0x000000008ab00000| Untracked 
| 172|0x000000008ac00000, 0x000000008ad00000, 0x000000008ad00000|100%| O|  |TAMS 0x000000008ac00000| PB 0x000000008ac00000| Untracked 
| 173|0x000000008ad00000, 0x000000008ae00000, 0x000000008ae00000|100%| O|  |TAMS 0x000000008ad00000| PB 0x000000008ad00000| Untracked 
| 174|0x000000008ae00000, 0x000000008af00000, 0x000000008af00000|100%| O|  |TAMS 0x000000008ae00000| PB 0x000000008ae00000| Untracked 
| 175|0x000000008af00000, 0x000000008b000000, 0x000000008b000000|100%| O|  |TAMS 0x000000008af00000| PB 0x000000008af00000| Untracked 
| 176|0x000000008b000000, 0x000000008b000000, 0x000000008b100000|  0%| F|  |TAMS 0x000000008b000000| PB 0x000000008b000000| Untracked 
| 177|0x000000008b100000, 0x000000008b100000, 0x000000008b200000|  0%| F|  |TAMS 0x000000008b100000| PB 0x000000008b100000| Untracked 
| 178|0x000000008b200000, 0x000000008b200000, 0x000000008b300000|  0%| F|  |TAMS 0x000000008b200000| PB 0x000000008b200000| Untracked 
| 179|0x000000008b300000, 0x000000008b300000, 0x000000008b400000|  0%| F|  |TAMS 0x000000008b300000| PB 0x000000008b300000| Untracked 
| 180|0x000000008b400000, 0x000000008b400000, 0x000000008b500000|  0%| F|  |TAMS 0x000000008b400000| PB 0x000000008b400000| Untracked 
| 181|0x000000008b500000, 0x000000008b500000, 0x000000008b600000|  0%| F|  |TAMS 0x000000008b500000| PB 0x000000008b500000| Untracked 
| 182|0x000000008b600000, 0x000000008b600000, 0x000000008b700000|  0%| F|  |TAMS 0x000000008b600000| PB 0x000000008b600000| Untracked 
| 183|0x000000008b700000, 0x000000008b700000, 0x000000008b800000|  0%| F|  |TAMS 0x000000008b700000| PB 0x000000008b700000| Untracked 
| 184|0x000000008b800000, 0x000000008b800000, 0x000000008b900000|  0%| F|  |TAMS 0x000000008b800000| PB 0x000000008b800000| Untracked 
| 185|0x000000008b900000, 0x000000008b900000, 0x000000008ba00000|  0%| F|  |TAMS 0x000000008b900000| PB 0x000000008b900000| Untracked 
| 186|0x000000008ba00000, 0x000000008ba00000, 0x000000008bb00000|  0%| F|  |TAMS 0x000000008ba00000| PB 0x000000008ba00000| Untracked 
| 187|0x000000008bb00000, 0x000000008bb00000, 0x000000008bc00000|  0%| F|  |TAMS 0x000000008bb00000| PB 0x000000008bb00000| Untracked 
| 188|0x000000008bc00000, 0x000000008bc00000, 0x000000008bd00000|  0%| F|  |TAMS 0x000000008bc00000| PB 0x000000008bc00000| Untracked 
| 189|0x000000008bd00000, 0x000000008bd00000, 0x000000008be00000|  0%| F|  |TAMS 0x000000008bd00000| PB 0x000000008bd00000| Untracked 
| 190|0x000000008be00000, 0x000000008be00000, 0x000000008bf00000|  0%| F|  |TAMS 0x000000008be00000| PB 0x000000008be00000| Untracked 
| 191|0x000000008bf00000, 0x000000008bf00000, 0x000000008c000000|  0%| F|  |TAMS 0x000000008bf00000| PB 0x000000008bf00000| Untracked 
| 192|0x000000008c000000, 0x000000008c000000, 0x000000008c100000|  0%| F|  |TAMS 0x000000008c000000| PB 0x000000008c000000| Untracked 
| 193|0x000000008c100000, 0x000000008c100000, 0x000000008c200000|  0%| F|  |TAMS 0x000000008c100000| PB 0x000000008c100000| Untracked 
| 194|0x000000008c200000, 0x000000008c200000, 0x000000008c300000|  0%| F|  |TAMS 0x000000008c200000| PB 0x000000008c200000| Untracked 
| 195|0x000000008c300000, 0x000000008c300000, 0x000000008c400000|  0%| F|  |TAMS 0x000000008c300000| PB 0x000000008c300000| Untracked 
| 196|0x000000008c400000, 0x000000008c400000, 0x000000008c500000|  0%| F|  |TAMS 0x000000008c400000| PB 0x000000008c400000| Untracked 
| 197|0x000000008c500000, 0x000000008c500000, 0x000000008c600000|  0%| F|  |TAMS 0x000000008c500000| PB 0x000000008c500000| Untracked 
| 198|0x000000008c600000, 0x000000008c700000, 0x000000008c700000|100%| S|CS|TAMS 0x000000008c600000| PB 0x000000008c600000| Complete 
| 199|0x000000008c700000, 0x000000008c800000, 0x000000008c800000|100%| S|CS|TAMS 0x000000008c700000| PB 0x000000008c700000| Complete 
| 200|0x000000008c800000, 0x000000008c900000, 0x000000008c900000|100%| S|CS|TAMS 0x000000008c800000| PB 0x000000008c800000| Complete 
| 201|0x000000008c900000, 0x000000008ca00000, 0x000000008ca00000|100%| S|CS|TAMS 0x000000008c900000| PB 0x000000008c900000| Complete 
| 202|0x000000008ca00000, 0x000000008cb00000, 0x000000008cb00000|100%| S|CS|TAMS 0x000000008ca00000| PB 0x000000008ca00000| Complete 
| 203|0x000000008cb00000, 0x000000008cc00000, 0x000000008cc00000|100%| S|CS|TAMS 0x000000008cb00000| PB 0x000000008cb00000| Complete 
| 204|0x000000008cc00000, 0x000000008cc00000, 0x000000008cd00000|  0%| F|  |TAMS 0x000000008cc00000| PB 0x000000008cc00000| Untracked 
| 205|0x000000008cd00000, 0x000000008cd00000, 0x000000008ce00000|  0%| F|  |TAMS 0x000000008cd00000| PB 0x000000008cd00000| Untracked 
| 206|0x000000008ce00000, 0x000000008ce00000, 0x000000008cf00000|  0%| F|  |TAMS 0x000000008ce00000| PB 0x000000008ce00000| Untracked 
| 207|0x000000008cf00000, 0x000000008cf00000, 0x000000008d000000|  0%| F|  |TAMS 0x000000008cf00000| PB 0x000000008cf00000| Untracked 
| 208|0x000000008d000000, 0x000000008d000000, 0x000000008d100000|  0%| F|  |TAMS 0x000000008d000000| PB 0x000000008d000000| Untracked 
| 209|0x000000008d100000, 0x000000008d100000, 0x000000008d200000|  0%| F|  |TAMS 0x000000008d100000| PB 0x000000008d100000| Untracked 
| 210|0x000000008d200000, 0x000000008d200000, 0x000000008d300000|  0%| F|  |TAMS 0x000000008d200000| PB 0x000000008d200000| Untracked 
| 211|0x000000008d300000, 0x000000008d300000, 0x000000008d400000|  0%| F|  |TAMS 0x000000008d300000| PB 0x000000008d300000| Untracked 
| 212|0x000000008d400000, 0x000000008d400000, 0x000000008d500000|  0%| F|  |TAMS 0x000000008d400000| PB 0x000000008d400000| Untracked 
| 213|0x000000008d500000, 0x000000008d500000, 0x000000008d600000|  0%| F|  |TAMS 0x000000008d500000| PB 0x000000008d500000| Untracked 
| 214|0x000000008d600000, 0x000000008d600000, 0x000000008d700000|  0%| F|  |TAMS 0x000000008d600000| PB 0x000000008d600000| Untracked 
| 215|0x000000008d700000, 0x000000008d700000, 0x000000008d800000|  0%| F|  |TAMS 0x000000008d700000| PB 0x000000008d700000| Untracked 
| 216|0x000000008d800000, 0x000000008d800000, 0x000000008d900000|  0%| F|  |TAMS 0x000000008d800000| PB 0x000000008d800000| Untracked 
| 217|0x000000008d900000, 0x000000008d900000, 0x000000008da00000|  0%| F|  |TAMS 0x000000008d900000| PB 0x000000008d900000| Untracked 
| 218|0x000000008da00000, 0x000000008da00000, 0x000000008db00000|  0%| F|  |TAMS 0x000000008da00000| PB 0x000000008da00000| Untracked 
| 219|0x000000008db00000, 0x000000008db00000, 0x000000008dc00000|  0%| F|  |TAMS 0x000000008db00000| PB 0x000000008db00000| Untracked 
| 220|0x000000008dc00000, 0x000000008dc00000, 0x000000008dd00000|  0%| F|  |TAMS 0x000000008dc00000| PB 0x000000008dc00000| Untracked 
| 221|0x000000008dd00000, 0x000000008dd00000, 0x000000008de00000|  0%| F|  |TAMS 0x000000008dd00000| PB 0x000000008dd00000| Untracked 
| 222|0x000000008de00000, 0x000000008de00000, 0x000000008df00000|  0%| F|  |TAMS 0x000000008de00000| PB 0x000000008de00000| Untracked 
| 223|0x000000008df00000, 0x000000008df00000, 0x000000008e000000|  0%| F|  |TAMS 0x000000008df00000| PB 0x000000008df00000| Untracked 
| 224|0x000000008e000000, 0x000000008e000000, 0x000000008e100000|  0%| F|  |TAMS 0x000000008e000000| PB 0x000000008e000000| Untracked 
| 225|0x000000008e100000, 0x000000008e100000, 0x000000008e200000|  0%| F|  |TAMS 0x000000008e100000| PB 0x000000008e100000| Untracked 
| 226|0x000000008e200000, 0x000000008e200000, 0x000000008e300000|  0%| F|  |TAMS 0x000000008e200000| PB 0x000000008e200000| Untracked 
| 227|0x000000008e300000, 0x000000008e300000, 0x000000008e400000|  0%| F|  |TAMS 0x000000008e300000| PB 0x000000008e300000| Untracked 
| 228|0x000000008e400000, 0x000000008e400000, 0x000000008e500000|  0%| F|  |TAMS 0x000000008e400000| PB 0x000000008e400000| Untracked 
| 229|0x000000008e500000, 0x000000008e500000, 0x000000008e600000|  0%| F|  |TAMS 0x000000008e500000| PB 0x000000008e500000| Untracked 
| 230|0x000000008e600000, 0x000000008e600000, 0x000000008e700000|  0%| F|  |TAMS 0x000000008e600000| PB 0x000000008e600000| Untracked 
| 231|0x000000008e700000, 0x000000008e700000, 0x000000008e800000|  0%| F|  |TAMS 0x000000008e700000| PB 0x000000008e700000| Untracked 
| 232|0x000000008e800000, 0x000000008e800000, 0x000000008e900000|  0%| F|  |TAMS 0x000000008e800000| PB 0x000000008e800000| Untracked 
| 233|0x000000008e900000, 0x000000008e900000, 0x000000008ea00000|  0%| F|  |TAMS 0x000000008e900000| PB 0x000000008e900000| Untracked 
| 234|0x000000008ea00000, 0x000000008ea00000, 0x000000008eb00000|  0%| F|  |TAMS 0x000000008ea00000| PB 0x000000008ea00000| Untracked 
| 235|0x000000008eb00000, 0x000000008eb00000, 0x000000008ec00000|  0%| F|  |TAMS 0x000000008eb00000| PB 0x000000008eb00000| Untracked 
| 236|0x000000008ec00000, 0x000000008ec00000, 0x000000008ed00000|  0%| F|  |TAMS 0x000000008ec00000| PB 0x000000008ec00000| Untracked 
| 237|0x000000008ed00000, 0x000000008ed00000, 0x000000008ee00000|  0%| F|  |TAMS 0x000000008ed00000| PB 0x000000008ed00000| Untracked 
| 238|0x000000008ee00000, 0x000000008ee00000, 0x000000008ef00000|  0%| F|  |TAMS 0x000000008ee00000| PB 0x000000008ee00000| Untracked 
| 239|0x000000008ef00000, 0x000000008ef00000, 0x000000008f000000|  0%| F|  |TAMS 0x000000008ef00000| PB 0x000000008ef00000| Untracked 
| 240|0x000000008f000000, 0x000000008f000000, 0x000000008f100000|  0%| F|  |TAMS 0x000000008f000000| PB 0x000000008f000000| Untracked 
| 241|0x000000008f100000, 0x000000008f100000, 0x000000008f200000|  0%| F|  |TAMS 0x000000008f100000| PB 0x000000008f100000| Untracked 
| 242|0x000000008f200000, 0x000000008f200000, 0x000000008f300000|  0%| F|  |TAMS 0x000000008f200000| PB 0x000000008f200000| Untracked 
| 243|0x000000008f300000, 0x000000008f300000, 0x000000008f400000|  0%| F|  |TAMS 0x000000008f300000| PB 0x000000008f300000| Untracked 
| 244|0x000000008f400000, 0x000000008f400000, 0x000000008f500000|  0%| F|  |TAMS 0x000000008f400000| PB 0x000000008f400000| Untracked 
| 245|0x000000008f500000, 0x000000008f500000, 0x000000008f600000|  0%| F|  |TAMS 0x000000008f500000| PB 0x000000008f500000| Untracked 
| 246|0x000000008f600000, 0x000000008f600000, 0x000000008f700000|  0%| F|  |TAMS 0x000000008f600000| PB 0x000000008f600000| Untracked 
| 247|0x000000008f700000, 0x000000008f700000, 0x000000008f800000|  0%| F|  |TAMS 0x000000008f700000| PB 0x000000008f700000| Untracked 
| 248|0x000000008f800000, 0x000000008f800000, 0x000000008f900000|  0%| F|  |TAMS 0x000000008f800000| PB 0x000000008f800000| Untracked 
| 249|0x000000008f900000, 0x000000008f900000, 0x000000008fa00000|  0%| F|  |TAMS 0x000000008f900000| PB 0x000000008f900000| Untracked 
| 250|0x000000008fa00000, 0x000000008fa00000, 0x000000008fb00000|  0%| F|  |TAMS 0x000000008fa00000| PB 0x000000008fa00000| Untracked 
| 251|0x000000008fb00000, 0x000000008fb00000, 0x000000008fc00000|  0%| F|  |TAMS 0x000000008fb00000| PB 0x000000008fb00000| Untracked 
| 252|0x000000008fc00000, 0x000000008fc00000, 0x000000008fd00000|  0%| F|  |TAMS 0x000000008fc00000| PB 0x000000008fc00000| Untracked 
| 253|0x000000008fd00000, 0x000000008fd00000, 0x000000008fe00000|  0%| F|  |TAMS 0x000000008fd00000| PB 0x000000008fd00000| Untracked 
| 254|0x000000008fe00000, 0x000000008fe00000, 0x000000008ff00000|  0%| F|  |TAMS 0x000000008fe00000| PB 0x000000008fe00000| Untracked 
| 255|0x000000008ff00000, 0x000000008ff00000, 0x0000000090000000|  0%| F|  |TAMS 0x000000008ff00000| PB 0x000000008ff00000| Untracked 
| 256|0x0000000090000000, 0x0000000090000000, 0x0000000090100000|  0%| F|  |TAMS 0x0000000090000000| PB 0x0000000090000000| Untracked 
| 257|0x0000000090100000, 0x0000000090100000, 0x0000000090200000|  0%| F|  |TAMS 0x0000000090100000| PB 0x0000000090100000| Untracked 
| 258|0x0000000090200000, 0x0000000090200000, 0x0000000090300000|  0%| F|  |TAMS 0x0000000090200000| PB 0x0000000090200000| Untracked 
| 259|0x0000000090300000, 0x0000000090300000, 0x0000000090400000|  0%| F|  |TAMS 0x0000000090300000| PB 0x0000000090300000| Untracked 
| 260|0x0000000090400000, 0x0000000090400000, 0x0000000090500000|  0%| F|  |TAMS 0x0000000090400000| PB 0x0000000090400000| Untracked 
| 261|0x0000000090500000, 0x0000000090500000, 0x0000000090600000|  0%| F|  |TAMS 0x0000000090500000| PB 0x0000000090500000| Untracked 
| 262|0x0000000090600000, 0x0000000090600000, 0x0000000090700000|  0%| F|  |TAMS 0x0000000090600000| PB 0x0000000090600000| Untracked 
| 263|0x0000000090700000, 0x0000000090700000, 0x0000000090800000|  0%| F|  |TAMS 0x0000000090700000| PB 0x0000000090700000| Untracked 
| 264|0x0000000090800000, 0x0000000090800000, 0x0000000090900000|  0%| F|  |TAMS 0x0000000090800000| PB 0x0000000090800000| Untracked 
| 265|0x0000000090900000, 0x0000000090900000, 0x0000000090a00000|  0%| F|  |TAMS 0x0000000090900000| PB 0x0000000090900000| Untracked 
| 266|0x0000000090a00000, 0x0000000090a00000, 0x0000000090b00000|  0%| F|  |TAMS 0x0000000090a00000| PB 0x0000000090a00000| Untracked 
| 267|0x0000000090b00000, 0x0000000090b00000, 0x0000000090c00000|  0%| F|  |TAMS 0x0000000090b00000| PB 0x0000000090b00000| Untracked 
| 268|0x0000000090c00000, 0x0000000090c00000, 0x0000000090d00000|  0%| F|  |TAMS 0x0000000090c00000| PB 0x0000000090c00000| Untracked 
| 269|0x0000000090d00000, 0x0000000090d00000, 0x0000000090e00000|  0%| F|  |TAMS 0x0000000090d00000| PB 0x0000000090d00000| Untracked 
| 270|0x0000000090e00000, 0x0000000090e00000, 0x0000000090f00000|  0%| F|  |TAMS 0x0000000090e00000| PB 0x0000000090e00000| Untracked 
| 271|0x0000000090f00000, 0x0000000090f00000, 0x0000000091000000|  0%| F|  |TAMS 0x0000000090f00000| PB 0x0000000090f00000| Untracked 
| 272|0x0000000091000000, 0x0000000091100000, 0x0000000091100000|100%| E|  |TAMS 0x0000000091000000| PB 0x0000000091000000| Complete 
| 273|0x0000000091100000, 0x0000000091200000, 0x0000000091200000|100%| E|CS|TAMS 0x0000000091100000| PB 0x0000000091100000| Complete 
| 274|0x0000000091200000, 0x0000000091300000, 0x0000000091300000|100%| E|CS|TAMS 0x0000000091200000| PB 0x0000000091200000| Complete 
| 275|0x0000000091300000, 0x0000000091400000, 0x0000000091400000|100%| E|CS|TAMS 0x0000000091300000| PB 0x0000000091300000| Complete 
| 276|0x0000000091400000, 0x0000000091500000, 0x0000000091500000|100%| E|CS|TAMS 0x0000000091400000| PB 0x0000000091400000| Complete 
| 277|0x0000000091500000, 0x0000000091600000, 0x0000000091600000|100%| E|CS|TAMS 0x0000000091500000| PB 0x0000000091500000| Complete 
| 278|0x0000000091600000, 0x0000000091700000, 0x0000000091700000|100%| E|CS|TAMS 0x0000000091600000| PB 0x0000000091600000| Complete 
| 279|0x0000000091700000, 0x0000000091800000, 0x0000000091800000|100%| E|CS|TAMS 0x0000000091700000| PB 0x0000000091700000| Complete 
| 280|0x0000000091800000, 0x0000000091900000, 0x0000000091900000|100%| E|CS|TAMS 0x0000000091800000| PB 0x0000000091800000| Complete 
| 281|0x0000000091900000, 0x0000000091a00000, 0x0000000091a00000|100%| E|CS|TAMS 0x0000000091900000| PB 0x0000000091900000| Complete 
|2035|0x00000000ff300000, 0x00000000ff400000, 0x00000000ff400000|100%| O|  |TAMS 0x00000000ff400000| PB 0x00000000ff300000| Untracked 
|2036|0x00000000ff400000, 0x00000000ff500000, 0x00000000ff500000|100%| E|CS|TAMS 0x00000000ff400000| PB 0x00000000ff400000| Complete 
|2037|0x00000000ff500000, 0x00000000ff600000, 0x00000000ff600000|100%| O|  |TAMS 0x00000000ff600000| PB 0x00000000ff500000| Untracked 
|2038|0x00000000ff600000, 0x00000000ff700000, 0x00000000ff700000|100%| O|  |TAMS 0x00000000ff700000| PB 0x00000000ff600000| Untracked 
|2039|0x00000000ff700000, 0x00000000ff800000, 0x00000000ff800000|100%| O|  |TAMS 0x00000000ff800000| PB 0x00000000ff700000| Untracked 
|2040|0x00000000ff800000, 0x00000000ff900000, 0x00000000ff900000|100%| O|  |TAMS 0x00000000ff900000| PB 0x00000000ff800000| Untracked 
|2041|0x00000000ff900000, 0x00000000ffa00000, 0x00000000ffa00000|100%| O|  |TAMS 0x00000000ffa00000| PB 0x00000000ff900000| Untracked 
|2042|0x00000000ffa00000, 0x00000000ffb00000, 0x00000000ffb00000|100%| O|  |TAMS 0x00000000ffb00000| PB 0x00000000ffa00000| Untracked 
|2043|0x00000000ffb00000, 0x00000000ffc00000, 0x00000000ffc00000|100%| O|  |TAMS 0x00000000ffc00000| PB 0x00000000ffb00000| Untracked 
|2044|0x00000000ffc00000, 0x00000000ffd00000, 0x00000000ffd00000|100%| O|  |TAMS 0x00000000ffd00000| PB 0x00000000ffc00000| Untracked 
|2045|0x00000000ffd00000, 0x00000000ffe00000, 0x00000000ffe00000|100%| E|CS|TAMS 0x00000000ffd00000| PB 0x00000000ffd00000| Complete 
|2046|0x00000000ffe00000, 0x00000000fff00000, 0x00000000fff00000|100%| O|  |TAMS 0x00000000fff00000| PB 0x00000000ffe00000| Untracked 
|2047|0x00000000fff00000, 0x0000000100000000, 0x0000000100000000|100%| O|  |TAMS 0x0000000100000000| PB 0x00000000fff00000| Untracked 

Card table byte_map: [0x00000242467b0000,0x0000024246bb0000] _byte_map_base: 0x00000242463b0000

Marking Bits: (CMBitMap*) 0x000002423212d2e0
 Bits: [0x0000024246bb0000, 0x0000024248bb0000)

Polling page: 0x0000024232270000

Metaspace:

Usage:
  Non-class:    117.21 MB used.
      Class:     17.68 MB used.
       Both:    134.90 MB used.

Virtual space:
  Non-class space:      128.00 MB reserved,     118.38 MB ( 92%) committed,  2 nodes.
      Class space:        1.00 GB reserved,      18.94 MB (  2%) committed,  1 nodes.
             Both:        1.12 GB reserved,     137.31 MB ( 12%) committed. 

Chunk freelists:
   Non-Class:  9.56 MB
       Class:  12.98 MB
        Both:  22.55 MB

MaxMetaspaceSize: unlimited
CompressedClassSpaceSize: 1.00 GB
Initial GC threshold: 21.00 MB
Current GC threshold: 211.25 MB
CDS: off
 - commit_granule_bytes: 65536.
 - commit_granule_words: 8192.
 - virtual_space_node_default_size: 8388608.
 - enlarge_chunks_in_place: 1.
 - use_allocation_guard: 0.


Internal statistics:

num_allocs_failed_limit: 6.
num_arena_births: 4718.
num_arena_deaths: 0.
num_vsnodes_births: 3.
num_vsnodes_deaths: 0.
num_space_committed: 2195.
num_space_uncommitted: 0.
num_chunks_returned_to_freelist: 6.
num_chunks_taken_from_freelist: 10356.
num_chunk_merges: 6.
num_chunk_splits: 7082.
num_chunks_enlarged: 4716.
num_inconsistent_stats: 0.

CodeHeap 'non-profiled nmethods': size=120000Kb used=8363Kb max_used=8363Kb free=111636Kb
 bounds [0x000002423ee80000, 0x000002423f6b0000, 0x00000242463b0000]
CodeHeap 'profiled nmethods': size=120000Kb used=27577Kb max_used=27577Kb free=92422Kb
 bounds [0x00000242373b0000, 0x0000024238ea0000, 0x000002423e8e0000]
CodeHeap 'non-nmethods': size=5760Kb used=2939Kb max_used=3038Kb free=2820Kb
 bounds [0x000002423e8e0000, 0x000002423ec00000, 0x000002423ee80000]
 total_blobs=14535 nmethods=13499 adapters=938
 compilation: enabled
              stopped_count=0, restarted_count=0
 full_count=0

Compilation events (20 events):
Event: 198.468 Thread 0x000002424b2d3cc0 15510       4       org.gradle.internal.model.CalculatedValueContainer::getValue (35 bytes)
Event: 198.468 Thread 0x000002424b2d4760 15511       3       org.gradle.api.internal.initialization.DefaultScriptClassPathResolver$$Lambda/0x00000001008278d8::isSatisfiedBy (8 bytes)
Event: 198.468 Thread 0x000002424b2d3cc0 nmethod 15510 0x000002423f69d810 code [0x000002423f69d980, 0x000002423f69da30]
Event: 198.468 Thread 0x000002424b2d4760 nmethod 15511 0x0000024238e6a710 code [0x0000024238e6a8e0, 0x0000024238e6aed8]
Event: 198.469 Thread 0x000002424b2d4760 15512       3       org.gradle.internal.classpath.TransformedClassPath$FileMarker::of (25 bytes)
Event: 198.470 Thread 0x000002424b2d4760 nmethod 15512 0x0000024238e6b010 code [0x0000024238e6b1c0, 0x0000024238e6b480]
Event: 198.470 Thread 0x000002424b2d4760 15513       3       org.gradle.internal.classpath.TransformedClassPath::areInstrumentedAndOriginalEntriesValid (68 bytes)
Event: 198.471 Thread 0x000002424b2d4760 nmethod 15513 0x0000024238e6b590 code [0x0000024238e6b880, 0x0000024238e6c460]
Event: 198.471 Thread 0x000002424b2d4760 15514       3       org.gradle.internal.classpath.TransformedClassPath::putIfAbsent (20 bytes)
Event: 198.471 Thread 0x000002424b2d4760 nmethod 15514 0x0000024238e6c910 code [0x0000024238e6cac0, 0x0000024238e6cd80]
Event: 198.471 Thread 0x000002424b2d4760 15515       3       org.gradle.internal.classpath.TransformedClassPath$Builder::add (28 bytes)
Event: 198.472 Thread 0x000002424b2d4760 nmethod 15515 0x0000024238e6ce90 code [0x0000024238e6d0a0, 0x0000024238e6d7c8]
Event: 198.472 Thread 0x000002424b2d4760 15516       3       org.gradle.api.internal.plugins.DefaultPluginRegistry$PluginIdLookupCacheKey::equals (63 bytes)
Event: 198.472 Thread 0x000002424b2d4760 nmethod 15516 0x0000024238e6db10 code [0x0000024238e6dd00, 0x0000024238e6e270]
Event: 198.472 Thread 0x000002424b2d4760 15517   !   3       org.gradle.api.internal.plugins.DefaultPluginRegistry::uncheckedGet (17 bytes)
Event: 198.472 Thread 0x000002424b2d4760 nmethod 15517 0x0000024238e6e410 code [0x0000024238e6e600, 0x0000024238e6e9a8]
Event: 198.473 Thread 0x000002424b2d4760 15518       3       org.gradle.util.Path::toString (5 bytes)
Event: 198.473 Thread 0x000002424b2d4760 nmethod 15518 0x0000024238e6ec10 code [0x0000024238e6edc0, 0x0000024238e6f000]
Event: 198.473 Thread 0x000002424b2d4760 15519       1       org.gradle.internal.resources.AbstractResourceLockRegistry$ThreadLockDetails::access$100 (5 bytes)
Event: 198.473 Thread 0x000002424b2d4760 nmethod 15519 0x000002423f69db10 code [0x000002423f69dca0, 0x000002423f69dd50]

GC Heap History (20 events):
Event: 22.607 GC heap before
{Heap before GC invocations=39 (full 0):
 garbage-first heap   total 205824K, used 184807K [0x0000000080000000, 0x0000000100000000)
  region size 1024K, 62 young (63488K), 5 survivors (5120K)
 Metaspace       used 96602K, committed 98752K, reserved 1179648K
  class space    used 12915K, committed 14016K, reserved 1048576K
}
Event: 22.619 GC heap after
{Heap after GC invocations=40 (full 0):
 garbage-first heap   total 205824K, used 131404K [0x0000000080000000, 0x0000000100000000)
  region size 1024K, 8 young (8192K), 8 survivors (8192K)
 Metaspace       used 96602K, committed 98752K, reserved 1179648K
  class space    used 12915K, committed 14016K, reserved 1048576K
}
Event: 23.500 GC heap before
{Heap before GC invocations=41 (full 0):
 garbage-first heap   total 220160K, used 184652K [0x0000000080000000, 0x0000000100000000)
  region size 1024K, 60 young (61440K), 8 survivors (8192K)
 Metaspace       used 106046K, committed 108224K, reserved 1179648K
  class space    used 14560K, committed 15680K, reserved 1048576K
}
Event: 23.512 GC heap after
{Heap after GC invocations=42 (full 0):
 garbage-first heap   total 220160K, used 133895K [0x0000000080000000, 0x0000000100000000)
  region size 1024K, 3 young (3072K), 3 survivors (3072K)
 Metaspace       used 106046K, committed 108224K, reserved 1179648K
  class space    used 14560K, committed 15680K, reserved 1048576K
}
Event: 24.015 GC heap before
{Heap before GC invocations=42 (full 0):
 garbage-first heap   total 220160K, used 205575K [0x0000000080000000, 0x0000000100000000)
  region size 1024K, 66 young (67584K), 3 survivors (3072K)
 Metaspace       used 107005K, committed 109184K, reserved 1179648K
  class space    used 14645K, committed 15744K, reserved 1048576K
}
Event: 24.046 GC heap after
{Heap after GC invocations=43 (full 0):
 garbage-first heap   total 228352K, used 150016K [0x0000000080000000, 0x0000000100000000)
  region size 1024K, 9 young (9216K), 9 survivors (9216K)
 Metaspace       used 107005K, committed 109184K, reserved 1179648K
  class space    used 14645K, committed 15744K, reserved 1048576K
}
Event: 24.535 GC heap before
{Heap before GC invocations=43 (full 0):
 garbage-first heap   total 228352K, used 203264K [0x0000000080000000, 0x0000000100000000)
  region size 1024K, 61 young (62464K), 9 survivors (9216K)
 Metaspace       used 109392K, committed 111488K, reserved 1179648K
  class space    used 14931K, committed 16000K, reserved 1048576K
}
Event: 24.563 GC heap after
{Heap after GC invocations=44 (full 0):
 garbage-first heap   total 228352K, used 161254K [0x0000000080000000, 0x0000000100000000)
  region size 1024K, 8 young (8192K), 8 survivors (8192K)
 Metaspace       used 109392K, committed 111488K, reserved 1179648K
  class space    used 14931K, committed 16000K, reserved 1048576K
}
Event: 25.246 GC heap before
{Heap before GC invocations=45 (full 0):
 garbage-first heap   total 270336K, used 212454K [0x0000000080000000, 0x0000000100000000)
  region size 1024K, 51 young (52224K), 8 survivors (8192K)
 Metaspace       used 113111K, committed 115328K, reserved 1179648K
  class space    used 15332K, committed 16448K, reserved 1048576K
}
Event: 25.263 GC heap after
{Heap after GC invocations=46 (full 0):
 garbage-first heap   total 270336K, used 174080K [0x0000000080000000, 0x0000000100000000)
  region size 1024K, 5 young (5120K), 5 survivors (5120K)
 Metaspace       used 113111K, committed 115328K, reserved 1179648K
  class space    used 15332K, committed 16448K, reserved 1048576K
}
Event: 26.182 GC heap before
{Heap before GC invocations=46 (full 0):
 garbage-first heap   total 270336K, used 238592K [0x0000000080000000, 0x0000000100000000)
  region size 1024K, 69 young (70656K), 5 survivors (5120K)
 Metaspace       used 121421K, committed 123840K, reserved 1179648K
  class space    used 16241K, committed 17472K, reserved 1048576K
}
Event: 26.195 GC heap after
{Heap after GC invocations=47 (full 0):
 garbage-first heap   total 270336K, used 176236K [0x0000000080000000, 0x0000000100000000)
  region size 1024K, 9 young (9216K), 9 survivors (9216K)
 Metaspace       used 121421K, committed 123840K, reserved 1179648K
  class space    used 16241K, committed 17472K, reserved 1048576K
}
Event: 27.066 GC heap before
{Heap before GC invocations=47 (full 0):
 garbage-first heap   total 270336K, used 216172K [0x0000000080000000, 0x0000000100000000)
  region size 1024K, 49 young (50176K), 9 survivors (9216K)
 Metaspace       used 126904K, committed 129408K, reserved 1179648K
  class space    used 16897K, committed 18176K, reserved 1048576K
}
Event: 27.080 GC heap after
{Heap after GC invocations=48 (full 0):
 garbage-first heap   total 270336K, used 179350K [0x0000000080000000, 0x0000000100000000)
  region size 1024K, 7 young (7168K), 7 survivors (7168K)
 Metaspace       used 126904K, committed 129408K, reserved 1179648K
  class space    used 16897K, committed 18176K, reserved 1048576K
}
Event: 28.205 GC heap before
{Heap before GC invocations=49 (full 0):
 garbage-first heap   total 302080K, used 246934K [0x0000000080000000, 0x0000000100000000)
  region size 1024K, 72 young (73728K), 7 survivors (7168K)
 Metaspace       used 129433K, committed 131904K, reserved 1179648K
  class space    used 17166K, committed 18432K, reserved 1048576K
}
Event: 28.218 GC heap after
{Heap after GC invocations=50 (full 0):
 garbage-first heap   total 302080K, used 184880K [0x0000000080000000, 0x0000000100000000)
  region size 1024K, 8 young (8192K), 8 survivors (8192K)
 Metaspace       used 129433K, committed 131904K, reserved 1179648K
  class space    used 17166K, committed 18432K, reserved 1048576K
}
Event: 30.115 GC heap before
{Heap before GC invocations=50 (full 0):
 garbage-first heap   total 302080K, used 269872K [0x0000000080000000, 0x0000000100000000)
  region size 1024K, 91 young (93184K), 8 survivors (8192K)
 Metaspace       used 135316K, committed 137792K, reserved 1179648K
  class space    used 17750K, committed 19008K, reserved 1048576K
}
Event: 30.141 GC heap after
{Heap after GC invocations=51 (full 0):
 garbage-first heap   total 302080K, used 191376K [0x0000000080000000, 0x0000000100000000)
  region size 1024K, 12 young (12288K), 12 survivors (12288K)
 Metaspace       used 135316K, committed 137792K, reserved 1179648K
  class space    used 17750K, committed 19008K, reserved 1048576K
}
Event: 198.291 GC heap before
{Heap before GC invocations=51 (full 0):
 garbage-first heap   total 302080K, used 272272K [0x0000000080000000, 0x0000000100000000)
  region size 1024K, 92 young (94208K), 12 survivors (12288K)
 Metaspace       used 137522K, committed 140032K, reserved 1179648K
  class space    used 18027K, committed 19328K, reserved 1048576K
}
Event: 198.313 GC heap after
{Heap after GC invocations=52 (full 0):
 garbage-first heap   total 302080K, used 197632K [0x0000000080000000, 0x0000000100000000)
  region size 1024K, 6 young (6144K), 6 survivors (6144K)
 Metaspace       used 137522K, committed 140032K, reserved 1179648K
  class space    used 18027K, committed 19328K, reserved 1048576K
}

Dll operation events (3 events):
Event: 0.013 Loaded shared library C:\Program Files\Android\Android Studio1\jbr\bin\java.dll
Event: 0.023 Loaded shared library C:\Program Files\Android\Android Studio1\jbr\bin\zip.dll
Event: 0.933 Loaded shared library C:\Program Files\Android\Android Studio1\jbr\bin\verify.dll

Deoptimization events (20 events):
Event: 198.285 Thread 0x0000024251e73160 Uncommon trap: trap_request=0xffffff45 fr.pc=0x000002423f39f444 relative=0x0000000000001104
Event: 198.285 Thread 0x0000024251e73160 Uncommon trap: reason=unstable_if action=reinterpret pc=0x000002423f39f444 method=java.util.concurrent.ConcurrentHashMap.putVal(Ljava/lang/Object;Ljava/lang/Object;Z)Ljava/lang/Object; @ 197 c2
Event: 198.285 Thread 0x0000024251e73160 DEOPT PACKING pc=0x000002423f39f444 sp=0x000000970fbfd8a0
Event: 198.285 Thread 0x0000024251e73160 DEOPT UNPACKING pc=0x000002423e9346a2 sp=0x000000970fbfd830 mode 2
Event: 198.449 Thread 0x000002425e62a140 Uncommon trap: trap_request=0xffffffd6 fr.pc=0x000002423f69ab9c relative=0x000000000000195c
Event: 198.449 Thread 0x000002425e62a140 Uncommon trap: reason=array_check action=maybe_recompile pc=0x000002423f69ab9c method=java.util.TimSort.reverseRange([Ljava/lang/Object;II)V @ 20 c2
Event: 198.449 Thread 0x000002425e62a140 DEOPT PACKING pc=0x000002423f69ab9c sp=0x000000970ddf5f90
Event: 198.449 Thread 0x000002425e62a140 DEOPT UNPACKING pc=0x000002423e9346a2 sp=0x000000970ddf5e28 mode 2
Event: 198.449 Thread 0x000002425e62a140 Uncommon trap: trap_request=0xffffffd6 fr.pc=0x000002423f69ab9c relative=0x000000000000195c
Event: 198.449 Thread 0x000002425e62a140 Uncommon trap: reason=array_check action=maybe_recompile pc=0x000002423f69ab9c method=java.util.TimSort.reverseRange([Ljava/lang/Object;II)V @ 20 c2
Event: 198.449 Thread 0x000002425e62a140 DEOPT PACKING pc=0x000002423f69ab9c sp=0x000000970ddf5f90
Event: 198.449 Thread 0x000002425e62a140 DEOPT UNPACKING pc=0x000002423e9346a2 sp=0x000000970ddf5e28 mode 2
Event: 198.449 Thread 0x000002425e62a140 Uncommon trap: trap_request=0xffffffd6 fr.pc=0x000002423f69ab9c relative=0x000000000000195c
Event: 198.449 Thread 0x000002425e62a140 Uncommon trap: reason=array_check action=maybe_recompile pc=0x000002423f69ab9c method=java.util.TimSort.reverseRange([Ljava/lang/Object;II)V @ 20 c2
Event: 198.449 Thread 0x000002425e62a140 DEOPT PACKING pc=0x000002423f69ab9c sp=0x000000970ddf5f90
Event: 198.449 Thread 0x000002425e62a140 DEOPT UNPACKING pc=0x000002423e9346a2 sp=0x000000970ddf5e28 mode 2
Event: 198.449 Thread 0x000002425e62a140 Uncommon trap: trap_request=0xffffffd6 fr.pc=0x000002423f69ab9c relative=0x000000000000195c
Event: 198.449 Thread 0x000002425e62a140 Uncommon trap: reason=array_check action=maybe_recompile pc=0x000002423f69ab9c method=java.util.TimSort.reverseRange([Ljava/lang/Object;II)V @ 20 c2
Event: 198.449 Thread 0x000002425e62a140 DEOPT PACKING pc=0x000002423f69ab9c sp=0x000000970ddf5f90
Event: 198.449 Thread 0x000002425e62a140 DEOPT UNPACKING pc=0x000002423e9346a2 sp=0x000000970ddf5e28 mode 2

Classes loaded (20 events):
Event: 31.170 Loading class java/lang/invoke/WrongMethodTypeException
Event: 31.170 Loading class java/lang/invoke/WrongMethodTypeException done
Event: 31.501 Loading class java/util/concurrent/ConcurrentLinkedQueue$Itr
Event: 31.501 Loading class java/util/concurrent/ConcurrentLinkedQueue$Itr done
Event: 31.616 Loading class java/util/Collections$EmptyListIterator
Event: 31.617 Loading class java/util/Collections$EmptyListIterator done
Event: 31.846 Loading class java/time/Instant$1
Event: 31.846 Loading class java/time/Instant$1 done
Event: 31.894 Loading class java/util/IdentityHashMap$KeyIterator
Event: 31.894 Loading class java/util/IdentityHashMap$KeyIterator done
Event: 31.959 Loading class java/net/UrlDeserializedState
Event: 31.959 Loading class java/net/UrlDeserializedState done
Event: 31.960 Loading class java/net/Proxy
Event: 31.960 Loading class java/net/Proxy done
Event: 31.965 Loading class java/util/concurrent/CompletableFuture$AsyncRun
Event: 31.965 Loading class java/util/concurrent/CompletableFuture$AsyncRun done
Event: 31.965 Loading class java/util/concurrent/ForkJoinTask$Aux
Event: 31.965 Loading class java/util/concurrent/ForkJoinTask$Aux done
Event: 194.372 Loading class jdk/internal/math/FormattedFPDecimal
Event: 194.373 Loading class jdk/internal/math/FormattedFPDecimal done

Classes unloaded (0 events):
No events

Classes redefined (0 events):
No events

Internal exceptions (20 events):
Event: 194.914 Thread 0x0000024251e793d0 Exception <a 'sun/nio/fs/WindowsException'{0x000000008fa91ba8}> (0x000000008fa91ba8) 
thrown [s\src\hotspot\share\prims\jni.cpp, line 535]
Event: 194.932 Thread 0x0000024251e793d0 Exception <a 'sun/nio/fs/WindowsException'{0x000000008fa9dcd8}> (0x000000008fa9dcd8) 
thrown [s\src\hotspot\share\prims\jni.cpp, line 535]
Event: 194.948 Thread 0x000002425e62a140 Exception <a 'java/lang/ClassNotFoundException'{0x000000008f904d18}: sync_studio_tooling2_9sey72rrcxawb0p4qiuhq4ld9BeanInfo> (0x000000008f904d18) 
thrown [s\src\hotspot\share\classfile\systemDictionary.cpp, line 312]
Event: 194.949 Thread 0x000002425e62a140 Exception <a 'java/lang/ClassNotFoundException'{0x000000008f90b7b8}: sync_studio_tooling2_9sey72rrcxawb0p4qiuhq4ld9Customizer> (0x000000008f90b7b8) 
thrown [s\src\hotspot\share\classfile\systemDictionary.cpp, line 312]
Event: 194.962 Thread 0x000002425e62a140 Exception <a 'java/lang/ClassNotFoundException'{0x000000008f955d30}: sync_studio_tooling2_9sey72rrcxawb0p4qiuhq4ld9$_run_closure1BeanInfo> (0x000000008f955d30) 
thrown [s\src\hotspot\share\classfile\systemDictionary.cpp, line 312]
Event: 194.962 Thread 0x000002425e62a140 Exception <a 'java/lang/ClassNotFoundException'{0x000000008f95d188}: sync_studio_tooling2_9sey72rrcxawb0p4qiuhq4ld9$_run_closure1Customizer> (0x000000008f95d188) 
thrown [s\src\hotspot\share\classfile\systemDictionary.cpp, line 312]
Event: 195.551 Thread 0x0000024251e786b0 Exception <a 'sun/nio/fs/WindowsException'{0x000000008f9d2c08}> (0x000000008f9d2c08) 
thrown [s\src\hotspot\share\prims\jni.cpp, line 535]
Event: 195.552 Thread 0x0000024251e786b0 Exception <a 'sun/nio/fs/WindowsException'{0x000000008f9d32e0}> (0x000000008f9d32e0) 
thrown [s\src\hotspot\share\prims\jni.cpp, line 535]
Event: 195.554 Thread 0x0000024251e786b0 Exception <a 'sun/nio/fs/WindowsException'{0x000000008f8033d8}> (0x000000008f8033d8) 
thrown [s\src\hotspot\share\prims\jni.cpp, line 535]
Event: 195.558 Thread 0x0000024251e786b0 Exception <a 'sun/nio/fs/WindowsException'{0x000000008f812f60}> (0x000000008f812f60) 
thrown [s\src\hotspot\share\prims\jni.cpp, line 535]
Event: 195.560 Thread 0x0000024251e786b0 Exception <a 'sun/nio/fs/WindowsException'{0x000000008f820c68}> (0x000000008f820c68) 
thrown [s\src\hotspot\share\prims\jni.cpp, line 535]
Event: 195.572 Thread 0x000002425e62a140 Exception <a 'java/lang/ClassNotFoundException'{0x000000008f87c9d8}: sync_studio_tooling2_9sey72rrcxawb0p4qiuhq4ld9BeanInfo> (0x000000008f87c9d8) 
thrown [s\src\hotspot\share\classfile\systemDictionary.cpp, line 312]
Event: 195.572 Thread 0x000002425e62a140 Exception <a 'java/lang/ClassNotFoundException'{0x000000008f883408}: sync_studio_tooling2_9sey72rrcxawb0p4qiuhq4ld9Customizer> (0x000000008f883408) 
thrown [s\src\hotspot\share\classfile\systemDictionary.cpp, line 312]
Event: 197.755 Thread 0x000002425e62a140 Exception <a 'sun/nio/fs/WindowsException'{0x000000008f62fff8}> (0x000000008f62fff8) 
thrown [s\src\hotspot\share\prims\jni.cpp, line 535]
Event: 197.756 Thread 0x000002425e62a140 Exception <a 'sun/nio/fs/WindowsException'{0x000000008f631770}> (0x000000008f631770) 
thrown [s\src\hotspot\share\prims\jni.cpp, line 535]
Event: 197.756 Thread 0x000002425e62a140 Exception <a 'sun/nio/fs/WindowsException'{0x000000008f632ee0}> (0x000000008f632ee0) 
thrown [s\src\hotspot\share\prims\jni.cpp, line 535]
Event: 197.756 Thread 0x000002425e62a140 Exception <a 'sun/nio/fs/WindowsException'{0x000000008f634640}> (0x000000008f634640) 
thrown [s\src\hotspot\share\prims\jni.cpp, line 535]
Event: 197.810 Thread 0x000002425e62a140 Exception <a 'sun/nio/fs/WindowsException'{0x000000008e5a97d8}> (0x000000008e5a97d8) 
thrown [s\src\hotspot\share\prims\jni.cpp, line 535]
Event: 197.810 Thread 0x000002425e62a140 Exception <a 'sun/nio/fs/WindowsException'{0x000000008e5aaed0}> (0x000000008e5aaed0) 
thrown [s\src\hotspot\share\prims\jni.cpp, line 535]
Event: 197.810 Thread 0x000002425e62a140 Exception <a 'sun/nio/fs/WindowsException'{0x000000008e5ae728}> (0x000000008e5ae728) 
thrown [s\src\hotspot\share\prims\jni.cpp, line 535]

ZGC Phase Switch (0 events):
No events

VM Operations (20 events):
Event: 147.797 Executing VM operation: Cleanup
Event: 147.797 Executing VM operation: Cleanup done
Event: 153.853 Executing VM operation: Cleanup
Event: 153.853 Executing VM operation: Cleanup done
Event: 156.866 Executing VM operation: Cleanup
Event: 156.866 Executing VM operation: Cleanup done
Event: 163.930 Executing VM operation: Cleanup
Event: 163.930 Executing VM operation: Cleanup done
Event: 194.329 Executing VM operation: Cleanup
Event: 194.345 Executing VM operation: Cleanup done
Event: 194.892 Executing VM operation: HandshakeAllThreads (Deoptimize)
Event: 194.892 Executing VM operation: HandshakeAllThreads (Deoptimize) done
Event: 194.982 Executing VM operation: ICBufferFull
Event: 194.982 Executing VM operation: ICBufferFull done
Event: 196.013 Executing VM operation: Cleanup
Event: 196.013 Executing VM operation: Cleanup done
Event: 198.024 Executing VM operation: Cleanup
Event: 198.024 Executing VM operation: Cleanup done
Event: 198.290 Executing VM operation: G1CollectForAllocation (G1 Evacuation Pause)
Event: 198.313 Executing VM operation: G1CollectForAllocation (G1 Evacuation Pause) done

Memory protections (0 events):
No events

Nmethod flushes (20 events):
Event: 27.417 Thread 0x000002423203b070 flushing  nmethod 0x000002423768c310
Event: 27.417 Thread 0x000002423203b070 flushing  nmethod 0x000002423768e990
Event: 27.417 Thread 0x000002423203b070 flushing  nmethod 0x00000242376f7010
Event: 27.417 Thread 0x000002423203b070 flushing  nmethod 0x000002423775cf90
Event: 27.417 Thread 0x000002423203b070 flushing  nmethod 0x000002423777d890
Event: 27.417 Thread 0x000002423203b070 flushing  nmethod 0x0000024237956910
Event: 27.417 Thread 0x000002423203b070 flushing  nmethod 0x00000242379ad290
Event: 27.417 Thread 0x000002423203b070 flushing  nmethod 0x00000242379ff610
Event: 27.417 Thread 0x000002423203b070 flushing  nmethod 0x0000024237a38090
Event: 27.417 Thread 0x000002423203b070 flushing  nmethod 0x0000024237aad910
Event: 27.417 Thread 0x000002423203b070 flushing  nmethod 0x0000024237d55410
Event: 27.417 Thread 0x000002423203b070 flushing  nmethod 0x0000024237e26210
Event: 27.417 Thread 0x000002423203b070 flushing  nmethod 0x0000024237efe590
Event: 27.417 Thread 0x000002423203b070 flushing  nmethod 0x000002423817b010
Event: 27.417 Thread 0x000002423203b070 flushing  nmethod 0x0000024238187590
Event: 27.417 Thread 0x000002423203b070 flushing  nmethod 0x0000024238210b90
Event: 27.417 Thread 0x000002423203b070 flushing  nmethod 0x0000024238215790
Event: 27.417 Thread 0x000002423203b070 flushing osr nmethod 0x0000024238217090
Event: 27.417 Thread 0x000002423203b070 flushing  nmethod 0x0000024238435590
Event: 27.417 Thread 0x000002423203b070 flushing  nmethod 0x000002423847e710

Events (20 events):
Event: 194.381 Thread 0x000002425e62a140 Thread added: 0x000002425e62c210
Event: 194.415 Thread 0x000002425e62a140 Thread added: 0x0000024253ec3650
Event: 194.427 Thread 0x000002425e62a140 Thread added: 0x0000024253ebd3e0
Event: 194.696 Thread 0x000002425e62a140 Thread added: 0x0000024253ec4370
Event: 194.705 Thread 0x000002425e62a140 Thread added: 0x0000024253ec1580
Event: 194.711 Thread 0x000002425e62a140 Thread added: 0x0000024253ec4a00
Event: 195.005 Thread 0x000002424b2d4760 Thread added: 0x000002425e81d360
Event: 195.523 Thread 0x000002425e81d360 Thread exited: 0x000002425e81d360
Event: 195.529 Thread 0x000002425e62a140 Thread added: 0x0000024253ec01d0
Event: 195.529 Thread 0x000002425e62a140 Thread added: 0x0000024253ebe100
Event: 197.743 Thread 0x000002425e62a140 Thread added: 0x0000024253ebf4b0
Event: 197.744 Thread 0x000002425e62a140 Thread added: 0x0000024253ebe790
Event: 197.744 Thread 0x000002425e62a140 Thread added: 0x0000024253ebee20
Event: 197.831 Thread 0x000002424b2d4760 Thread added: 0x000002425e81d360
Event: 198.188 Thread 0x000002425e62a140 Thread added: 0x0000024253ebfb40
Event: 198.188 Thread 0x000002425e62a140 Thread added: 0x0000024251e78020
Event: 198.189 Thread 0x000002425e62a140 Thread added: 0x0000024251e75f50
Event: 198.260 Thread 0x000002425e62a140 Thread added: 0x0000024251e73160
Event: 198.260 Thread 0x000002425e62a140 Thread added: 0x0000024251e7a0f0
Event: 198.261 Thread 0x000002425e62a140 Thread added: 0x0000024251e7a780


Dynamic libraries:
0x00007ff7af030000 - 0x00007ff7af03a000 	C:\Program Files\Android\Android Studio1\jbr\bin\java.exe
0x00007fff57950000 - 0x00007fff57b48000 	C:\WINDOWS\SYSTEM32\ntdll.dll
0x00007fff57810000 - 0x00007fff578d2000 	C:\WINDOWS\System32\KERNEL32.DLL
0x00007fff550d0000 - 0x00007fff553cf000 	C:\WINDOWS\System32\KERNELBASE.dll
0x00007fff55510000 - 0x00007fff55610000 	C:\WINDOWS\System32\ucrtbase.dll
0x00007fff44ad0000 - 0x00007fff44aeb000 	C:\Program Files\Android\Android Studio1\jbr\bin\VCRUNTIME140.dll
0x00007fff4e350000 - 0x00007fff4e368000 	C:\Program Files\Android\Android Studio1\jbr\bin\jli.dll
0x00007fff57580000 - 0x00007fff5771d000 	C:\WINDOWS\System32\USER32.dll
0x00007fff55020000 - 0x00007fff55042000 	C:\WINDOWS\System32\win32u.dll
0x00007fff47cb0000 - 0x00007fff47f4a000 	C:\WINDOWS\WinSxS\amd64_microsoft.windows.common-controls_6595b64144ccf1df_6.0.19041.4355_none_60b8b9eb71f62e16\COMCTL32.dll
0x00007fff57720000 - 0x00007fff5774b000 	C:\WINDOWS\System32\GDI32.dll
0x00007fff56480000 - 0x00007fff5651e000 	C:\WINDOWS\System32\msvcrt.dll
0x00007fff556b0000 - 0x00007fff557c7000 	C:\WINDOWS\System32\gdi32full.dll
0x00007fff55610000 - 0x00007fff556ad000 	C:\WINDOWS\System32\msvcp_win.dll
0x00007fff574f0000 - 0x00007fff5751f000 	C:\WINDOWS\System32\IMM32.DLL
0x00007fff4e300000 - 0x00007fff4e30c000 	C:\Program Files\Android\Android Studio1\jbr\bin\vcruntime140_1.dll
0x00007fff25e20000 - 0x00007fff25ead000 	C:\Program Files\Android\Android Studio1\jbr\bin\msvcp140.dll
0x00007ffef43b0000 - 0x00007ffef5033000 	C:\Program Files\Android\Android Studio1\jbr\bin\server\jvm.dll
0x00007fff57750000 - 0x00007fff57801000 	C:\WINDOWS\System32\ADVAPI32.dll
0x00007fff56b20000 - 0x00007fff56bbf000 	C:\WINDOWS\System32\sechost.dll
0x00007fff56ce0000 - 0x00007fff56e03000 	C:\WINDOWS\System32\RPCRT4.dll
0x00007fff55050000 - 0x00007fff55077000 	C:\WINDOWS\System32\bcrypt.dll
0x00007fff569e0000 - 0x00007fff56a4b000 	C:\WINDOWS\System32\WS2_32.dll
0x00007fff54e90000 - 0x00007fff54edb000 	C:\WINDOWS\SYSTEM32\POWRPROF.dll
0x00007fff53a40000 - 0x00007fff53a67000 	C:\WINDOWS\SYSTEM32\WINMM.dll
0x00007fff4a3c0000 - 0x00007fff4a3ca000 	C:\WINDOWS\SYSTEM32\VERSION.dll
0x00007fff54e70000 - 0x00007fff54e82000 	C:\WINDOWS\SYSTEM32\UMPDC.dll
0x00007fff52930000 - 0x00007fff52942000 	C:\WINDOWS\SYSTEM32\kernel.appcore.dll
0x00007fff4e270000 - 0x00007fff4e27a000 	C:\Program Files\Android\Android Studio1\jbr\bin\jimage.dll
0x00007fff469d0000 - 0x00007fff46bb4000 	C:\WINDOWS\SYSTEM32\DBGHELP.DLL
0x00007fff465a0000 - 0x00007fff465d4000 	C:\WINDOWS\SYSTEM32\dbgcore.DLL
0x00007fff55480000 - 0x00007fff55502000 	C:\WINDOWS\System32\bcryptPrimitives.dll
0x00007fff4d610000 - 0x00007fff4d61e000 	C:\Program Files\Android\Android Studio1\jbr\bin\instrument.dll
0x00007fff3e840000 - 0x00007fff3e860000 	C:\Program Files\Android\Android Studio1\jbr\bin\java.dll
0x00007fff3a070000 - 0x00007fff3a088000 	C:\Program Files\Android\Android Studio1\jbr\bin\zip.dll
0x00007fff55930000 - 0x00007fff5609e000 	C:\WINDOWS\System32\SHELL32.dll
0x00007fff52b30000 - 0x00007fff532d4000 	C:\WINDOWS\SYSTEM32\windows.storage.dll
0x00007fff56520000 - 0x00007fff56875000 	C:\WINDOWS\System32\combase.dll
0x00007fff548e0000 - 0x00007fff5490f000 	C:\WINDOWS\SYSTEM32\Wldp.dll
0x00007fff56a50000 - 0x00007fff56b1d000 	C:\WINDOWS\System32\OLEAUT32.dll
0x00007fff562f0000 - 0x00007fff5639d000 	C:\WINDOWS\System32\SHCORE.dll
0x00007fff56100000 - 0x00007fff56155000 	C:\WINDOWS\System32\shlwapi.dll
0x00007fff54ee0000 - 0x00007fff54f04000 	C:\WINDOWS\SYSTEM32\profapi.dll
0x00007fff452b0000 - 0x00007fff452c0000 	C:\Program Files\Android\Android Studio1\jbr\bin\net.dll
0x00007fff4d9e0000 - 0x00007fff4daed000 	C:\WINDOWS\SYSTEM32\WINHTTP.dll
0x00007fff54610000 - 0x00007fff5467a000 	C:\WINDOWS\system32\mswsock.dll
0x00007fff37c40000 - 0x00007fff37c56000 	C:\Program Files\Android\Android Studio1\jbr\bin\nio.dll
0x00007fff4bb20000 - 0x00007fff4bb30000 	C:\Program Files\Android\Android Studio1\jbr\bin\verify.dll
0x00007fff38230000 - 0x00007fff38257000 	C:\Users\Lena\.gradle\native\c067742578af261105cb4f569cf0c3c89f3d7b1fecec35dd04571415982c5e48\windows-amd64\native-platform.dll
0x00007fff228c0000 - 0x00007fff22a04000 	C:\Users\Lena\.gradle\native\100fb08df4bc3b14c8652ba06237920a3bd2aa13389f12d3474272988ae205f9\windows-amd64\native-platform-file-events.dll
0x00007fff44b70000 - 0x00007fff44b79000 	C:\Program Files\Android\Android Studio1\jbr\bin\management.dll
0x00007fff44b60000 - 0x00007fff44b6b000 	C:\Program Files\Android\Android Studio1\jbr\bin\management_ext.dll
0x00007fff56460000 - 0x00007fff56468000 	C:\WINDOWS\System32\PSAPI.DLL
0x00007fff54830000 - 0x00007fff54848000 	C:\WINDOWS\SYSTEM32\CRYPTSP.dll
0x00007fff54810000 - 0x00007fff54827000 	C:\Program Files\Common Files\Crypto Pro\AppCompat\cpadvai.dll
0x00007fff53f30000 - 0x00007fff53f64000 	C:\WINDOWS\system32\rsaenh.dll
0x00007fff54e30000 - 0x00007fff54e5e000 	C:\WINDOWS\SYSTEM32\USERENV.dll
0x00007fff54850000 - 0x00007fff5485c000 	C:\WINDOWS\SYSTEM32\CRYPTBASE.dll
0x00007fff542f0000 - 0x00007fff5432b000 	C:\WINDOWS\SYSTEM32\IPHLPAPI.DLL
0x00007fff56450000 - 0x00007fff56458000 	C:\WINDOWS\System32\NSI.dll
0x00007fff4e330000 - 0x00007fff4e339000 	C:\Program Files\Android\Android Studio1\jbr\bin\extnet.dll
0x00007fff451a0000 - 0x00007fff451a7000 	C:\WINDOWS\system32\wshunix.dll

dbghelp: loaded successfully - version: 4.0.5 - missing functions: none
symbol engine: initialized successfully - sym options: 0x614 - pdb path: .;C:\Program Files\Android\Android Studio1\jbr\bin;C:\WINDOWS\SYSTEM32;C:\WINDOWS\WinSxS\amd64_microsoft.windows.common-controls_6595b64144ccf1df_6.0.19041.4355_none_60b8b9eb71f62e16;C:\Program Files\Android\Android Studio1\jbr\bin\server;C:\Users\Lena\.gradle\native\c067742578af261105cb4f569cf0c3c89f3d7b1fecec35dd04571415982c5e48\windows-amd64;C:\Users\Lena\.gradle\native\100fb08df4bc3b14c8652ba06237920a3bd2aa13389f12d3474272988ae205f9\windows-amd64;C:\Program Files\Common Files\Crypto Pro\AppCompat

VM Arguments:
jvm_args: --add-opens=java.base/java.util=ALL-UNNAMED --add-opens=java.base/java.lang=ALL-UNNAMED --add-opens=java.base/java.lang.invoke=ALL-UNNAMED --add-opens=java.prefs/java.util.prefs=ALL-UNNAMED --add-exports=jdk.compiler/com.sun.tools.javac.api=ALL-UNNAMED --add-exports=jdk.compiler/com.sun.tools.javac.util=ALL-UNNAMED --add-opens=java.base/java.nio.charset=ALL-UNNAMED --add-opens=java.base/java.net=ALL-UNNAMED --add-opens=java.base/java.util.concurrent.atomic=ALL-UNNAMED -Xmx2048m -Dfile.encoding=UTF-8 -Duser.country=RU -Duser.language=ru -Duser.variant -javaagent:C:\Users\Lena\.gradle\wrapper\dists\gradle-8.10.2-bin\a04bxjujx95o3nb99gddekhwo\gradle-8.10.2\lib\agents\gradle-instrumentation-agent-8.10.2.jar 
java_command: org.gradle.launcher.daemon.bootstrap.GradleDaemon 8.10.2
java_class_path (initial): C:\Users\Lena\.gradle\wrapper\dists\gradle-8.10.2-bin\a04bxjujx95o3nb99gddekhwo\gradle-8.10.2\lib\gradle-daemon-main-8.10.2.jar
Launcher Type: SUN_STANDARD

[Global flags]
     intx CICompilerCount                          = 3                                         {product} {ergonomic}
     uint ConcGCThreads                            = 1                                         {product} {ergonomic}
     uint G1ConcRefinementThreads                  = 4                                         {product} {ergonomic}
   size_t G1HeapRegionSize                         = 1048576                                   {product} {ergonomic}
    uintx GCDrainStackTargetSize                   = 64                                        {product} {ergonomic}
   size_t InitialHeapSize                          = 268435456                                 {product} {ergonomic}
   size_t MarkStackSize                            = 4194304                                   {product} {ergonomic}
   size_t MaxHeapSize                              = 2147483648                                {product} {command line}
   size_t MaxNewSize                               = 1287651328                                {product} {ergonomic}
   size_t MinHeapDeltaBytes                        = 1048576                                   {product} {ergonomic}
   size_t MinHeapSize                              = 8388608                                   {product} {ergonomic}
    uintx NonNMethodCodeHeapSize                   = 5832780                                {pd product} {ergonomic}
    uintx NonProfiledCodeHeapSize                  = 122912730                              {pd product} {ergonomic}
    uintx ProfiledCodeHeapSize                     = 122912730                              {pd product} {ergonomic}
    uintx ReservedCodeCacheSize                    = 251658240                              {pd product} {ergonomic}
     bool SegmentedCodeCache                       = true                                      {product} {ergonomic}
   size_t SoftMaxHeapSize                          = 2147483648                             {manageable} {ergonomic}
     bool UseCompressedOops                        = true                           {product lp64_product} {ergonomic}
     bool UseG1GC                                  = true                                      {product} {ergonomic}
     bool UseLargePagesIndividualAllocation        = false                                  {pd product} {ergonomic}

Logging:
Log output configuration:
 #0: stdout all=warning uptime,level,tags foldmultilines=false
 #1: stderr all=off uptime,level,tags foldmultilines=false

Environment Variables:
PATH=C:\ProgramData\Oracle\Java\javapath;C:\Program Files (x86)\Intel\iCLS Client\;C:\Program Files\Intel\iCLS Client\;C:\WINDOWS\system32;C:\WINDOWS;C:\WINDOWS\System32\Wbem;C:\WINDOWS\System32\WindowsPowerShell\v1.0\;C:\Program Files (x86)\Intel\Intel(R) Management Engine Components\DAL;C:\Program Files\Intel\Intel(R) Management Engine Components\DAL;C:\Program Files (x86)\Intel\Intel(R) Management Engine Components\IPT;C:\Program Files\Intel\Intel(R) Management Engine Components\IPT;C:\WINDOWS\System32\OpenSSH\;C:\Program Files (x86)\PowerShell\7\;C:\Program Files\nodejs\;C:\Program Files\TortoiseGit\bin;C:\Program Files\Git\cmd;C:\OpenServer\bin;C:\Users\Lena\AppData\Local\Microsoft\WindowsApps;C:\Users\Lena\AppData\Roaming\npm
USERNAME=Lena
OS=Windows_NT
PROCESSOR_IDENTIFIER=Intel64 Family 6 Model 78 Stepping 3, GenuineIntel
TMP=C:\Users\Lena\AppData\Local\Temp
TEMP=C:\Users\Lena\AppData\Local\Temp




Periodic native trim disabled

JNI global refs:
JNI global refs: 29, weak refs: 4

JNI global refs memory usage: 835, weak refs: 833

Process memory usage:
Resident Set Size: 642920K (3% of 16670496K total physical memory with 4356232K free physical memory)

OOME stack traces (most recent first):
Classloader memory used:
Loader org.gradle.internal.classloader.VisitableURLClassLoader                         : 81435K
Loader bootstrap                                                                       : 28706K
Loader org.gradle.internal.classloader.VisitableURLClassLoader$InstrumentingVisitableURLClassLoader: 13307K
Loader org.gradle.initialization.MixInLegacyTypesClassLoader                           : 12054K
Loader org.gradle.internal.classloader.VisitableURLClassLoader                         : 926K
Loader jdk.internal.loader.ClassLoaders$PlatformClassLoader                            : 529K
Loader jdk.internal.reflect.DelegatingClassLoader                                      : 437K
Loader jdk.internal.jrtfs.JrtFileSystemProvider$JrtFsLoader                            : 338K
Loader jdk.internal.loader.ClassLoaders$AppClassLoader                                 : 234K
Loader org.gradle.groovy.scripts.internal.DefaultScriptCompilationHandler$ScriptClassLoader: 122K
Loader org.codehaus.groovy.runtime.callsite.CallSiteClassLoader                        : 49304B
Loader sun.reflect.misc.MethodUtil                                                     : 2952B

Classes loaded by more than one classloader:
Class Program                                                                         : loaded 4 times (x 70B)
Class org.gradle.api.GradleException                                                  : loaded 3 times (x 78B)
Class com.google.common.collect.RegularImmutableMap$KeySet                            : loaded 2 times (x 146B)
Class org.gradle.internal.classloader.FilteringClassLoader                            : loaded 2 times (x 101B)
Class jdk.internal.jimage.BasicImageReader                                            : loaded 2 times (x 91B)
Class [Lcom.google.common.base.AbstractIterator$State;                                : loaded 2 times (x 65B)
Class com.google.common.base.CharMatcher$IsEither                                     : loaded 2 times (x 107B)
Class org.gradle.internal.classloader.ClassLoaderHierarchy                            : loaded 2 times (x 66B)
Class com.google.common.collect.ImmutableEnumSet                                      : loaded 2 times (x 142B)
Class com.google.common.util.concurrent.ExecutionError                                : loaded 2 times (x 78B)
Class com.google.common.collect.ImmutableList$1                                       : loaded 2 times (x 93B)
Class org.gradle.api.internal.classpath.ManifestUtil                                  : loaded 2 times (x 67B)
Class com.google.common.collect.RegularImmutableMap                                   : loaded 2 times (x 117B)
Class com.google.common.collect.ImmutableMap$MapViewOfValuesAsSingletonSets           : loaded 2 times (x 121B)
Class org.jetbrains.plugins.gradle.model.GradleExtensions                             : loaded 2 times (x 66B)
Class org.jetbrains.plugins.gradle.model.AnnotationProcessingModel                    : loaded 2 times (x 66B)
Class jdk.internal.jimage.decompressor.StringSharingDecompressorFactory               : loaded 2 times (x 70B)
Class [Lorg.objectweb.asm.Symbol;                                                     : loaded 2 times (x 65B)
Class org.objectweb.asm.ClassVisitor                                                  : loaded 2 times (x 84B)
Class com.google.common.collect.UnmodifiableListIterator                              : loaded 2 times (x 91B)
Class org.gradle.internal.operations.MultipleBuildOperationFailures                   : loaded 2 times (x 91B)
Class org.objectweb.asm.MethodTooLargeException                                       : loaded 2 times (x 79B)
Class [Lcom.google.common.cache.CacheBuilder$OneWeigher;                              : loaded 2 times (x 65B)
Class com.google.common.base.Suppliers                                                : loaded 2 times (x 67B)
Class org.jetbrains.kotlin.idea.gradleTooling.model.noarg.NoArgModel                  : loaded 2 times (x 66B)
Class org.gradle.internal.classloader.DefaultClassLoaderFactory                       : loaded 2 times (x 78B)
Class com.google.common.base.CharMatcher$None                                         : loaded 2 times (x 108B)
Class kotlin.collections.AbstractList$Companion                                       : loaded 2 times (x 67B)
Class org.gradle.internal.classloader.ClassLoaderVisitor                              : loaded 2 times (x 72B)
Class sync_studio_tooling2_9sey72rrcxawb0p4qiuhq4ld9                                  : loaded 2 times (x 175B)
Class [Lcom.google.common.collect.ImmutableMapEntry;                                  : loaded 2 times (x 65B)
Class org.gradle.api.internal.classpath.EffectiveClassPath                            : loaded 2 times (x 86B)
Class [Lorg.jetbrains.kotlin.config.LanguageOrApiVersion;                             : loaded 2 times (x 65B)
Class com.google.common.collect.ImmutableEnumMap                                      : loaded 2 times (x 121B)
Class com.google.common.collect.ListMultimap                                          : loaded 2 times (x 66B)
Class org.gradle.tooling.internal.gradle.DefaultProjectIdentifier                     : loaded 2 times (x 82B)
Class com.google.common.collect.Sets$1                                                : loaded 2 times (x 135B)
Class org.objectweb.asm.AnnotationVisitor                                             : loaded 2 times (x 74B)
Class com.google.common.base.Splitter                                                 : loaded 2 times (x 68B)
Class org.jetbrains.kotlin.idea.gradleTooling.model.allopen.AllOpenModel              : loaded 2 times (x 66B)
Class org.gradle.api.internal.DefaultClassPathProvider                                : loaded 2 times (x 72B)
Class com.google.common.collect.Sets$2                                                : loaded 2 times (x 135B)
Class sync_studio_tooling1_3w8tv83rr03fv4xc6xewej3t2                                  : loaded 2 times (x 175B)
Class [Lorg.gradle.api.internal.ClassPathProvider;                                    : loaded 2 times (x 65B)
Class org.gradle.api.internal.ClassPathProvider                                       : loaded 2 times (x 66B)
Class jdk.internal.jrtfs.SystemImage                                                  : loaded 2 times (x 70B)
Class org.jetbrains.kotlin.config.LanguageVersion$Companion                           : loaded 2 times (x 67B)
Class [Lorg.objectweb.asm.AnnotationVisitor;                                          : loaded 2 times (x 65B)
Class com.google.common.collect.Sets$3                                                : loaded 2 times (x 135B)
Class com.google.common.util.concurrent.AbstractFuture$SafeAtomicHelper               : loaded 2 times (x 75B)
Class com.google.common.cache.LocalCache$LocalLoadingCache                            : loaded 2 times (x 130B)
Class com.google.common.base.AbstractIterator$State                                   : loaded 2 times (x 75B)
Class org.gradle.internal.service.UnknownServiceException                             : loaded 2 times (x 79B)
Class com.google.common.collect.Sets$4                                                : loaded 2 times (x 135B)
Class org.objectweb.asm.ModuleVisitor                                                 : loaded 2 times (x 77B)
Class com.google.common.cache.LocalCache$Strength$1                                   : loaded 2 times (x 77B)
Class org.jetbrains.kotlin.idea.gradleTooling.KotlinDslScriptAdditionalTask           : loaded 2 times (x 66B)
Class com.google.common.util.concurrent.SettableFuture                                : loaded 2 times (x 110B)
Class com.google.common.cache.LocalCache$Strength$2                                   : loaded 2 times (x 77B)
Class com.google.common.cache.LocalCache$Strength$3                                   : loaded 2 times (x 77B)
Class com.google.common.collect.MapDifference                                         : loaded 2 times (x 66B)
Class com.google.common.base.Splitter$1                                               : loaded 2 times (x 73B)
Class org.objectweb.asm.FieldWriter                                                   : loaded 2 times (x 74B)
Class com.google.common.cache.CacheBuilder$NullListener                               : loaded 2 times (x 78B)
Class org.gradle.internal.classpath.TransformedClassPath                              : loaded 2 times (x 92B)
Class org.gradle.internal.classloader.InstrumentingClassLoader                        : loaded 2 times (x 66B)
Class jdk.internal.jrtfs.SystemImage$1                                                : loaded 2 times (x 74B)
Class com.google.common.cache.CacheLoader$FunctionToCacheLoader                       : loaded 2 times (x 71B)
Class com.google.common.collect.Iterators$ArrayItr                                    : loaded 2 times (x 93B)
Class com.google.common.collect.ImmutableCollection$Builder                           : loaded 2 times (x 72B)
Class kotlin.enums.EnumEntriesList                                                    : loaded 2 times (x 219B)
Class jdk.internal.jrtfs.SystemImage$2                                                : loaded 2 times (x 72B)
Class com.google.common.base.Joiner                                                   : loaded 2 times (x 75B)
Class com.google.common.base.MoreObjects                                              : loaded 2 times (x 67B)
Class com.google.common.base.Equivalence$Identity                                     : loaded 2 times (x 78B)
Class [Lorg.objectweb.asm.Type;                                                       : loaded 2 times (x 65B)
Class com.google.common.collect.Platform                                              : loaded 2 times (x 67B)
Class com.google.common.collect.UnmodifiableIterator                                  : loaded 2 times (x 76B)
Class org.jetbrains.kotlin.idea.gradleTooling.KotlinSourceSetContainer                : loaded 2 times (x 66B)
Class org.jetbrains.plugins.gradle.model.IntelliJSettings                             : loaded 2 times (x 66B)
Class org.gradle.internal.service.ServiceLocator                                      : loaded 2 times (x 66B)
Class jdk.internal.jrtfs.JrtFileSystemProvider                                        : loaded 2 times (x 97B)
Class com.google.common.base.Ascii                                                    : loaded 2 times (x 67B)
Class com.google.common.collect.SingletonImmutableBiMap                               : loaded 2 times (x 139B)
Class com.google.common.cache.LocalCache$1                                            : loaded 2 times (x 85B)
Class com.google.common.collect.AbstractMapEntry                                      : loaded 2 times (x 77B)
Class org.jetbrains.kotlin.android.synthetic.idea.AndroidExtensionsGradleModel        : loaded 2 times (x 66B)
Class org.gradle.tooling.model.UnsupportedMethodException                             : loaded 2 times (x 78B)
Class com.google.common.cache.LocalCache$2                                            : loaded 2 times (x 138B)
Class com.google.common.collect.AbstractMultimap                                      : loaded 2 times (x 119B)
Class com.google.common.util.concurrent.AbstractFuture$UnsafeAtomicHelper$1           : loaded 2 times (x 72B)
Class com.google.common.collect.RegularImmutableAsList                                : loaded 2 times (x 212B)
Class com.google.common.util.concurrent.AbstractFuture$Trusted                        : loaded 2 times (x 66B)
Class com.google.common.collect.Iterators                                             : loaded 2 times (x 67B)
Class com.google.common.base.CharMatcher$RangesMatcher                                : loaded 2 times (x 108B)
Class jdk.internal.jimage.ImageLocation                                               : loaded 2 times (x 86B)
Class jdk.internal.jrtfs.JrtDirectoryStream$1                                         : loaded 2 times (x 79B)
Class com.google.common.util.concurrent.UncheckedExecutionException                   : loaded 2 times (x 78B)
Class com.google.common.collect.Lists$StringAsImmutableList                           : loaded 2 times (x 203B)
Class org.gradle.kotlin.dsl.VersionCatalogAccessorsKt                                 : loaded 2 times (x 67B)
Class com.google.common.base.CharMatcher$JavaLetterOrDigit                            : loaded 2 times (x 107B)
Class org.gradle.internal.InternalTransformer                                         : loaded 2 times (x 66B)
Class jdk.internal.jimage.ImageBufferCache$1                                          : loaded 2 times (x 79B)
Class org.objectweb.asm.ClassWriter                                                   : loaded 2 times (x 102B)
Class com.google.common.cache.CacheLoader$UnsupportedLoadingOperationException        : loaded 2 times (x 78B)
Class com.google.common.base.CharMatcher$And                                          : loaded 2 times (x 108B)
Class org.gradle.internal.time.DefaultTimer                                           : loaded 2 times (x 76B)
Class org.gradle.internal.classloader.ClasspathUtil$1                                 : loaded 2 times (x 72B)
Class jdk.internal.jimage.ImageBufferCache$2                                          : loaded 2 times (x 87B)
Class org.objectweb.asm.FieldVisitor                                                  : loaded 2 times (x 73B)
Class com.google.common.collect.IndexedImmutableSet                                   : loaded 2 times (x 146B)
Class com.google.common.collect.ImmutableMap$1                                        : loaded 2 times (x 77B)
Class com.google.common.collect.BiMap                                                 : loaded 2 times (x 66B)
Class org.gradle.api.internal.classpath.DefaultModuleRegistry$DefaultModule           : loaded 2 times (x 82B)
Class com.google.common.primitives.Ints                                               : loaded 2 times (x 67B)
Class com.google.common.collect.AbstractIterator                                      : loaded 2 times (x 78B)
Class org.jetbrains.kotlin.idea.gradleTooling.model.lombok.LombokModel                : loaded 2 times (x 66B)
Class com.google.common.math.MathPreconditions                                        : loaded 2 times (x 67B)
Class com.google.common.collect.Multiset                                              : loaded 2 times (x 66B)
Class com.google.common.collect.ArrayListMultimapGwtSerializationDependencies         : loaded 2 times (x 168B)
Class com.google.common.collect.ObjectArrays                                          : loaded 2 times (x 67B)
Class com.google.common.collect.AbstractIndexedListIterator                           : loaded 2 times (x 92B)
Class org.gradle.internal.time.DefaultCountdownTimer                                  : loaded 2 times (x 84B)
Class com.google.common.collect.ImmutableMapEntrySet                                  : loaded 2 times (x 147B)
Class org.gradle.tooling.internal.gradle.DefaultBuildIdentifier                       : loaded 2 times (x 75B)
Class kotlin.Function                                                                 : loaded 2 times (x 66B)
Class org.gradle.api.internal.classpath.Module                                        : loaded 2 times (x 66B)
Class com.google.common.cache.Weigher                                                 : loaded 2 times (x 66B)
Class org.gradle.api.internal.classpath.UnknownModuleException                        : loaded 2 times (x 78B)
Class jdk.internal.jimage.ImageHeader                                                 : loaded 2 times (x 67B)
Class com.google.common.base.Stopwatch                                                : loaded 2 times (x 68B)
Class com.google.common.cache.LocalCache$Strength                                     : loaded 2 times (x 77B)
Class com.google.common.cache.Cache                                                   : loaded 2 times (x 66B)
Class com.intellij.openapi.externalSystem.model.project.dependencies.ProjectDependencies: loaded 2 times (x 66B)
Class com.google.common.util.concurrent.AbstractFuture$Cancellation                   : loaded 2 times (x 68B)
Class com.google.common.collect.ImmutableMap$Builder                                  : loaded 2 times (x 78B)
Class com.google.common.base.NullnessCasts                                            : loaded 2 times (x 67B)
Class ijInit1_9e427up5jtfqfmf68pptyc91z                                               : loaded 2 times (x 175B)
Class com.google.common.cache.RemovalListener                                         : loaded 2 times (x 66B)
Class org.gradle.tooling.internal.gradle.GradleProjectIdentity                        : loaded 2 times (x 66B)
Class org.gradle.api.internal.DefaultClassPathRegistry                                : loaded 2 times (x 72B)
Class com.google.common.primitives.IntsMethodsForWeb                                  : loaded 2 times (x 67B)
Class com.google.common.collect.Multimap                                              : loaded 2 times (x 66B)
Class org.gradle.api.internal.ClassPathRegistry                                       : loaded 2 times (x 66B)
Class org.gradle.internal.classpath.DefaultClassPath$ImmutableUniqueList              : loaded 2 times (x 195B)
Class jdk.internal.jimage.decompressor.ResourceDecompressor                           : loaded 2 times (x 66B)
Class com.google.common.cache.CacheBuilder                                            : loaded 2 times (x 68B)
Class com.google.common.collect.SingletonImmutableList                                : loaded 2 times (x 203B)
Class org.jetbrains.kotlin.config.LanguageOrApiVersion                                : loaded 2 times (x 66B)
Class Settings_gradle$1                                                               : loaded 2 times (x 70B)
Class org.gradle.internal.classpath.ClassPath                                         : loaded 2 times (x 66B)
Class org.gradle.api.UncheckedIOException                                             : loaded 2 times (x 78B)
Class com.google.common.collect.ImmutableList$ReverseImmutableList                    : loaded 2 times (x 204B)
Class com.google.common.base.JdkPattern                                               : loaded 2 times (x 71B)
Class org.objectweb.asm.SymbolTable$Entry                                             : loaded 2 times (x 70B)
Class com.google.common.util.concurrent.AbstractFuture$AtomicHelper                   : loaded 2 times (x 74B)
Class org.jetbrains.kotlin.idea.gradleTooling.KotlinGradleModel                       : loaded 2 times (x 66B)
Class jdk.internal.jimage.ImageStringsReader                                          : loaded 2 times (x 76B)
Class org.objectweb.asm.Edge                                                          : loaded 2 times (x 68B)
Class com.google.common.base.Suppliers$SupplierOfInstance                             : loaded 2 times (x 75B)
Class com.google.common.collect.Iterators$1                                           : loaded 2 times (x 77B)
Class org.gradle.tooling.model.Model                                                  : loaded 2 times (x 66B)
Class com.google.common.cache.LocalCache$ComputingValueReference                      : loaded 2 times (x 92B)
Class com.google.common.collect.SingletonImmutableSet                                 : loaded 2 times (x 142B)
Class com.google.common.collect.ImmutableMap$IteratorBasedImmutableMap                : loaded 2 times (x 121B)
Class kotlin.UninitializedPropertyAccessException                                     : loaded 2 times (x 78B)
Class jdk.internal.jimage.ImageReader                                                 : loaded 2 times (x 71B)
Class com.google.common.cache.LocalCache$Segment                                      : loaded 2 times (x 150B)
Class org.jetbrains.kotlin.idea.gradleTooling.model.annotation.AnnotationBasedPluginModel: loaded 2 times (x 66B)
Class org.jetbrains.plugins.gradle.model.IntelliJProjectSettings                      : loaded 2 times (x 66B)
Class jdk.internal.jimage.ImageReader$SharedImageReader                               : loaded 2 times (x 91B)
Class org.jetbrains.kotlin.utils.DescriptionAware                                     : loaded 2 times (x 66B)
Class [Lorg.objectweb.asm.SymbolTable$Entry;                                          : loaded 2 times (x 65B)
Class com.google.common.cache.CacheLoader                                             : loaded 2 times (x 70B)
Class com.google.common.collect.Iterators$4                                           : loaded 2 times (x 78B)
Class com.google.common.collect.ImmutableBiMap                                        : loaded 2 times (x 139B)
Class com.google.common.collect.AbstractListMultimap                                  : loaded 2 times (x 168B)
Class org.gradle.internal.installation.GradleInstallation$1                           : loaded 2 times (x 71B)
Class org.gradle.api.internal.classpath.ModuleRegistry                                : loaded 2 times (x 66B)
Class jdk.internal.jimage.decompressor.ResourceDecompressorFactory                    : loaded 2 times (x 70B)
Class com.google.common.util.concurrent.internal.InternalFutureFailureAccess          : loaded 2 times (x 68B)
Class com.google.common.collect.Iterators$5                                           : loaded 2 times (x 78B)
Class com.google.common.collect.ImmutableSet$JdkBackedSetBuilderImpl                  : loaded 2 times (x 72B)
Class com.google.common.base.Splitter$SplittingIterator                               : loaded 2 times (x 80B)
Class org.jetbrains.plugins.gradle.model.VersionCatalogsModel                         : loaded 2 times (x 66B)
Class com.google.common.util.concurrent.AbstractFuture$UnsafeAtomicHelper             : loaded 2 times (x 74B)
Class com.google.common.cache.LocalCache$LocalManualCache$1                           : loaded 2 times (x 71B)
Class com.google.common.base.CharMatcher$ForPredicate                                 : loaded 2 times (x 108B)
Class jdk.internal.jimage.ImageReader$Node                                            : loaded 2 times (x 80B)
Class com.google.common.collect.ImmutableCollection                                   : loaded 2 times (x 121B)
Class com.google.common.base.CharMatcher$AnyOf                                        : loaded 2 times (x 108B)
Class org.gradle.api.internal.classpath.DefaultModuleRegistry                         : loaded 2 times (x 82B)
Class jdk.internal.jimage.BasicImageReader$1                                          : loaded 2 times (x 73B)
Class com.google.common.util.concurrent.ListenableFuture                              : loaded 2 times (x 66B)
Class com.google.common.cache.ReferenceEntry                                          : loaded 2 times (x 66B)
Class com.google.common.collect.ImmutableSet$CachingAsList                            : loaded 2 times (x 143B)
Class com.google.common.base.Converter                                                : loaded 2 times (x 86B)
Class com.google.common.collect.Lists                                                 : loaded 2 times (x 67B)
Class com.google.common.base.CharMatcher$Any                                          : loaded 2 times (x 108B)
Class com.google.common.util.concurrent.AbstractFuture                                : loaded 2 times (x 102B)
Class com.google.common.base.FunctionalEquivalence                                    : loaded 2 times (x 79B)
Class com.google.common.collect.Iterators$9                                           : loaded 2 times (x 77B)
Class com.google.common.collect.AbstractMapBasedMultimap                              : loaded 2 times (x 135B)
Class com.google.common.collect.ImmutableAsList                                       : loaded 2 times (x 205B)
Class org.objectweb.asm.RecordComponentVisitor                                        : loaded 2 times (x 73B)
Class com.google.common.cache.CacheLoader$SupplierToCacheLoader                       : loaded 2 times (x 71B)
Class jdk.internal.jimage.decompressor.Decompressor                                   : loaded 2 times (x 68B)
Class jdk.internal.jimage.ImageReader$Resource                                        : loaded 2 times (x 80B)
Class [Lorg.jetbrains.kotlin.config.LanguageVersion;                                  : loaded 2 times (x 65B)
Class com.google.common.collect.Maps$EntryTransformer                                 : loaded 2 times (x 66B)
Class org.gradle.internal.time.MonotonicClock                                         : loaded 2 times (x 73B)
Class org.gradle.internal.service.ServiceLookupException                              : loaded 2 times (x 78B)
Class jdk.internal.jrtfs.JrtFileAttributes                                            : loaded 2 times (x 79B)
Class [Lcom.google.common.cache.LocalCache$EntryFactory;                              : loaded 2 times (x 65B)
Class com.google.common.base.CharMatcher$JavaLetter                                   : loaded 2 times (x 107B)
Class org.gradle.internal.classloader.ClassLoaderFactory                              : loaded 2 times (x 66B)
Class com.google.common.cache.LocalCache$LocalManualCache                             : loaded 2 times (x 95B)
Class com.google.common.base.CharMatcher$IsNot                                        : loaded 2 times (x 107B)
Class com.google.common.base.CommonPattern                                            : loaded 2 times (x 70B)
Class org.gradle.internal.service.CachingServiceLocator                               : loaded 2 times (x 78B)
Class com.google.common.math.IntMath                                                  : loaded 2 times (x 67B)
Class org.jetbrains.plugins.gradle.model.RepositoryModels                             : loaded 2 times (x 66B)
Class com.google.common.collect.Iterators$10                                          : loaded 2 times (x 77B)
Class com.google.common.collect.ImmutableMapEntry                                     : loaded 2 times (x 81B)
Class com.google.common.base.CharMatcher$JavaDigit                                    : loaded 2 times (x 107B)
Class org.gradle.internal.time.TimeSource                                             : loaded 2 times (x 66B)
Class com.google.common.base.Equivalence                                              : loaded 2 times (x 78B)
Class com.google.common.collect.ImmutableMapEntry$NonTerminalImmutableMapEntry        : loaded 2 times (x 81B)
Class com.google.common.base.Function                                                 : loaded 2 times (x 66B)
Class org.gradle.tooling.internal.gradle.GradleBuildIdentity                          : loaded 2 times (x 66B)
Class kotlin.enums.EnumEntries                                                        : loaded 2 times (x 66B)
Class com.google.common.cache.CacheBuilder$OneWeigher                                 : loaded 2 times (x 78B)
Class com.google.common.collect.RegularImmutableList                                  : loaded 2 times (x 208B)
Class org.gradle.internal.exceptions.ResolutionProvider                               : loaded 2 times (x 66B)
Class jdk.internal.jimage.ImageBufferCache                                            : loaded 2 times (x 67B)
Class jdk.internal.jrtfs.JrtPath                                                      : loaded 2 times (x 114B)
Class com.google.common.collect.ImmutableBiMapFauxverideShim                          : loaded 2 times (x 116B)
Class org.gradle.tooling.model.ProjectIdentifier                                      : loaded 2 times (x 66B)
Class org.gradle.internal.classloader.ClasspathUtil                                   : loaded 2 times (x 67B)
Class org.jetbrains.kotlin.tooling.core.HasExtras                                     : loaded 2 times (x 66B)
Class com.google.common.base.Charsets                                                 : loaded 2 times (x 67B)
Class com.google.common.util.concurrent.Uninterruptibles                              : loaded 2 times (x 67B)
Class com.google.common.collect.Maps                                                  : loaded 2 times (x 67B)
Class com.google.common.base.CharMatcher$JavaUpperCase                                : loaded 2 times (x 107B)
Class org.gradle.internal.time.TimeSource$1                                           : loaded 2 times (x 73B)
Class kotlin.jvm.internal.DefaultConstructorMarker                                    : loaded 2 times (x 67B)
Class org.gradle.api.specs.Spec                                                       : loaded 2 times (x 66B)
Class jdk.internal.jimage.ImageReader$SharedImageReader$LocationVisitor               : loaded 2 times (x 66B)
Class [Lcom.google.common.collect.ImmutableEntry;                                     : loaded 2 times (x 65B)
Class com.google.common.cache.LocalCache$LoadingValueReference                        : loaded 2 times (x 92B)
Class jdk.internal.jimage.decompressor.ResourceDecompressorRepository                 : loaded 2 times (x 67B)
Class Build_gradle$1                                                                  : loaded 2 times (x 74B)
Class org.gradle.internal.time.Clock                                                  : loaded 2 times (x 66B)
Class jdk.internal.jimage.ImageReader$Directory                                       : loaded 2 times (x 80B)
Class [Lorg.objectweb.asm.AnnotationWriter;                                           : loaded 2 times (x 65B)
Class com.google.common.primitives.Ints$IntConverter                                  : loaded 2 times (x 86B)
Class com.google.common.collect.Maps$8                                                : loaded 2 times (x 78B)
Class org.jetbrains.plugins.gradle.model.jar.JarTaskManifestConfiguration             : loaded 2 times (x 66B)
Class kotlin.collections.AbstractList                                                 : loaded 2 times (x 193B)
Class kotlin.collections.AbstractCollection                                           : loaded 2 times (x 113B)
Class org.jetbrains.kotlin.tooling.core.Extras                                        : loaded 2 times (x 66B)
Class com.google.common.collect.Sets$SetView                                          : loaded 2 times (x 134B)
Class com.google.common.cache.LocalCache$StrongValueReference                         : loaded 2 times (x 86B)
Class com.google.common.util.concurrent.AbstractFuture$SynchronizedHelper             : loaded 2 times (x 74B)
Class com.google.common.base.CharMatcher$Invisible                                    : loaded 2 times (x 108B)
Class org.objectweb.asm.Type                                                          : loaded 2 times (x 68B)
Class org.gradle.internal.classloader.VisitableURLClassLoader$InstrumentingVisitableURLClassLoader: loaded 2 times (x 119B)
Class org.objectweb.asm.ByteVector                                                    : loaded 2 times (x 75B)
Class [Lcom.google.common.cache.CacheBuilder$NullListener;                            : loaded 2 times (x 65B)
Class com.google.common.math.IntMath$1                                                : loaded 2 times (x 67B)
Class org.gradle.internal.classloader.VisitableURLClassLoader$Spec                    : loaded 2 times (x 70B)
Class org.gradle.internal.classpath.DefaultClassPath                                  : loaded 2 times (x 86B)
Class jdk.internal.jimage.decompressor.ZipDecompressorFactory                         : loaded 2 times (x 70B)
Class org.objectweb.asm.Symbol                                                        : loaded 2 times (x 69B)
Class com.google.common.base.AbstractIterator                                         : loaded 2 times (x 76B)
Class com.google.common.collect.ImmutableSet                                          : loaded 2 times (x 141B)
Class com.google.common.collect.RegularImmutableMap$Values                            : loaded 2 times (x 203B)
Class com.google.common.base.CharMatcher$BitSetMatcher                                : loaded 2 times (x 108B)
Class com.google.common.base.CharMatcher$Ascii                                        : loaded 2 times (x 108B)
Class org.gradle.internal.classloader.ClassLoaderSpec                                 : loaded 2 times (x 67B)
Class org.objectweb.asm.AnnotationWriter                                              : loaded 2 times (x 75B)
Class com.google.common.cache.CacheStats                                              : loaded 2 times (x 67B)
Class org.objectweb.asm.RecordComponentWriter                                         : loaded 2 times (x 74B)
Class com.google.common.util.concurrent.AbstractFuture$Listener                       : loaded 2 times (x 68B)
Class com.google.common.base.CharMatcher$Or                                           : loaded 2 times (x 108B)
Class Settings_gradle$1$1                                                             : loaded 2 times (x 70B)
Class [Lorg.jetbrains.kotlin.utils.DescriptionAware;                                  : loaded 2 times (x 65B)
Class org.objectweb.asm.Attribute                                                     : loaded 2 times (x 73B)
Class com.google.common.base.Supplier                                                 : loaded 2 times (x 66B)
Class org.gradle.internal.classloader.VisitableURLClassLoader                         : loaded 2 times (x 113B)
Class com.google.common.util.concurrent.AbstractFuture$Waiter                         : loaded 2 times (x 68B)
Class Settings_gradle                                                                 : loaded 2 times (x 124B)
Class org.gradle.internal.Cast                                                        : loaded 2 times (x 67B)
Class org.gradle.api.Action                                                           : loaded 2 times (x 66B)
Class jdk.internal.jimage.decompressor.ZipDecompressor                                : loaded 2 times (x 71B)
Class com.google.common.collect.Sets                                                  : loaded 2 times (x 67B)
Class org.objectweb.asm.Handler                                                       : loaded 2 times (x 68B)
Class com.google.common.base.Ticker                                                   : loaded 2 times (x 68B)
Class com.google.common.base.CharMatcher$FastMatcher                                  : loaded 2 times (x 107B)
Class kotlin.jvm.functions.Function1                                                  : loaded 2 times (x 66B)
Class [Lcom.google.common.cache.LocalCache$Segment;                                   : loaded 2 times (x 65B)
Class [Lcom.google.common.cache.LocalCache$Strength;                                  : loaded 2 times (x 65B)
Class com.google.common.cache.CacheBuilder$1                                          : loaded 2 times (x 81B)
Class com.google.common.collect.ImmutableMap                                          : loaded 2 times (x 116B)
Class com.google.common.base.Predicate                                                : loaded 2 times (x 66B)
Class org.gradle.internal.classpath.DefaultClassPath$ImmutableUniqueList$Builder      : loaded 2 times (x 71B)
Class com.google.common.cache.LocalCache                                              : loaded 2 times (x 183B)
Class com.google.common.cache.CacheBuilder$2                                          : loaded 2 times (x 68B)
Class com.google.common.base.CharMatcher$NegatedFastMatcher                           : loaded 2 times (x 109B)
Class org.jetbrains.kotlin.config.LanguageVersion                                     : loaded 2 times (x 87B)
Class [Lcom.google.common.collect.AbstractMapEntry;                                   : loaded 2 times (x 65B)
Class com.google.common.collect.ImmutableEntry                                        : loaded 2 times (x 78B)
Class com.google.common.collect.ArrayListMultimap                                     : loaded 2 times (x 168B)
Class com.google.common.base.AbstractIterator$1                                       : loaded 2 times (x 67B)
Class com.google.common.base.CharMatcher$Digit                                        : loaded 2 times (x 108B)
Class org.jetbrains.kotlin.idea.gradleTooling.model.samWithReceiver.SamWithReceiverModel: loaded 2 times (x 66B)
Class com.google.common.base.PairwiseEquivalence                                      : loaded 2 times (x 79B)
Class org.gradle.internal.exceptions.NonGradleCauseExceptionsHolder                   : loaded 2 times (x 66B)
Class jdk.internal.jimage.ImageStrings                                                : loaded 2 times (x 66B)
Class com.google.common.collect.CollectPreconditions                                  : loaded 2 times (x 67B)
Class com.google.common.base.CharMatcher$JavaIsoControl                               : loaded 2 times (x 108B)
Class com.google.common.collect.SortedMapDifference                                   : loaded 2 times (x 66B)
Class com.google.common.base.CharMatcher$JavaLowerCase                                : loaded 2 times (x 107B)
Class com.google.common.cache.LocalCache$EntryFactory                                 : loaded 2 times (x 79B)
Class org.jetbrains.kotlin.tooling.core.HasMutableExtras                              : loaded 2 times (x 66B)
Class com.google.common.cache.LocalCache$AbstractReferenceEntry                       : loaded 2 times (x 103B)
Class com.google.common.base.Splitter$1$1                                             : loaded 2 times (x 82B)
Class com.google.common.base.CharMatcher$Whitespace                                   : loaded 2 times (x 108B)
Class org.jetbrains.kotlin.idea.gradleTooling.model.assignment.AssignmentModel        : loaded 2 times (x 66B)
Class kotlin.enums.EnumEntriesKt                                                      : loaded 2 times (x 67B)
Class org.gradle.internal.IoActions                                                   : loaded 2 times (x 67B)
Class org.objectweb.asm.SymbolTable                                                   : loaded 2 times (x 68B)
Class com.google.common.cache.CacheLoader$InvalidCacheLoadException                   : loaded 2 times (x 78B)
Class com.google.common.collect.ImmutableSet$RegularSetBuilderImpl                    : loaded 2 times (x 73B)
Class com.google.common.base.CharMatcher$SingleWidth                                  : loaded 2 times (x 108B)
Class org.gradle.internal.classloader.SystemClassLoaderSpec                           : loaded 2 times (x 67B)
Class com.google.common.cache.LocalCache$StrongEntry                                  : loaded 2 times (x 104B)
Class com.google.common.util.concurrent.AbstractFuture$TrustedFuture                  : loaded 2 times (x 110B)
Class com.google.common.cache.LoadingCache                                            : loaded 2 times (x 66B)
Class org.gradle.internal.exceptions.MultiCauseException                              : loaded 2 times (x 66B)
Class org.gradle.internal.time.CountdownTimer                                         : loaded 2 times (x 66B)
Class kotlin.jvm.internal.Intrinsics                                                  : loaded 2 times (x 67B)
Class jdk.internal.jrtfs.JrtFileSystem                                                : loaded 2 times (x 98B)
Class org.objectweb.asm.MethodWriter                                                  : loaded 2 times (x 102B)
Class [Lcom.google.common.cache.Weigher;                                              : loaded 2 times (x 65B)
Class com.google.common.collect.RegularImmutableMap$BucketOverflowException           : loaded 2 times (x 78B)
Class org.jetbrains.kotlin.idea.gradleTooling.model.parcelize.ParcelizeGradleModel    : loaded 2 times (x 66B)
Class org.gradle.tooling.model.ProjectModel                                           : loaded 2 times (x 66B)
Class jdk.internal.jimage.decompressor.CompressedResourceHeader                       : loaded 2 times (x 67B)
Class kotlin.KotlinNullPointerException                                               : loaded 2 times (x 79B)
Class com.google.common.collect.RegularImmutableBiMap                                 : loaded 2 times (x 144B)
Class com.google.common.cache.LocalCache$ValueReference                               : loaded 2 times (x 66B)
Class com.google.common.base.CharMatcher$Negated                                      : loaded 2 times (x 109B)
Class com.google.common.base.CharMatcher$Is                                           : loaded 2 times (x 107B)
Class org.jetbrains.plugins.gradle.model.tests.ExternalTestsModel                     : loaded 2 times (x 66B)
Class org.gradle.internal.exceptions.DefaultMultiCauseException                       : loaded 2 times (x 91B)
Class com.google.common.util.concurrent.AbstractFuture$Failure                        : loaded 2 times (x 68B)
Class com.google.common.base.Equivalence$Equals                                       : loaded 2 times (x 78B)
Class com.google.common.collect.Hashing                                               : loaded 2 times (x 67B)
Class com.google.common.base.Preconditions                                            : loaded 2 times (x 67B)
Class com.google.common.base.Joiner$1                                                 : loaded 2 times (x 76B)
Class org.objectweb.asm.Label                                                         : loaded 2 times (x 69B)
Class org.objectweb.asm.CurrentFrame                                                  : loaded 2 times (x 69B)
Class org.objectweb.asm.ClassTooLargeException                                        : loaded 2 times (x 79B)
Class com.google.common.collect.PeekingIterator                                       : loaded 2 times (x 66B)
Class com.google.common.base.CharMatcher                                              : loaded 2 times (x 107B)
Class org.gradle.internal.time.Time                                                   : loaded 2 times (x 67B)
Class com.google.common.base.Joiner$2                                                 : loaded 2 times (x 75B)
Class org.objectweb.asm.Frame                                                         : loaded 2 times (x 69B)
Class org.objectweb.asm.MethodVisitor                                                 : loaded 2 times (x 101B)
Class com.google.common.cache.LocalCache$EntryFactory$1                               : loaded 2 times (x 79B)
Class [Lcom.google.common.cache.RemovalListener;                                      : loaded 2 times (x 65B)
Class com.google.common.base.CharMatcher$1                                            : loaded 2 times (x 109B)
Class com.google.common.base.CharMatcher$NamedFastMatcher                             : loaded 2 times (x 108B)
Class com.google.common.cache.LocalCache$EntryFactory$2                               : loaded 2 times (x 79B)
Class org.jetbrains.plugins.gradle.model.DependencyAccessorsModel                     : loaded 2 times (x 66B)
Class org.gradle.api.internal.classpath.GlobalCacheRootsProvider                      : loaded 2 times (x 66B)
Class org.objectweb.asm.ModuleWriter                                                  : loaded 2 times (x 78B)
Class com.google.common.cache.LocalCache$EntryFactory$3                               : loaded 2 times (x 79B)
Class com.google.common.base.Ticker$1                                                 : loaded 2 times (x 68B)
Class com.google.common.collect.ImmutableMapEntrySet$RegularEntrySet                  : loaded 2 times (x 147B)
Class com.google.common.collect.Maps$BiMapConverter                                   : loaded 2 times (x 86B)
Class org.jetbrains.kotlin.idea.gradleTooling.KotlinMPPGradleModel                    : loaded 2 times (x 66B)
Class org.gradle.tooling.model.BuildIdentifier                                        : loaded 2 times (x 66B)
Class com.google.common.cache.LocalCache$EntryFactory$4                               : loaded 2 times (x 79B)
Class com.google.common.collect.ImmutableSet$Builder                                  : loaded 2 times (x 81B)
Class com.google.common.base.CharMatcher$InRange                                      : loaded 2 times (x 107B)
Class org.jetbrains.kotlin.idea.gradleTooling.PrepareKotlinIdeImportTaskModel         : loaded 2 times (x 66B)
Class com.google.common.cache.LocalCache$EntryFactory$5                               : loaded 2 times (x 79B)
Class com.google.common.cache.LocalCache$EntryFactory$6                               : loaded 2 times (x 79B)
Class Build_gradle                                                                    : loaded 2 times (x 68B)
Class org.gradle.internal.time.Timer                                                  : loaded 2 times (x 66B)
Class kotlin.jvm.internal.markers.KMappedMarker                                       : loaded 2 times (x 66B)
Class org.gradle.internal.installation.CurrentGradleInstallationLocator               : loaded 2 times (x 67B)
Class com.google.common.cache.LocalCache$EntryFactory$7                               : loaded 2 times (x 79B)
Class com.google.common.collect.ImmutableSet$EmptySetBuilderImpl                      : loaded 2 times (x 72B)
Class com.google.common.collect.ImmutableList                                         : loaded 2 times (x 202B)
Class org.gradle.internal.service.DefaultServiceLocator                               : loaded 2 times (x 79B)
Class jdk.internal.jrtfs.JrtDirectoryStream                                           : loaded 2 times (x 85B)
Class org.jetbrains.kotlin.util.capitalizeDecapitalize.CapitalizeDecapitalizeKt       : loaded 2 times (x 67B)
Class com.google.common.cache.LocalCache$EntryFactory$8                               : loaded 2 times (x 79B)
Class com.google.common.collect.ImmutableSet$SetBuilderImpl                           : loaded 2 times (x 72B)
Class org.gradle.util.GradleVersion                                                   : loaded 2 times (x 79B)
Class org.gradle.internal.installation.CurrentGradleInstallation                      : loaded 2 times (x 69B)
Class com.google.common.cache.CacheLoader$1                                           : loaded 2 times (x 71B)
Class com.google.common.collect.ImmutableList$SubList                                 : loaded 2 times (x 204B)
Class org.gradle.util.internal.GUtil                                                  : loaded 2 times (x 67B)
Class com.google.common.util.concurrent.AbstractFuture$SetFuture                      : loaded 2 times (x 71B)
Class com.google.common.cache.AbstractCache$StatsCounter                              : loaded 2 times (x 66B)
Class com.google.common.collect.Iterators$MergingIterator                             : loaded 2 times (x 77B)
Class com.google.common.collect.RegularImmutableSet                                   : loaded 2 times (x 144B)
Class org.gradle.internal.installation.GradleInstallation                             : loaded 2 times (x 71B)
Class jdk.internal.jimage.decompressor.ResourceDecompressor$StringsProvider           : loaded 2 times (x 66B)
Class com.google.common.collect.Iterables                                             : loaded 2 times (x 67B)
Class com.google.common.base.Splitter$Strategy                                        : loaded 2 times (x 66B)

---------------  S Y S T E M  ---------------

OS:
 Windows 10 , 64 bit Build 19041 (10.0.19041.5198)
OS uptime: 4 days 17:17 hours

CPU: total 4 (initial active 4) (2 cores per cpu, 2 threads per core) family 6 model 78 stepping 3 microcode 0xcc, cx8, cmov, fxsr, ht, mmx, 3dnowpref, sse, sse2, sse3, ssse3, sse4.1, sse4.2, popcnt, lzcnt, tsc, tscinvbit, avx, avx2, aes, erms, clmul, bmi1, bmi2, adx, fma, vzeroupper, clflush, clflushopt, rdtscp, f16c
Processor Information for all 4 processors :
  Max Mhz: 2401, Current Mhz: 2200, Mhz Limit: 2184

Memory: 4k page, system-wide physical 16279M (4254M free)
TotalPageFile size 21909M (AvailPageFile size 5879M)
current process WorkingSet (physical memory assigned to process): 630M, peak: 646M
current process commit charge ("private bytes"): 659M, peak: 678M

vm_info: OpenJDK 64-Bit Server VM (21.0.4+-12508038-b607.1) for windows-amd64 JRE (21.0.4+-12508038-b607.1), built on 2024-10-16T17:23:34Z by "builder" with MS VC++ 16.10 / 16.11 (VS2019)

END.
