#
# A fatal error has been detected by the Java Runtime Environment:
#
#  EXCEPTION_ACCESS_VIOLATION (0xc0000005) at pc=0x00007ffef44e9a26, pid=15228, tid=9272
#
# JRE version: OpenJDK Runtime Environment (21.0.4) (build 21.0.4+-12508038-b607.1)
# Java VM: OpenJDK 64-Bit Server VM (21.0.4+-12508038-b607.1, mixed mode, tiered, compressed oops, compressed class ptrs, g1 gc, windows-amd64)
# Problematic frame:
# V  [jvm.dll+0x139a26]
#
# No core dump will be written. Minidumps are not enabled by default on client versions of Windows
#
# If you would like to submit a bug report, please visit:
#   https://youtrack.jetbrains.com/issues/JBR
#

---------------  S U M M A R Y ------------

Command Line: --add-opens=java.base/java.util=ALL-UNNAMED --add-opens=java.base/java.lang=ALL-UNNAMED --add-opens=java.base/java.lang.invoke=ALL-UNNAMED --add-opens=java.prefs/java.util.prefs=ALL-UNNAMED --add-exports=jdk.compiler/com.sun.tools.javac.api=ALL-UNNAMED --add-exports=jdk.compiler/com.sun.tools.javac.util=ALL-UNNAMED --add-opens=java.base/java.nio.charset=ALL-UNNAMED --add-opens=java.base/java.net=ALL-UNNAMED --add-opens=java.base/java.util.concurrent.atomic=ALL-UNNAMED -Xmx2048m -Dfile.encoding=UTF-8 -Duser.country=RU -Duser.language=ru -Duser.variant -javaagent:C:\Users\Lena\.gradle\wrapper\dists\gradle-8.10.2-bin\a04bxjujx95o3nb99gddekhwo\gradle-8.10.2\lib\agents\gradle-instrumentation-agent-8.10.2.jar org.gradle.launcher.daemon.bootstrap.GradleDaemon 8.10.2

Host: Intel(R) Core(TM) i5-6200U CPU @ 2.30GHz, 4 cores, 15G,  Windows 10 , 64 bit Build 19041 (10.0.19041.5198)
Time: Sun Feb  9 18:24:09 2025 RTZ 2 (s 10 , 64 bit Build 19041 (10.0.19041.5198) elapsed time: 135.616014 seconds (0d 0h 2m 15s)

---------------  T H R E A D  ---------------

Current thread (0x0000022772164470):  WorkerThread "GC Thread#1"    [id=9272, stack(0x000000d13c600000,0x000000d13c700000) (1024K)]

Stack: [0x000000d13c600000,0x000000d13c700000],  sp=0x000000d13c6ff6b8,  free space=1021k
Native frames: (J=compiled Java code, j=interpreted, Vv=VM code, C=native code)
V  [jvm.dll+0x139a26]


siginfo: EXCEPTION_ACCESS_VIOLATION (0xc0000005), reading address 0x0000000104041eb8


Registers:
RAX=0x0000000000000001, RBX=0x0000000000000001, RCX=0x000000008bbb2848, RDX=0x000000008bbb2848
RSP=0x000000d13c6ff6b8, RBP=0x00000000000019b9, RSI=0x000002275682ff00, RDI=0x0000000000000009
R8 =0x0000000104041eb0, R9 =0x0000000000000009, R10=0x000000008bbb2848, R11=0x00007fff44ad15c3
R12=0x0000000000000002, R13=0x0000000104041eb0, R14=0x000000008bbb2848, R15=0x00000227799096d0
RIP=0x00007ffef44e9a26, EFLAGS=0x0000000000010202


Register to memory mapping:

RAX=0x0000000000000001 is an unknown value
RBX=0x0000000000000001 is an unknown value
RCX=
[error occurred during error reporting (printing register info), id 0xc0000005, EXCEPTION_ACCESS_VIOLATION (0xc0000005) at pc=0x00007ffef44e9a26]
RDX=
[error occurred during error reporting (printing register info, attempt 2), id 0xc0000005, EXCEPTION_ACCESS_VIOLATION (0xc0000005) at pc=0x00007ffef44e9a26]
RSP=0x000000d13c6ff6b8 points into unknown readable memory: 0x00007ffef47062bb | bb 62 70 f4 fe 7f 00 00
RBP=0x00000000000019b9 is an unknown value
RSI=0x000002275682ff00 points into unknown readable memory: 0x0000000000000000 | 00 00 00 00 00 00 00 00
RDI=0x0000000000000009 is an unknown value
R8 =0x0000000104041eb0 is an unknown value
R9 =0x0000000000000009 is an unknown value
R10=
[error occurred during error reporting (printing register info, attempt 3), id 0xc0000005, EXCEPTION_ACCESS_VIOLATION (0xc0000005) at pc=0x00007ffef44e9a26]
Top of Stack: (sp=0x000000d13c6ff6b8)
0x000000d13c6ff6b8:   00007ffef47062bb 0000000000000009
0x000000d13c6ff6c8:   0000000000000009 0000000000000002
0x000000d13c6ff6d8:   0000022772164470 0000000000000017
0x000000d13c6ff6e8:   00000227568310c0 000002276d4fe1e0
0x000000d13c6ff6f8:   00007ffef4ac082b 00000227799096e8
0x000000d13c6ff708:   0000000000000000 000002276da6bd08
0x000000d13c6ff718:   0000000000000000 0000000000000040
0x000000d13c6ff728:   00000227720fe800 0000000000000002
0x000000d13c6ff738:   000000008a3749e4 000002275682ff00
0x000000d13c6ff748:   00000000000019b9 00000227799096d0
0x000000d13c6ff758:   00007ffef470752a 0000022779900000
0x000000d13c6ff768:   0000022756820001 0000000000000000
0x000000d13c6ff778:   0000000000000009 000000008b47ee00
0x000000d13c6ff788:   0000000000000080 000000d13c6ff980
0x000000d13c6ff798:   00000000000000b4 000000008b47f200
0x000000d13c6ff7a8:   00007ffef4703c0e 000002276d4d0350
0x000000d13c6ff7b8:   00000227799096d0 000000008b47ee00
0x000000d13c6ff7c8:   0000000000000080 0000000050a9e579
0x000000d13c6ff7d8:   0000004b8aad7970 0000000000000002
0x000000d13c6ff7e8:   000000d13c6ff980 000002276d4d0350
0x000000d13c6ff7f8:   00007ffef4710c3c 0000000000000080
0x000000d13c6ff808:   000002276d4d0350 000000d13c6ff980
0x000000d13c6ff818:   00007ffef4a7728f 000000008b47ee00
0x000000d13c6ff828:   0000000000000080 00007ffef4d1b598
0x000000d13c6ff838:   0000000000000000 0000022756828c10
0x000000d13c6ff848:   00000227799096d0 000000d13c6ff9d0
0x000000d13c6ff858:   00007ffef4a7728f 00000000000000b4
0x000000d13c6ff868:   000002276da6b920 0000022768dba400
0x000000d13c6ff878:   00007ffef4712909 000000d13c6ff980
0x000000d13c6ff888:   0000000000000000 0000022768dba3f9
0x000000d13c6ff898:   0000022756819970 0000000000000000
0x000000d13c6ff8a8:   0000000000000000 0000022756816df0 

Instructions: (pc=0x00007ffef44e9a26)
0x00007ffef44e9926:   4c 63 c0 41 8b c1 48 c1 f8 10 48 63 14 19 41 8b
0x00007ffef44e9936:   c9 83 e1 3f 48 d3 e2 0f b6 c8 49 8d 04 10 49 f7
0x00007ffef44e9946:   d0 48 03 c8 49 c1 e8 03 48 c1 e9 03 49 23 c8 eb
0x00007ffef44e9956:   12 49 8b 00 48 8b d3 49 8b c8 ff 90 00 01 00 00
0x00007ffef44e9966:   48 8b c8 48 89 1f 48 8b c7 48 8b 5c 24 30 48 89
0x00007ffef44e9976:   4f 08 48 83 c4 20 5f c3 cc cc 0f b6 05 89 28 9f
0x00007ffef44e9986:   00 48 8b d1 84 c0 74 16 44 8b 41 08 8b 0d 80 15
0x00007ffef44e9996:   9f 00 49 d3 e0 4c 03 05 6e 15 9f 00 eb 04 4c 8b
0x00007ffef44e99a6:   41 08 45 8b 48 08 45 85 c9 7e 0e 41 f6 c1 01 75
0x00007ffef44e99b6:   53 41 c1 f9 03 49 63 c1 c3 79 49 84 c0 41 b8 0c
0x00007ffef44e99c6:   00 00 00 8b 05 39 26 9f 00 b9 10 00 00 00 41 0f
0x00007ffef44e99d6:   45 c8 ff c8 4c 63 c0 41 8b c1 48 c1 f8 10 0f b6
0x00007ffef44e99e6:   c0 48 63 14 11 41 8b c9 83 e1 3f 48 d3 e2 49 8d
0x00007ffef44e99f6:   0c 10 49 f7 d0 48 03 c1 49 c1 e8 03 48 c1 e8 03
0x00007ffef44e9a06:   49 23 c0 c3 49 8b 00 49 8b c8 48 ff a0 00 01 00
0x00007ffef44e9a16:   00 cc cc cc cc cc cc cc cc cc 4c 8b c2 48 8b d1
0x00007ffef44e9a26:   45 8b 48 08 45 85 c9 7e 0e 41 f6 c1 01 75 56 41
0x00007ffef44e9a36:   c1 f9 03 49 63 c1 c3 79 4c 80 3d ca 27 9f 00 00
0x00007ffef44e9a46:   b8 0c 00 00 00 b9 10 00 00 00 0f 45 c8 8b 05 af
0x00007ffef44e9a56:   25 9f 00 ff c8 4c 63 c0 41 8b c1 48 c1 f8 10 48
0x00007ffef44e9a66:   63 14 11 41 8b c9 83 e1 3f 0f b6 c0 48 d3 e2 49
0x00007ffef44e9a76:   8d 0c 10 49 f7 d0 48 03 c1 49 c1 e8 03 48 c1 e8
0x00007ffef44e9a86:   03 49 23 c0 c3 49 8b 00 49 8b c8 48 ff a0 00 01
0x00007ffef44e9a96:   00 00 cc cc cc cc cc cc cc cc 40 53 48 83 ec 20
0x00007ffef44e9aa6:   48 8b d9 49 8b c0 33 c9 45 0f b6 c1 48 89 0b 48
0x00007ffef44e9ab6:   89 4b 08 48 8b cb 48 89 53 10 48 8b d0 e8 28 09
0x00007ffef44e9ac6:   00 00 48 8b c3 48 83 c4 20 5b c3 cc cc cc cc cc
0x00007ffef44e9ad6:   cc cc cc cc cc cc cc cc cc cc 40 53 48 83 ec 20
0x00007ffef44e9ae6:   33 c0 44 88 41 10 45 0f b6 c1 48 89 01 48 89 41
0x00007ffef44e9af6:   08 48 8b d9 e8 01 0a 00 00 48 8b c3 48 83 c4 20
0x00007ffef44e9b06:   5b c3 cc cc cc cc cc cc cc cc 40 53 48 83 ec 20
0x00007ffef44e9b16:   33 c0 48 8b d9 48 89 01 48 89 41 08 e8 99 0b 00 


Stack slot to memory mapping:

stack at sp + 0 slots: 0x00007ffef47062bb jvm.dll
stack at sp + 1 slots: 0x0000000000000009 is an unknown value
stack at sp + 2 slots: 0x0000000000000009 is an unknown value
stack at sp + 3 slots: 0x0000000000000002 is an unknown value
stack at sp + 4 slots: 0x0000022772164470 points into unknown readable memory: 0x00007ffef4db8e88 | 88 8e db f4 fe 7f 00 00
stack at sp + 5 slots: 0x0000000000000017 is an unknown value
stack at sp + 6 slots: 0x00000227568310c0 points into unknown readable memory: 0x00007ffef4d16c90 | 90 6c d1 f4 fe 7f 00 00
stack at sp + 7 slots: 0x000002276d4fe1e0 points into unknown readable memory: 0x000000008bb00000 | 00 00 b0 8b 00 00 00 00


---------------  P R O C E S S  ---------------

Threads class SMR info:
_java_thread_list=0x0000022778a91780, length=58, elements={
0x0000022756817830, 0x000002276d89c090, 0x000002276d89eb00, 0x000002276d8a8560,
0x000002276d87e690, 0x000002276d87f0f0, 0x000002276d87fb50, 0x000002276d8afbb0,
0x000002276d8b0650, 0x000002276d670830, 0x00000227720124c0, 0x0000022773dc4d70,
0x0000022773d51710, 0x0000022773cfc7c0, 0x0000022773d3e500, 0x0000022772cf3b70,
0x0000022773e2d090, 0x0000022773ec45f0, 0x0000022773ec6d50, 0x0000022773ec6030,
0x0000022773ec4c80, 0x0000022773ec5310, 0x0000022773ec3f60, 0x0000022773ec59a0,
0x0000022773ec38d0, 0x0000022774bfd420, 0x0000022774bf9910, 0x0000022774bfb9e0,
0x0000022774bf7840, 0x0000022774bfc700, 0x0000022774bf9280, 0x0000022774bfacc0,
0x0000022774bf71b0, 0x0000022774bf8bf0, 0x0000022774bf9fa0, 0x0000022774bfc070,
0x0000022774bfcd90, 0x0000022774bfdab0, 0x0000022774bf6b20, 0x0000022774bfe140,
0x0000022774bf7ed0, 0x0000022774bf8560, 0x000002277630b370, 0x000002277630ee80,
0x000002277630cdb0, 0x0000022776309930, 0x0000022776309fc0, 0x00000227763092a0,
0x000002277630d440, 0x000002277630c720, 0x000002277630c090, 0x00000227763108c0,
0x000002277630a650, 0x000002277630dad0, 0x000002277630e160, 0x0000022779468880,
0x000002277946a2c0, 0x0000022779906c20
}

Java Threads: ( => current thread )
  0x0000022756817830 JavaThread "main"                              [_thread_blocked, id=3720, stack(0x000000d13b300000,0x000000d13b400000) (1024K)]
  0x000002276d89c090 JavaThread "Reference Handler"          daemon [_thread_blocked, id=8152, stack(0x000000d13bb00000,0x000000d13bc00000) (1024K)]
  0x000002276d89eb00 JavaThread "Finalizer"                  daemon [_thread_blocked, id=13368, stack(0x000000d13bc00000,0x000000d13bd00000) (1024K)]
  0x000002276d8a8560 JavaThread "Signal Dispatcher"          daemon [_thread_blocked, id=18296, stack(0x000000d13bd00000,0x000000d13be00000) (1024K)]
  0x000002276d87e690 JavaThread "Attach Listener"            daemon [_thread_blocked, id=2544, stack(0x000000d13be00000,0x000000d13bf00000) (1024K)]
  0x000002276d87f0f0 JavaThread "Service Thread"             daemon [_thread_blocked, id=17740, stack(0x000000d13bf00000,0x000000d13c000000) (1024K)]
  0x000002276d87fb50 JavaThread "Monitor Deflation Thread"   daemon [_thread_blocked, id=8896, stack(0x000000d13c000000,0x000000d13c100000) (1024K)]
  0x000002276d8afbb0 JavaThread "C2 CompilerThread0"         daemon [_thread_blocked, id=14124, stack(0x000000d13c100000,0x000000d13c200000) (1024K)]
  0x000002276d8b0650 JavaThread "C1 CompilerThread0"         daemon [_thread_blocked, id=12856, stack(0x000000d13c200000,0x000000d13c300000) (1024K)]
  0x000002276d670830 JavaThread "Common-Cleaner"             daemon [_thread_blocked, id=10936, stack(0x000000d13c300000,0x000000d13c400000) (1024K)]
  0x00000227720124c0 JavaThread "Notification Thread"        daemon [_thread_blocked, id=18920, stack(0x000000d13c400000,0x000000d13c500000) (1024K)]
  0x0000022773dc4d70 JavaThread "Daemon health stats"               [_thread_blocked, id=16976, stack(0x000000d13c900000,0x000000d13ca00000) (1024K)]
  0x0000022773d51710 JavaThread "Incoming local TCP Connector on port 62396"        [_thread_in_native, id=2976, stack(0x000000d13ca00000,0x000000d13cb00000) (1024K)]
  0x0000022773cfc7c0 JavaThread "Daemon periodic checks"            [_thread_blocked, id=7588, stack(0x000000d13cb00000,0x000000d13cc00000) (1024K)]
  0x0000022773d3e500 JavaThread "Daemon"                            [_thread_blocked, id=18864, stack(0x000000d13cc00000,0x000000d13cd00000) (1024K)]
  0x0000022772cf3b70 JavaThread "Handler for socket connection from /127.0.0.1:62396 to /127.0.0.1:62397"        [_thread_in_native, id=12744, stack(0x000000d13cd00000,0x000000d13ce00000) (1024K)]
  0x0000022773e2d090 JavaThread "Cancel handler"                    [_thread_blocked, id=15444, stack(0x000000d13ce00000,0x000000d13cf00000) (1024K)]
  0x0000022773ec45f0 JavaThread "Daemon worker"                     [_thread_blocked, id=1740, stack(0x000000d13cf00000,0x000000d13d000000) (1024K)]
  0x0000022773ec6d50 JavaThread "Asynchronous log dispatcher for DefaultDaemonConnection: socket connection from /127.0.0.1:62396 to /127.0.0.1:62397"        [_thread_blocked, id=7404, stack(0x000000d13d000000,0x000000d13d100000) (1024K)]
  0x0000022773ec6030 JavaThread "Stdin handler"                     [_thread_blocked, id=17472, stack(0x000000d13d100000,0x000000d13d200000) (1024K)]
  0x0000022773ec4c80 JavaThread "Daemon client event forwarder"        [_thread_blocked, id=16056, stack(0x000000d13d200000,0x000000d13d300000) (1024K)]
  0x0000022773ec5310 JavaThread "Cache worker for journal cache (C:\Users\Lena\.gradle\caches\journal-1)"        [_thread_blocked, id=6720, stack(0x000000d13d300000,0x000000d13d400000) (1024K)]
  0x0000022773ec3f60 JavaThread "File lock request listener"        [_thread_in_native, id=15956, stack(0x000000d13d400000,0x000000d13d500000) (1024K)]
  0x0000022773ec59a0 JavaThread "Cache worker for file hash cache (C:\Users\Lena\.gradle\caches\8.10.2\fileHashes)"        [_thread_blocked, id=18436, stack(0x000000d13c500000,0x000000d13c600000) (1024K)]
  0x0000022773ec38d0 JavaThread "Cache worker for file hash cache (C:\Users\Lena\AndroidStudioProjects\PlaylistMaker\.gradle\8.10.2\fileHashes)"        [_thread_blocked, id=16720, stack(0x000000d13d600000,0x000000d13d700000) (1024K)]
  0x0000022774bfd420 JavaThread "Cache worker for Build Output Cleanup Cache (C:\Users\Lena\AndroidStudioProjects\PlaylistMaker\.gradle\buildOutputCleanup)"        [_thread_blocked, id=17832, stack(0x000000d13d700000,0x000000d13d800000) (1024K)]
  0x0000022774bf9910 JavaThread "File watcher server"        daemon [_thread_blocked, id=14996, stack(0x000000d13d800000,0x000000d13d900000) (1024K)]
  0x0000022774bfb9e0 JavaThread "File watcher consumer"      daemon [_thread_blocked, id=13456, stack(0x000000d13d900000,0x000000d13da00000) (1024K)]
  0x0000022774bf7840 JavaThread "jar transforms"                    [_thread_blocked, id=13032, stack(0x000000d13da00000,0x000000d13db00000) (1024K)]
  0x0000022774bfc700 JavaThread "jar transforms Thread 2"           [_thread_blocked, id=18580, stack(0x000000d13db00000,0x000000d13dc00000) (1024K)]
  0x0000022774bf9280 JavaThread "jar transforms Thread 3"           [_thread_blocked, id=13096, stack(0x000000d13dc00000,0x000000d13dd00000) (1024K)]
  0x0000022774bfacc0 JavaThread "jar transforms Thread 4"           [_thread_blocked, id=3816, stack(0x000000d13dd00000,0x000000d13de00000) (1024K)]
  0x0000022774bf71b0 JavaThread "Cache worker for checksums cache (C:\Users\Lena\AndroidStudioProjects\PlaylistMaker\.gradle\8.10.2\checksums)"        [_thread_blocked, id=4700, stack(0x000000d13d500000,0x000000d13d600000) (1024K)]
  0x0000022774bf8bf0 JavaThread "Cache worker for file content cache (C:\Users\Lena\.gradle\caches\8.10.2\fileContent)"        [_thread_blocked, id=8352, stack(0x000000d13de00000,0x000000d13df00000) (1024K)]
  0x0000022774bf9fa0 JavaThread "Cache worker for cache directory md-rule (C:\Users\Lena\.gradle\caches\8.10.2\md-rule)"        [_thread_blocked, id=13432, stack(0x000000d13df00000,0x000000d13e000000) (1024K)]
  0x0000022774bfc070 JavaThread "Cache worker for cache directory md-supplier (C:\Users\Lena\.gradle\caches\8.10.2\md-supplier)"        [_thread_blocked, id=7468, stack(0x000000d13e000000,0x000000d13e100000) (1024K)]
  0x0000022774bfcd90 JavaThread "Unconstrained build operations"        [_thread_blocked, id=708, stack(0x000000d13e100000,0x000000d13e200000) (1024K)]
  0x0000022774bfdab0 JavaThread "Unconstrained build operations Thread 2"        [_thread_blocked, id=15408, stack(0x000000d13e200000,0x000000d13e300000) (1024K)]
  0x0000022774bf6b20 JavaThread "Unconstrained build operations Thread 3"        [_thread_blocked, id=17628, stack(0x000000d13e300000,0x000000d13e400000) (1024K)]
  0x0000022774bfe140 JavaThread "Unconstrained build operations Thread 4"        [_thread_blocked, id=16140, stack(0x000000d13e400000,0x000000d13e500000) (1024K)]
  0x0000022774bf7ed0 JavaThread "Unconstrained build operations Thread 5"        [_thread_blocked, id=17052, stack(0x000000d13e500000,0x000000d13e600000) (1024K)]
  0x0000022774bf8560 JavaThread "Unconstrained build operations Thread 6"        [_thread_blocked, id=19156, stack(0x000000d13e600000,0x000000d13e700000) (1024K)]
  0x000002277630b370 JavaThread "Unconstrained build operations Thread 7"        [_thread_blocked, id=8064, stack(0x000000d13e700000,0x000000d13e800000) (1024K)]
  0x000002277630ee80 JavaThread "Unconstrained build operations Thread 8"        [_thread_blocked, id=2296, stack(0x000000d13e800000,0x000000d13e900000) (1024K)]
  0x000002277630cdb0 JavaThread "Unconstrained build operations Thread 9"        [_thread_blocked, id=18292, stack(0x000000d13e900000,0x000000d13ea00000) (1024K)]
  0x0000022776309930 JavaThread "Unconstrained build operations Thread 10"        [_thread_blocked, id=11532, stack(0x000000d13ea00000,0x000000d13eb00000) (1024K)]
  0x0000022776309fc0 JavaThread "Unconstrained build operations Thread 11"        [_thread_blocked, id=14876, stack(0x000000d13b100000,0x000000d13b200000) (1024K)]
  0x00000227763092a0 JavaThread "Unconstrained build operations Thread 12"        [_thread_blocked, id=12508, stack(0x000000d13b200000,0x000000d13b300000) (1024K)]
  0x000002277630d440 JavaThread "Unconstrained build operations Thread 13"        [_thread_blocked, id=5016, stack(0x000000d13eb00000,0x000000d13ec00000) (1024K)]
  0x000002277630c720 JavaThread "Unconstrained build operations Thread 14"        [_thread_blocked, id=4852, stack(0x000000d13ee00000,0x000000d13ef00000) (1024K)]
  0x000002277630c090 JavaThread "Unconstrained build operations Thread 15"        [_thread_blocked, id=3848, stack(0x000000d13ef00000,0x000000d13f000000) (1024K)]
  0x00000227763108c0 JavaThread "Unconstrained build operations Thread 16"        [_thread_blocked, id=13380, stack(0x000000d13f000000,0x000000d13f100000) (1024K)]
  0x000002277630a650 JavaThread "Unconstrained build operations Thread 17"        [_thread_blocked, id=16408, stack(0x000000d13ed00000,0x000000d13ee00000) (1024K)]
  0x000002277630dad0 JavaThread "Unconstrained build operations Thread 18"        [_thread_blocked, id=12080, stack(0x000000d13f100000,0x000000d13f200000) (1024K)]
  0x000002277630e160 JavaThread "Unconstrained build operations Thread 19"        [_thread_blocked, id=8124, stack(0x000000d13f200000,0x000000d13f300000) (1024K)]
  0x0000022779468880 JavaThread "Memory manager"                    [_thread_blocked, id=16916, stack(0x000000d13b000000,0x000000d13b100000) (1024K)]
  0x000002277946a2c0 JavaThread "build event listener"              [_thread_blocked, id=9012, stack(0x000000d13f500000,0x000000d13f600000) (1024K)]
  0x0000022779906c20 JavaThread "C2 CompilerThread1"         daemon [_thread_blocked, id=9668, stack(0x000000d13f600000,0x000000d13f700000) (1024K)]
Total: 58

Other Threads:
  0x000002276d680f60 VMThread "VM Thread"                           [id=2324, stack(0x000000d13ba00000,0x000000d13bb00000) (1024K)]
  0x000002276d66ffc0 WatcherThread "VM Periodic Task Thread"        [id=7784, stack(0x000000d13b900000,0x000000d13ba00000) (1024K)]
  0x000002275472e060 WorkerThread "GC Thread#0"                     [id=17072, stack(0x000000d13b400000,0x000000d13b500000) (1024K)]
=>0x0000022772164470 WorkerThread "GC Thread#1"                     [id=9272, stack(0x000000d13c600000,0x000000d13c700000) (1024K)]
  0x0000022772164810 WorkerThread "GC Thread#2"                     [id=16168, stack(0x000000d13c700000,0x000000d13c800000) (1024K)]
  0x0000022772164bb0 WorkerThread "GC Thread#3"                     [id=19356, stack(0x000000d13c800000,0x000000d13c900000) (1024K)]
  0x0000022756878c60 ConcurrentGCThread "G1 Main Marker"            [id=17240, stack(0x000000d13b500000,0x000000d13b600000) (1024K)]
  0x00000227568797e0 WorkerThread "G1 Conc#0"                       [id=17676, stack(0x000000d13b600000,0x000000d13b700000) (1024K)]
  0x000002276d541a70 ConcurrentGCThread "G1 Refine#0"               [id=6600, stack(0x000000d13b700000,0x000000d13b800000) (1024K)]
  0x000002276d5436a0 ConcurrentGCThread "G1 Service"                [id=15948, stack(0x000000d13b800000,0x000000d13b900000) (1024K)]
Total: 10

Threads with active compile tasks:
C2 CompilerThread0   135742 13951       4       org.jetbrains.kotlin.protobuf.SmallSortedMap::put (142 bytes)
C2 CompilerThread1   135742 13953       4       org.jetbrains.kotlin.protobuf.GeneratedMessageLite::parseUnknownField (518 bytes)
Total: 2

VM state: at safepoint (normal execution)

VM Mutex/Monitor currently owned by a thread:  ([mutex/lock_event])
[0x00007ffef4f572f8] Threads_lock - owner thread: 0x000002276d680f60
[0x00007ffef4f573f8] Heap_lock - owner thread: 0x0000022773ec45f0

Heap address: 0x0000000080000000, size: 2048 MB, Compressed Oops mode: 32-bit

CDS archive(s) not mapped
Compressed class space mapped at: 0x0000000100000000-0x0000000140000000, reserved size: 1073741824
Narrow klass base: 0x0000000000000000, Narrow klass shift: 3, Narrow klass range: 0x140000000

GC Precious Log:
 CardTable entry size: 512
 Card Set container configuration: InlinePtr #cards 5 size 8 Array Of Cards #cards 12 size 40 Howl #buckets 4 coarsen threshold 1843 Howl Bitmap #cards 512 size 80 coarsen threshold 460 Card regions per heap region 1 cards per card region 2048
 CPUs: 4 total, 4 available
 Memory: 16279M
 Large Page Support: Disabled
 NUMA Support: Disabled
 Compressed Oops: Enabled (32-bit)
 Heap Region Size: 1M
 Heap Min Capacity: 8M
 Heap Initial Capacity: 256M
 Heap Max Capacity: 2G
 Pre-touch: Disabled
 Parallel Workers: 4
 Concurrent Workers: 1
 Concurrent Refinement Workers: 4
 Periodic GC: Disabled

Heap:
 garbage-first heap   total 284672K, used 264147K [0x0000000080000000, 0x0000000100000000)
  region size 1024K, 89 young (91136K), 11 survivors (11264K)
 Metaspace       used 156578K, committed 159040K, reserved 1245184K
  class space    used 20123K, committed 21376K, reserved 1048576K

Heap Regions: E=young(eden), S=young(survivor), O=old, HS=humongous(starts), HC=humongous(continues), CS=collection set, F=free, TAMS=top-at-mark-start, PB=parsable bottom
|   0|0x0000000080000000, 0x0000000080100000, 0x0000000080100000|100%|HS|  |TAMS 0x0000000080100000| PB 0x0000000080000000| Complete 
|   1|0x0000000080100000, 0x0000000080200000, 0x0000000080200000|100%|HC|  |TAMS 0x0000000080200000| PB 0x0000000080100000| Complete 
|   2|0x0000000080200000, 0x0000000080300000, 0x0000000080300000|100%|HC|  |TAMS 0x0000000080300000| PB 0x0000000080200000| Complete 
|   3|0x0000000080300000, 0x0000000080400000, 0x0000000080400000|100%|HC|  |TAMS 0x0000000080400000| PB 0x0000000080300000| Complete 
|   4|0x0000000080400000, 0x0000000080500000, 0x0000000080500000|100%| O|  |TAMS 0x0000000080500000| PB 0x0000000080400000| Untracked 
|   5|0x0000000080500000, 0x0000000080600000, 0x0000000080600000|100%| O|  |TAMS 0x0000000080600000| PB 0x0000000080500000| Untracked 
|   6|0x0000000080600000, 0x0000000080700000, 0x0000000080700000|100%| O|  |TAMS 0x0000000080700000| PB 0x0000000080600000| Untracked 
|   7|0x0000000080700000, 0x0000000080800000, 0x0000000080800000|100%|HS|  |TAMS 0x0000000080800000| PB 0x0000000080700000| Complete 
|   8|0x0000000080800000, 0x0000000080900000, 0x0000000080900000|100%| O|  |TAMS 0x0000000080900000| PB 0x0000000080800000| Untracked 
|   9|0x0000000080900000, 0x0000000080a00000, 0x0000000080a00000|100%| O|  |TAMS 0x0000000080a00000| PB 0x0000000080900000| Untracked 
|  10|0x0000000080a00000, 0x0000000080b00000, 0x0000000080b00000|100%| O|  |TAMS 0x0000000080b00000| PB 0x0000000080a00000| Untracked 
|  11|0x0000000080b00000, 0x0000000080c00000, 0x0000000080c00000|100%| O|  |TAMS 0x0000000080c00000| PB 0x0000000080b00000| Untracked 
|  12|0x0000000080c00000, 0x0000000080d00000, 0x0000000080d00000|100%| O|  |TAMS 0x0000000080d00000| PB 0x0000000080c00000| Untracked 
|  13|0x0000000080d00000, 0x0000000080e00000, 0x0000000080e00000|100%| O|  |TAMS 0x0000000080e00000| PB 0x0000000080d00000| Untracked 
|  14|0x0000000080e00000, 0x0000000080f00000, 0x0000000080f00000|100%| O|  |TAMS 0x0000000080f00000| PB 0x0000000080e00000| Untracked 
|  15|0x0000000080f00000, 0x0000000081000000, 0x0000000081000000|100%| O|  |TAMS 0x0000000081000000| PB 0x0000000080f00000| Untracked 
|  16|0x0000000081000000, 0x0000000081100000, 0x0000000081100000|100%| O|  |TAMS 0x0000000081100000| PB 0x0000000081000000| Untracked 
|  17|0x0000000081100000, 0x0000000081200000, 0x0000000081200000|100%| O|  |TAMS 0x0000000081200000| PB 0x0000000081100000| Untracked 
|  18|0x0000000081200000, 0x0000000081300000, 0x0000000081300000|100%| O|  |TAMS 0x0000000081300000| PB 0x0000000081200000| Untracked 
|  19|0x0000000081300000, 0x0000000081400000, 0x0000000081400000|100%| O|  |TAMS 0x0000000081400000| PB 0x0000000081300000| Untracked 
|  20|0x0000000081400000, 0x0000000081500000, 0x0000000081500000|100%| O|  |TAMS 0x0000000081400000| PB 0x0000000081400000| Untracked 
|  21|0x0000000081500000, 0x0000000081600000, 0x0000000081600000|100%| O|  |TAMS 0x0000000081600000| PB 0x0000000081500000| Untracked 
|  22|0x0000000081600000, 0x0000000081700000, 0x0000000081700000|100%|HS|  |TAMS 0x0000000081700000| PB 0x0000000081600000| Complete 
|  23|0x0000000081700000, 0x0000000081800000, 0x0000000081800000|100%|HC|  |TAMS 0x0000000081800000| PB 0x0000000081700000| Complete 
|  24|0x0000000081800000, 0x0000000081900000, 0x0000000081900000|100%|HC|  |TAMS 0x0000000081900000| PB 0x0000000081800000| Complete 
|  25|0x0000000081900000, 0x0000000081a00000, 0x0000000081a00000|100%|HC|  |TAMS 0x0000000081a00000| PB 0x0000000081900000| Complete 
|  26|0x0000000081a00000, 0x0000000081b00000, 0x0000000081b00000|100%|HC|  |TAMS 0x0000000081b00000| PB 0x0000000081a00000| Complete 
|  27|0x0000000081b00000, 0x0000000081c00000, 0x0000000081c00000|100%|HC|  |TAMS 0x0000000081c00000| PB 0x0000000081b00000| Complete 
|  28|0x0000000081c00000, 0x0000000081d00000, 0x0000000081d00000|100%|HS|  |TAMS 0x0000000081d00000| PB 0x0000000081c00000| Complete 
|  29|0x0000000081d00000, 0x0000000081e00000, 0x0000000081e00000|100%|HC|  |TAMS 0x0000000081e00000| PB 0x0000000081d00000| Complete 
|  30|0x0000000081e00000, 0x0000000081f00000, 0x0000000081f00000|100%|HC|  |TAMS 0x0000000081f00000| PB 0x0000000081e00000| Complete 
|  31|0x0000000081f00000, 0x0000000082000000, 0x0000000082000000|100%| O|  |TAMS 0x0000000082000000| PB 0x0000000081f00000| Untracked 
|  32|0x0000000082000000, 0x0000000082100000, 0x0000000082100000|100%| O|  |TAMS 0x0000000082100000| PB 0x0000000082000000| Untracked 
|  33|0x0000000082100000, 0x0000000082200000, 0x0000000082200000|100%| O|  |TAMS 0x0000000082200000| PB 0x0000000082100000| Untracked 
|  34|0x0000000082200000, 0x0000000082300000, 0x0000000082300000|100%|HS|  |TAMS 0x0000000082300000| PB 0x0000000082200000| Complete 
|  35|0x0000000082300000, 0x0000000082400000, 0x0000000082400000|100%|HC|  |TAMS 0x0000000082400000| PB 0x0000000082300000| Complete 
|  36|0x0000000082400000, 0x0000000082500000, 0x0000000082500000|100%|HS|  |TAMS 0x0000000082500000| PB 0x0000000082400000| Complete 
|  37|0x0000000082500000, 0x0000000082600000, 0x0000000082600000|100%| O|  |TAMS 0x0000000082600000| PB 0x0000000082500000| Untracked 
|  38|0x0000000082600000, 0x0000000082700000, 0x0000000082700000|100%| O|  |TAMS 0x0000000082700000| PB 0x0000000082600000| Untracked 
|  39|0x0000000082700000, 0x0000000082800000, 0x0000000082800000|100%| O|  |TAMS 0x0000000082800000| PB 0x0000000082700000| Untracked 
|  40|0x0000000082800000, 0x0000000082900000, 0x0000000082900000|100%| O|  |TAMS 0x0000000082900000| PB 0x0000000082800000| Untracked 
|  41|0x0000000082900000, 0x0000000082a00000, 0x0000000082a00000|100%| O|  |TAMS 0x0000000082a00000| PB 0x0000000082900000| Untracked 
|  42|0x0000000082a00000, 0x0000000082b00000, 0x0000000082b00000|100%| O|  |TAMS 0x0000000082b00000| PB 0x0000000082a00000| Untracked 
|  43|0x0000000082b00000, 0x0000000082c00000, 0x0000000082c00000|100%| O|  |TAMS 0x0000000082c00000| PB 0x0000000082b00000| Untracked 
|  44|0x0000000082c00000, 0x0000000082d00000, 0x0000000082d00000|100%| O|  |TAMS 0x0000000082d00000| PB 0x0000000082c00000| Untracked 
|  45|0x0000000082d00000, 0x0000000082e00000, 0x0000000082e00000|100%| O|  |TAMS 0x0000000082e00000| PB 0x0000000082d00000| Untracked 
|  46|0x0000000082e00000, 0x0000000082f00000, 0x0000000082f00000|100%| O|  |TAMS 0x0000000082f00000| PB 0x0000000082e00000| Untracked 
|  47|0x0000000082f00000, 0x0000000083000000, 0x0000000083000000|100%|HS|  |TAMS 0x0000000083000000| PB 0x0000000082f00000| Complete 
|  48|0x0000000083000000, 0x0000000083100000, 0x0000000083100000|100%|HC|  |TAMS 0x0000000083100000| PB 0x0000000083000000| Complete 
|  49|0x0000000083100000, 0x0000000083200000, 0x0000000083200000|100%| O|  |TAMS 0x0000000083200000| PB 0x0000000083100000| Untracked 
|  50|0x0000000083200000, 0x0000000083300000, 0x0000000083300000|100%| O|  |TAMS 0x0000000083300000| PB 0x0000000083200000| Untracked 
|  51|0x0000000083300000, 0x0000000083400000, 0x0000000083400000|100%| O|  |TAMS 0x0000000083400000| PB 0x0000000083300000| Untracked 
|  52|0x0000000083400000, 0x0000000083500000, 0x0000000083500000|100%| O|  |TAMS 0x0000000083500000| PB 0x0000000083400000| Untracked 
|  53|0x0000000083500000, 0x0000000083600000, 0x0000000083600000|100%| O|  |TAMS 0x0000000083600000| PB 0x0000000083500000| Untracked 
|  54|0x0000000083600000, 0x0000000083700000, 0x0000000083700000|100%| O|  |TAMS 0x0000000083700000| PB 0x0000000083600000| Untracked 
|  55|0x0000000083700000, 0x0000000083800000, 0x0000000083800000|100%| O|  |TAMS 0x0000000083800000| PB 0x0000000083700000| Untracked 
|  56|0x0000000083800000, 0x0000000083900000, 0x0000000083900000|100%|HS|  |TAMS 0x0000000083900000| PB 0x0000000083800000| Complete 
|  57|0x0000000083900000, 0x0000000083a00000, 0x0000000083a00000|100%|HC|  |TAMS 0x0000000083a00000| PB 0x0000000083900000| Complete 
|  58|0x0000000083a00000, 0x0000000083b00000, 0x0000000083b00000|100%|HC|  |TAMS 0x0000000083b00000| PB 0x0000000083a00000| Complete 
|  59|0x0000000083b00000, 0x0000000083c00000, 0x0000000083c00000|100%|HC|  |TAMS 0x0000000083c00000| PB 0x0000000083b00000| Complete 
|  60|0x0000000083c00000, 0x0000000083d00000, 0x0000000083d00000|100%|HC|  |TAMS 0x0000000083d00000| PB 0x0000000083c00000| Complete 
|  61|0x0000000083d00000, 0x0000000083e00000, 0x0000000083e00000|100%|HC|  |TAMS 0x0000000083e00000| PB 0x0000000083d00000| Complete 
|  62|0x0000000083e00000, 0x0000000083f00000, 0x0000000083f00000|100%|HS|  |TAMS 0x0000000083f00000| PB 0x0000000083e00000| Complete 
|  63|0x0000000083f00000, 0x0000000084000000, 0x0000000084000000|100%|HC|  |TAMS 0x0000000084000000| PB 0x0000000083f00000| Complete 
|  64|0x0000000084000000, 0x0000000084100000, 0x0000000084100000|100%|HC|  |TAMS 0x0000000084100000| PB 0x0000000084000000| Complete 
|  65|0x0000000084100000, 0x0000000084200000, 0x0000000084200000|100%|HC|  |TAMS 0x0000000084200000| PB 0x0000000084100000| Complete 
|  66|0x0000000084200000, 0x0000000084300000, 0x0000000084300000|100%|HC|  |TAMS 0x0000000084300000| PB 0x0000000084200000| Complete 
|  67|0x0000000084300000, 0x0000000084400000, 0x0000000084400000|100%|HC|  |TAMS 0x0000000084400000| PB 0x0000000084300000| Complete 
|  68|0x0000000084400000, 0x0000000084500000, 0x0000000084500000|100%| O|  |TAMS 0x0000000084500000| PB 0x0000000084400000| Untracked 
|  69|0x0000000084500000, 0x0000000084600000, 0x0000000084600000|100%| O|  |TAMS 0x0000000084600000| PB 0x0000000084500000| Untracked 
|  70|0x0000000084600000, 0x0000000084700000, 0x0000000084700000|100%| O|  |TAMS 0x0000000084700000| PB 0x0000000084600000| Untracked 
|  71|0x0000000084700000, 0x0000000084800000, 0x0000000084800000|100%| O|  |TAMS 0x0000000084800000| PB 0x0000000084700000| Untracked 
|  72|0x0000000084800000, 0x0000000084900000, 0x0000000084900000|100%| O|  |TAMS 0x0000000084900000| PB 0x0000000084800000| Untracked 
|  73|0x0000000084900000, 0x0000000084a00000, 0x0000000084a00000|100%| O|  |TAMS 0x0000000084a00000| PB 0x0000000084900000| Untracked 
|  74|0x0000000084a00000, 0x0000000084b00000, 0x0000000084b00000|100%| O|  |TAMS 0x0000000084b00000| PB 0x0000000084a00000| Untracked 
|  75|0x0000000084b00000, 0x0000000084c00000, 0x0000000084c00000|100%| O|  |TAMS 0x0000000084c00000| PB 0x0000000084b00000| Untracked 
|  76|0x0000000084c00000, 0x0000000084d00000, 0x0000000084d00000|100%| O|  |TAMS 0x0000000084d00000| PB 0x0000000084c00000| Untracked 
|  77|0x0000000084d00000, 0x0000000084e00000, 0x0000000084e00000|100%| O|  |TAMS 0x0000000084e00000| PB 0x0000000084d00000| Untracked 
|  78|0x0000000084e00000, 0x0000000084f00000, 0x0000000084f00000|100%| O|  |TAMS 0x0000000084f00000| PB 0x0000000084e00000| Untracked 
|  79|0x0000000084f00000, 0x0000000085000000, 0x0000000085000000|100%|HS|  |TAMS 0x0000000085000000| PB 0x0000000084f00000| Complete 
|  80|0x0000000085000000, 0x0000000085100000, 0x0000000085100000|100%| O|  |TAMS 0x0000000085100000| PB 0x0000000085000000| Untracked 
|  81|0x0000000085100000, 0x0000000085200000, 0x0000000085200000|100%| O|  |TAMS 0x0000000085200000| PB 0x0000000085100000| Untracked 
|  82|0x0000000085200000, 0x0000000085300000, 0x0000000085300000|100%| O|  |TAMS 0x0000000085300000| PB 0x0000000085200000| Untracked 
|  83|0x0000000085300000, 0x0000000085400000, 0x0000000085400000|100%| O|  |TAMS 0x0000000085400000| PB 0x0000000085300000| Untracked 
|  84|0x0000000085400000, 0x0000000085500000, 0x0000000085500000|100%| O|  |TAMS 0x0000000085500000| PB 0x0000000085400000| Untracked 
|  85|0x0000000085500000, 0x0000000085600000, 0x0000000085600000|100%| O|  |TAMS 0x0000000085600000| PB 0x0000000085500000| Untracked 
|  86|0x0000000085600000, 0x0000000085700000, 0x0000000085700000|100%| O|  |TAMS 0x0000000085700000| PB 0x0000000085600000| Untracked 
|  87|0x0000000085700000, 0x0000000085800000, 0x0000000085800000|100%| O|  |TAMS 0x0000000085800000| PB 0x0000000085700000| Untracked 
|  88|0x0000000085800000, 0x0000000085900000, 0x0000000085900000|100%| O|  |TAMS 0x0000000085900000| PB 0x0000000085800000| Untracked 
|  89|0x0000000085900000, 0x0000000085a00000, 0x0000000085a00000|100%| O|  |TAMS 0x0000000085a00000| PB 0x0000000085900000| Untracked 
|  90|0x0000000085a00000, 0x0000000085b00000, 0x0000000085b00000|100%| O|  |TAMS 0x0000000085b00000| PB 0x0000000085a00000| Untracked 
|  91|0x0000000085b00000, 0x0000000085c00000, 0x0000000085c00000|100%| O|  |TAMS 0x0000000085c00000| PB 0x0000000085b00000| Untracked 
|  92|0x0000000085c00000, 0x0000000085d00000, 0x0000000085d00000|100%| O|  |TAMS 0x0000000085d00000| PB 0x0000000085c00000| Untracked 
|  93|0x0000000085d00000, 0x0000000085e00000, 0x0000000085e00000|100%| O|  |TAMS 0x0000000085e00000| PB 0x0000000085d00000| Untracked 
|  94|0x0000000085e00000, 0x0000000085f00000, 0x0000000085f00000|100%| O|  |TAMS 0x0000000085f00000| PB 0x0000000085e00000| Untracked 
|  95|0x0000000085f00000, 0x0000000086000000, 0x0000000086000000|100%|HS|  |TAMS 0x0000000086000000| PB 0x0000000085f00000| Complete 
|  96|0x0000000086000000, 0x0000000086100000, 0x0000000086100000|100%|HS|  |TAMS 0x0000000086100000| PB 0x0000000086000000| Complete 
|  97|0x0000000086100000, 0x0000000086200000, 0x0000000086200000|100%|HS|  |TAMS 0x0000000086200000| PB 0x0000000086100000| Complete 
|  98|0x0000000086200000, 0x0000000086300000, 0x0000000086300000|100%|HS|  |TAMS 0x0000000086300000| PB 0x0000000086200000| Complete 
|  99|0x0000000086300000, 0x0000000086400000, 0x0000000086400000|100%| O|  |TAMS 0x0000000086400000| PB 0x0000000086300000| Untracked 
| 100|0x0000000086400000, 0x0000000086500000, 0x0000000086500000|100%| O|  |TAMS 0x0000000086500000| PB 0x0000000086400000| Untracked 
| 101|0x0000000086500000, 0x0000000086600000, 0x0000000086600000|100%| O|  |TAMS 0x0000000086600000| PB 0x0000000086500000| Untracked 
| 102|0x0000000086600000, 0x0000000086700000, 0x0000000086700000|100%| O|  |TAMS 0x0000000086700000| PB 0x0000000086600000| Untracked 
| 103|0x0000000086700000, 0x0000000086800000, 0x0000000086800000|100%| O|  |TAMS 0x0000000086800000| PB 0x0000000086700000| Untracked 
| 104|0x0000000086800000, 0x0000000086900000, 0x0000000086900000|100%| O|  |TAMS 0x0000000086900000| PB 0x0000000086800000| Untracked 
| 105|0x0000000086900000, 0x0000000086a00000, 0x0000000086a00000|100%| O|  |TAMS 0x0000000086a00000| PB 0x0000000086900000| Untracked 
| 106|0x0000000086a00000, 0x0000000086b00000, 0x0000000086b00000|100%| O|  |TAMS 0x0000000086b00000| PB 0x0000000086a00000| Untracked 
| 107|0x0000000086b00000, 0x0000000086c00000, 0x0000000086c00000|100%| O|  |TAMS 0x0000000086c00000| PB 0x0000000086b00000| Untracked 
| 108|0x0000000086c00000, 0x0000000086d00000, 0x0000000086d00000|100%| O|  |TAMS 0x0000000086d00000| PB 0x0000000086c00000| Untracked 
| 109|0x0000000086d00000, 0x0000000086e00000, 0x0000000086e00000|100%| O|  |TAMS 0x0000000086e00000| PB 0x0000000086d00000| Untracked 
| 110|0x0000000086e00000, 0x0000000086f00000, 0x0000000086f00000|100%| O|  |TAMS 0x0000000086f00000| PB 0x0000000086e00000| Untracked 
| 111|0x0000000086f00000, 0x0000000087000000, 0x0000000087000000|100%|HS|  |TAMS 0x0000000087000000| PB 0x0000000086f00000| Complete 
| 112|0x0000000087000000, 0x0000000087100000, 0x0000000087100000|100%|HC|  |TAMS 0x0000000087100000| PB 0x0000000087000000| Complete 
| 113|0x0000000087100000, 0x0000000087200000, 0x0000000087200000|100%|HC|  |TAMS 0x0000000087200000| PB 0x0000000087100000| Complete 
| 114|0x0000000087200000, 0x0000000087300000, 0x0000000087300000|100%|HC|  |TAMS 0x0000000087300000| PB 0x0000000087200000| Complete 
| 115|0x0000000087300000, 0x0000000087400000, 0x0000000087400000|100%|HC|  |TAMS 0x0000000087400000| PB 0x0000000087300000| Complete 
| 116|0x0000000087400000, 0x0000000087500000, 0x0000000087500000|100%|HC|  |TAMS 0x0000000087500000| PB 0x0000000087400000| Complete 
| 117|0x0000000087500000, 0x0000000087600000, 0x0000000087600000|100%|HS|  |TAMS 0x0000000087600000| PB 0x0000000087500000| Complete 
| 118|0x0000000087600000, 0x0000000087700000, 0x0000000087700000|100%|HC|  |TAMS 0x0000000087700000| PB 0x0000000087600000| Complete 
| 119|0x0000000087700000, 0x0000000087800000, 0x0000000087800000|100%| O|  |TAMS 0x0000000087800000| PB 0x0000000087700000| Untracked 
| 120|0x0000000087800000, 0x0000000087900000, 0x0000000087900000|100%|HS|  |TAMS 0x0000000087900000| PB 0x0000000087800000| Complete 
| 121|0x0000000087900000, 0x0000000087a00000, 0x0000000087a00000|100%|HC|  |TAMS 0x0000000087a00000| PB 0x0000000087900000| Complete 
| 122|0x0000000087a00000, 0x0000000087b00000, 0x0000000087b00000|100%|HC|  |TAMS 0x0000000087b00000| PB 0x0000000087a00000| Complete 
| 123|0x0000000087b00000, 0x0000000087c00000, 0x0000000087c00000|100%|HC|  |TAMS 0x0000000087c00000| PB 0x0000000087b00000| Complete 
| 124|0x0000000087c00000, 0x0000000087d00000, 0x0000000087d00000|100%| O|  |TAMS 0x0000000087d00000| PB 0x0000000087c00000| Untracked 
| 125|0x0000000087d00000, 0x0000000087e00000, 0x0000000087e00000|100%| O|  |TAMS 0x0000000087e00000| PB 0x0000000087d00000| Untracked 
| 126|0x0000000087e00000, 0x0000000087f00000, 0x0000000087f00000|100%|HS|  |TAMS 0x0000000087f00000| PB 0x0000000087e00000| Complete 
| 127|0x0000000087f00000, 0x0000000088000000, 0x0000000088000000|100%| O|  |TAMS 0x0000000088000000| PB 0x0000000087f00000| Untracked 
| 128|0x0000000088000000, 0x0000000088100000, 0x0000000088100000|100%| O|  |TAMS 0x0000000088100000| PB 0x0000000088000000| Untracked 
| 129|0x0000000088100000, 0x0000000088200000, 0x0000000088200000|100%| O|  |TAMS 0x0000000088200000| PB 0x0000000088100000| Untracked 
| 130|0x0000000088200000, 0x0000000088300000, 0x0000000088300000|100%| O|  |TAMS 0x0000000088300000| PB 0x0000000088200000| Untracked 
| 131|0x0000000088300000, 0x0000000088400000, 0x0000000088400000|100%| O|  |TAMS 0x0000000088400000| PB 0x0000000088300000| Untracked 
| 132|0x0000000088400000, 0x0000000088400000, 0x0000000088500000|  0%| F|  |TAMS 0x0000000088400000| PB 0x0000000088400000| Untracked 
| 133|0x0000000088500000, 0x0000000088600000, 0x0000000088600000|100%| O|  |TAMS 0x0000000088600000| PB 0x0000000088500000| Untracked 
| 134|0x0000000088600000, 0x0000000088700000, 0x0000000088700000|100%| O|  |TAMS 0x0000000088700000| PB 0x0000000088600000| Untracked 
| 135|0x0000000088700000, 0x0000000088800000, 0x0000000088800000|100%| O|  |TAMS 0x0000000088800000| PB 0x0000000088700000| Untracked 
| 136|0x0000000088800000, 0x0000000088900000, 0x0000000088900000|100%| O|  |TAMS 0x0000000088900000| PB 0x0000000088800000| Untracked 
| 137|0x0000000088900000, 0x0000000088a00000, 0x0000000088a00000|100%| O|  |TAMS 0x0000000088a00000| PB 0x0000000088900000| Untracked 
| 138|0x0000000088a00000, 0x0000000088b00000, 0x0000000088b00000|100%| O|  |TAMS 0x0000000088b00000| PB 0x0000000088a00000| Untracked 
| 139|0x0000000088b00000, 0x0000000088c00000, 0x0000000088c00000|100%| O|  |TAMS 0x0000000088c00000| PB 0x0000000088b00000| Untracked 
| 140|0x0000000088c00000, 0x0000000088d00000, 0x0000000088d00000|100%| O|  |TAMS 0x0000000088d00000| PB 0x0000000088c00000| Untracked 
| 141|0x0000000088d00000, 0x0000000088e00000, 0x0000000088e00000|100%| O|  |TAMS 0x0000000088e00000| PB 0x0000000088d00000| Untracked 
| 142|0x0000000088e00000, 0x0000000088e00000, 0x0000000088f00000|  0%| F|  |TAMS 0x0000000088e00000| PB 0x0000000088e00000| Untracked 
| 143|0x0000000088f00000, 0x0000000089000000, 0x0000000089000000|100%| O|  |TAMS 0x0000000089000000| PB 0x0000000088f00000| Untracked 
| 144|0x0000000089000000, 0x0000000089100000, 0x0000000089100000|100%|HS|  |TAMS 0x0000000089100000| PB 0x0000000089000000| Complete 
| 145|0x0000000089100000, 0x0000000089200000, 0x0000000089200000|100%|HC|  |TAMS 0x0000000089200000| PB 0x0000000089100000| Complete 
| 146|0x0000000089200000, 0x0000000089200000, 0x0000000089300000|  0%| F|  |TAMS 0x0000000089200000| PB 0x0000000089200000| Untracked 
| 147|0x0000000089300000, 0x0000000089400000, 0x0000000089400000|100%|HS|  |TAMS 0x0000000089400000| PB 0x0000000089300000| Complete 
| 148|0x0000000089400000, 0x0000000089400000, 0x0000000089500000|  0%| F|  |TAMS 0x0000000089400000| PB 0x0000000089400000| Untracked 
| 149|0x0000000089500000, 0x0000000089500000, 0x0000000089600000|  0%| F|  |TAMS 0x0000000089500000| PB 0x0000000089500000| Untracked 
| 150|0x0000000089600000, 0x0000000089600000, 0x0000000089700000|  0%| F|  |TAMS 0x0000000089600000| PB 0x0000000089600000| Untracked 
| 151|0x0000000089700000, 0x0000000089700000, 0x0000000089800000|  0%| F|  |TAMS 0x0000000089700000| PB 0x0000000089700000| Untracked 
| 152|0x0000000089800000, 0x0000000089800000, 0x0000000089900000|  0%| F|  |TAMS 0x0000000089800000| PB 0x0000000089800000| Untracked 
| 153|0x0000000089900000, 0x0000000089a00000, 0x0000000089a00000|100%| S|  |TAMS 0x0000000089900000| PB 0x0000000089900000| Complete 
| 154|0x0000000089a00000, 0x0000000089b00000, 0x0000000089b00000|100%| S|  |TAMS 0x0000000089a00000| PB 0x0000000089a00000| Complete 
| 155|0x0000000089b00000, 0x0000000089c00000, 0x0000000089c00000|100%| S|  |TAMS 0x0000000089b00000| PB 0x0000000089b00000| Complete 
| 156|0x0000000089c00000, 0x0000000089d00000, 0x0000000089d00000|100%| S|  |TAMS 0x0000000089c00000| PB 0x0000000089c00000| Complete 
| 157|0x0000000089d00000, 0x0000000089e00000, 0x0000000089e00000|100%| S|  |TAMS 0x0000000089d00000| PB 0x0000000089d00000| Complete 
| 158|0x0000000089e00000, 0x0000000089f00000, 0x0000000089f00000|100%| S|  |TAMS 0x0000000089e00000| PB 0x0000000089e00000| Complete 
| 159|0x0000000089f00000, 0x000000008a000000, 0x000000008a000000|100%| S|  |TAMS 0x0000000089f00000| PB 0x0000000089f00000| Complete 
| 160|0x000000008a000000, 0x000000008a100000, 0x000000008a100000|100%| S|  |TAMS 0x000000008a000000| PB 0x000000008a000000| Complete 
| 161|0x000000008a100000, 0x000000008a200000, 0x000000008a200000|100%| S|  |TAMS 0x000000008a100000| PB 0x000000008a100000| Complete 
| 162|0x000000008a200000, 0x000000008a300000, 0x000000008a300000|100%| S|  |TAMS 0x000000008a200000| PB 0x000000008a200000| Complete 
| 163|0x000000008a300000, 0x000000008a400000, 0x000000008a400000|100%| S|  |TAMS 0x000000008a300000| PB 0x000000008a300000| Complete 
| 164|0x000000008a400000, 0x000000008a500000, 0x000000008a500000|100%|HS|  |TAMS 0x000000008a500000| PB 0x000000008a400000| Complete 
| 165|0x000000008a500000, 0x000000008a600000, 0x000000008a600000|100%|HS|  |TAMS 0x000000008a600000| PB 0x000000008a500000| Complete 
| 166|0x000000008a600000, 0x000000008a700000, 0x000000008a700000|100%|HC|  |TAMS 0x000000008a700000| PB 0x000000008a600000| Complete 
| 167|0x000000008a700000, 0x000000008a800000, 0x000000008a800000|100%|HC|  |TAMS 0x000000008a800000| PB 0x000000008a700000| Complete 
| 168|0x000000008a800000, 0x000000008a900000, 0x000000008a900000|100%|HC|  |TAMS 0x000000008a900000| PB 0x000000008a800000| Complete 
| 169|0x000000008a900000, 0x000000008aa00000, 0x000000008aa00000|100%| O|  |TAMS 0x000000008aa00000| PB 0x000000008a900000| Untracked 
| 170|0x000000008aa00000, 0x000000008ab00000, 0x000000008ab00000|100%| O|  |TAMS 0x000000008ab00000| PB 0x000000008aa00000| Untracked 
| 171|0x000000008ab00000, 0x000000008ac00000, 0x000000008ac00000|100%| O|  |TAMS 0x000000008ac00000| PB 0x000000008ab00000| Untracked 
| 172|0x000000008ac00000, 0x000000008ad00000, 0x000000008ad00000|100%| O|  |TAMS 0x000000008ad00000| PB 0x000000008ac00000| Untracked 
| 173|0x000000008ad00000, 0x000000008ae00000, 0x000000008ae00000|100%| O|  |TAMS 0x000000008ae00000| PB 0x000000008ad00000| Untracked 
| 174|0x000000008ae00000, 0x000000008af00000, 0x000000008af00000|100%| O|  |TAMS 0x000000008af00000| PB 0x000000008ae00000| Untracked 
| 175|0x000000008af00000, 0x000000008b000000, 0x000000008b000000|100%| O|  |TAMS 0x000000008b000000| PB 0x000000008af00000| Untracked 
| 176|0x000000008b000000, 0x000000008b100000, 0x000000008b100000|100%| O|  |TAMS 0x000000008b100000| PB 0x000000008b000000| Untracked 
| 177|0x000000008b100000, 0x000000008b200000, 0x000000008b200000|100%| O|  |TAMS 0x000000008b200000| PB 0x000000008b100000| Untracked 
| 178|0x000000008b200000, 0x000000008b300000, 0x000000008b300000|100%| O|  |TAMS 0x000000008b300000| PB 0x000000008b200000| Untracked 
| 179|0x000000008b300000, 0x000000008b400000, 0x000000008b400000|100%| O|  |TAMS 0x000000008b400000| PB 0x000000008b300000| Untracked 
| 180|0x000000008b400000, 0x000000008b500000, 0x000000008b500000|100%| O|  |TAMS 0x000000008b500000| PB 0x000000008b400000| Untracked 
| 181|0x000000008b500000, 0x000000008b600000, 0x000000008b600000|100%| O|  |TAMS 0x000000008b600000| PB 0x000000008b500000| Untracked 
| 182|0x000000008b600000, 0x000000008b700000, 0x000000008b700000|100%| O|  |TAMS 0x000000008b6f4e00| PB 0x000000008b600000| Untracked 
| 183|0x000000008b700000, 0x000000008b800000, 0x000000008b800000|100%| E|CS|TAMS 0x000000008b700000| PB 0x000000008b700000| Complete 
| 184|0x000000008b800000, 0x000000008b900000, 0x000000008b900000|100%| E|CS|TAMS 0x000000008b800000| PB 0x000000008b800000| Complete 
| 185|0x000000008b900000, 0x000000008ba00000, 0x000000008ba00000|100%| E|CS|TAMS 0x000000008b900000| PB 0x000000008b900000| Complete 
| 186|0x000000008ba00000, 0x000000008bb00000, 0x000000008bb00000|100%| E|CS|TAMS 0x000000008ba00000| PB 0x000000008ba00000| Complete 
| 187|0x000000008bb00000, 0x000000008bc00000, 0x000000008bc00000|100%| E|CS|TAMS 0x000000008bb00000| PB 0x000000008bb00000| Complete 
| 188|0x000000008bc00000, 0x000000008bd00000, 0x000000008bd00000|100%| E|CS|TAMS 0x000000008bc00000| PB 0x000000008bc00000| Complete 
| 189|0x000000008bd00000, 0x000000008be00000, 0x000000008be00000|100%| E|CS|TAMS 0x000000008bd00000| PB 0x000000008bd00000| Complete 
| 190|0x000000008be00000, 0x000000008bf00000, 0x000000008bf00000|100%| E|CS|TAMS 0x000000008be00000| PB 0x000000008be00000| Complete 
| 191|0x000000008bf00000, 0x000000008c000000, 0x000000008c000000|100%| E|CS|TAMS 0x000000008bf00000| PB 0x000000008bf00000| Complete 
| 192|0x000000008c000000, 0x000000008c100000, 0x000000008c100000|100%| E|CS|TAMS 0x000000008c000000| PB 0x000000008c000000| Complete 
| 193|0x000000008c100000, 0x000000008c200000, 0x000000008c200000|100%| E|CS|TAMS 0x000000008c100000| PB 0x000000008c100000| Complete 
| 194|0x000000008c200000, 0x000000008c300000, 0x000000008c300000|100%| E|CS|TAMS 0x000000008c200000| PB 0x000000008c200000| Complete 
| 195|0x000000008c300000, 0x000000008c400000, 0x000000008c400000|100%| E|CS|TAMS 0x000000008c300000| PB 0x000000008c300000| Complete 
| 196|0x000000008c400000, 0x000000008c500000, 0x000000008c500000|100%| E|CS|TAMS 0x000000008c400000| PB 0x000000008c400000| Complete 
| 197|0x000000008c500000, 0x000000008c600000, 0x000000008c600000|100%| E|CS|TAMS 0x000000008c500000| PB 0x000000008c500000| Complete 
| 198|0x000000008c600000, 0x000000008c700000, 0x000000008c700000|100%| E|CS|TAMS 0x000000008c600000| PB 0x000000008c600000| Complete 
| 199|0x000000008c700000, 0x000000008c800000, 0x000000008c800000|100%| E|CS|TAMS 0x000000008c700000| PB 0x000000008c700000| Complete 
| 200|0x000000008c800000, 0x000000008c900000, 0x000000008c900000|100%| E|CS|TAMS 0x000000008c800000| PB 0x000000008c800000| Complete 
| 201|0x000000008c900000, 0x000000008ca00000, 0x000000008ca00000|100%| E|CS|TAMS 0x000000008c900000| PB 0x000000008c900000| Complete 
| 202|0x000000008ca00000, 0x000000008cb00000, 0x000000008cb00000|100%| E|CS|TAMS 0x000000008ca00000| PB 0x000000008ca00000| Complete 
| 203|0x000000008cb00000, 0x000000008cc00000, 0x000000008cc00000|100%| E|CS|TAMS 0x000000008cb00000| PB 0x000000008cb00000| Complete 
| 204|0x000000008cc00000, 0x000000008cd00000, 0x000000008cd00000|100%| E|CS|TAMS 0x000000008cc00000| PB 0x000000008cc00000| Complete 
| 205|0x000000008cd00000, 0x000000008ce00000, 0x000000008ce00000|100%| E|CS|TAMS 0x000000008cd00000| PB 0x000000008cd00000| Complete 
| 206|0x000000008ce00000, 0x000000008cf00000, 0x000000008cf00000|100%| E|CS|TAMS 0x000000008ce00000| PB 0x000000008ce00000| Complete 
| 207|0x000000008cf00000, 0x000000008d000000, 0x000000008d000000|100%| E|CS|TAMS 0x000000008cf00000| PB 0x000000008cf00000| Complete 
| 208|0x000000008d000000, 0x000000008d100000, 0x000000008d100000|100%| E|CS|TAMS 0x000000008d000000| PB 0x000000008d000000| Complete 
| 209|0x000000008d100000, 0x000000008d200000, 0x000000008d200000|100%| E|CS|TAMS 0x000000008d100000| PB 0x000000008d100000| Complete 
| 210|0x000000008d200000, 0x000000008d300000, 0x000000008d300000|100%| E|CS|TAMS 0x000000008d200000| PB 0x000000008d200000| Complete 
| 211|0x000000008d300000, 0x000000008d400000, 0x000000008d400000|100%| E|CS|TAMS 0x000000008d300000| PB 0x000000008d300000| Complete 
| 212|0x000000008d400000, 0x000000008d500000, 0x000000008d500000|100%| E|CS|TAMS 0x000000008d400000| PB 0x000000008d400000| Complete 
| 213|0x000000008d500000, 0x000000008d600000, 0x000000008d600000|100%| E|CS|TAMS 0x000000008d500000| PB 0x000000008d500000| Complete 
| 214|0x000000008d600000, 0x000000008d700000, 0x000000008d700000|100%| E|CS|TAMS 0x000000008d600000| PB 0x000000008d600000| Complete 
| 215|0x000000008d700000, 0x000000008d800000, 0x000000008d800000|100%| E|CS|TAMS 0x000000008d700000| PB 0x000000008d700000| Complete 
| 216|0x000000008d800000, 0x000000008d900000, 0x000000008d900000|100%| E|CS|TAMS 0x000000008d800000| PB 0x000000008d800000| Complete 
| 217|0x000000008d900000, 0x000000008da00000, 0x000000008da00000|100%| E|CS|TAMS 0x000000008d900000| PB 0x000000008d900000| Complete 
| 218|0x000000008da00000, 0x000000008db00000, 0x000000008db00000|100%| E|CS|TAMS 0x000000008da00000| PB 0x000000008da00000| Complete 
| 219|0x000000008db00000, 0x000000008dc00000, 0x000000008dc00000|100%| E|CS|TAMS 0x000000008db00000| PB 0x000000008db00000| Complete 
| 220|0x000000008dc00000, 0x000000008dd00000, 0x000000008dd00000|100%| E|CS|TAMS 0x000000008dc00000| PB 0x000000008dc00000| Complete 
| 221|0x000000008dd00000, 0x000000008de00000, 0x000000008de00000|100%| E|CS|TAMS 0x000000008dd00000| PB 0x000000008dd00000| Complete 
| 222|0x000000008de00000, 0x000000008df00000, 0x000000008df00000|100%| E|CS|TAMS 0x000000008de00000| PB 0x000000008de00000| Complete 
| 223|0x000000008df00000, 0x000000008e000000, 0x000000008e000000|100%| E|CS|TAMS 0x000000008df00000| PB 0x000000008df00000| Complete 
| 224|0x000000008e000000, 0x000000008e100000, 0x000000008e100000|100%| E|CS|TAMS 0x000000008e000000| PB 0x000000008e000000| Complete 
| 225|0x000000008e100000, 0x000000008e200000, 0x000000008e200000|100%| E|CS|TAMS 0x000000008e100000| PB 0x000000008e100000| Complete 
| 226|0x000000008e200000, 0x000000008e300000, 0x000000008e300000|100%| E|CS|TAMS 0x000000008e200000| PB 0x000000008e200000| Complete 
| 227|0x000000008e300000, 0x000000008e400000, 0x000000008e400000|100%| E|CS|TAMS 0x000000008e300000| PB 0x000000008e300000| Complete 
| 228|0x000000008e400000, 0x000000008e500000, 0x000000008e500000|100%| E|CS|TAMS 0x000000008e400000| PB 0x000000008e400000| Complete 
| 229|0x000000008e500000, 0x000000008e600000, 0x000000008e600000|100%| E|CS|TAMS 0x000000008e500000| PB 0x000000008e500000| Complete 
| 230|0x000000008e600000, 0x000000008e700000, 0x000000008e700000|100%| E|CS|TAMS 0x000000008e600000| PB 0x000000008e600000| Complete 
| 231|0x000000008e700000, 0x000000008e800000, 0x000000008e800000|100%| E|CS|TAMS 0x000000008e700000| PB 0x000000008e700000| Complete 
| 232|0x000000008e800000, 0x000000008e900000, 0x000000008e900000|100%| E|CS|TAMS 0x000000008e800000| PB 0x000000008e800000| Complete 
| 233|0x000000008e900000, 0x000000008ea00000, 0x000000008ea00000|100%| E|CS|TAMS 0x000000008e900000| PB 0x000000008e900000| Complete 
| 234|0x000000008ea00000, 0x000000008eb00000, 0x000000008eb00000|100%| E|CS|TAMS 0x000000008ea00000| PB 0x000000008ea00000| Complete 
| 235|0x000000008eb00000, 0x000000008ec00000, 0x000000008ec00000|100%| E|CS|TAMS 0x000000008eb00000| PB 0x000000008eb00000| Complete 
| 236|0x000000008ec00000, 0x000000008ed00000, 0x000000008ed00000|100%| E|CS|TAMS 0x000000008ec00000| PB 0x000000008ec00000| Complete 
| 237|0x000000008ed00000, 0x000000008ee00000, 0x000000008ee00000|100%| E|CS|TAMS 0x000000008ed00000| PB 0x000000008ed00000| Complete 
| 238|0x000000008ee00000, 0x000000008ef00000, 0x000000008ef00000|100%| E|CS|TAMS 0x000000008ee00000| PB 0x000000008ee00000| Complete 
| 239|0x000000008ef00000, 0x000000008f000000, 0x000000008f000000|100%| E|CS|TAMS 0x000000008ef00000| PB 0x000000008ef00000| Complete 
| 240|0x000000008f000000, 0x000000008f100000, 0x000000008f100000|100%| E|CS|TAMS 0x000000008f000000| PB 0x000000008f000000| Complete 
| 241|0x000000008f100000, 0x000000008f200000, 0x000000008f200000|100%| E|CS|TAMS 0x000000008f100000| PB 0x000000008f100000| Complete 
| 242|0x000000008f200000, 0x000000008f300000, 0x000000008f300000|100%| E|CS|TAMS 0x000000008f200000| PB 0x000000008f200000| Complete 
| 243|0x000000008f300000, 0x000000008f400000, 0x000000008f400000|100%| E|CS|TAMS 0x000000008f300000| PB 0x000000008f300000| Complete 
| 244|0x000000008f400000, 0x000000008f500000, 0x000000008f500000|100%| E|CS|TAMS 0x000000008f400000| PB 0x000000008f400000| Complete 
| 245|0x000000008f500000, 0x000000008f600000, 0x000000008f600000|100%| E|CS|TAMS 0x000000008f500000| PB 0x000000008f500000| Complete 
| 246|0x000000008f600000, 0x000000008f700000, 0x000000008f700000|100%| E|CS|TAMS 0x000000008f600000| PB 0x000000008f600000| Complete 
| 247|0x000000008f700000, 0x000000008f800000, 0x000000008f800000|100%| E|CS|TAMS 0x000000008f700000| PB 0x000000008f700000| Complete 
| 248|0x000000008f800000, 0x000000008f900000, 0x000000008f900000|100%| E|CS|TAMS 0x000000008f800000| PB 0x000000008f800000| Complete 
| 249|0x000000008f900000, 0x000000008fa00000, 0x000000008fa00000|100%| E|CS|TAMS 0x000000008f900000| PB 0x000000008f900000| Complete 
| 250|0x000000008fa00000, 0x000000008fb00000, 0x000000008fb00000|100%| E|CS|TAMS 0x000000008fa00000| PB 0x000000008fa00000| Complete 
| 251|0x000000008fb00000, 0x000000008fc00000, 0x000000008fc00000|100%| E|CS|TAMS 0x000000008fb00000| PB 0x000000008fb00000| Complete 
| 252|0x000000008fc00000, 0x000000008fd00000, 0x000000008fd00000|100%| E|CS|TAMS 0x000000008fc00000| PB 0x000000008fc00000| Complete 
| 253|0x000000008fd00000, 0x000000008fe00000, 0x000000008fe00000|100%| E|CS|TAMS 0x000000008fd00000| PB 0x000000008fd00000| Complete 
| 254|0x000000008fe00000, 0x000000008ff00000, 0x000000008ff00000|100%| E|CS|TAMS 0x000000008fe00000| PB 0x000000008fe00000| Complete 
| 255|0x000000008ff00000, 0x0000000090000000, 0x0000000090000000|100%| E|CS|TAMS 0x000000008ff00000| PB 0x000000008ff00000| Complete 
| 256|0x0000000090000000, 0x0000000090100000, 0x0000000090100000|100%| E|CS|TAMS 0x0000000090000000| PB 0x0000000090000000| Complete 
| 257|0x0000000090100000, 0x0000000090200000, 0x0000000090200000|100%| E|CS|TAMS 0x0000000090100000| PB 0x0000000090100000| Complete 
| 258|0x0000000090200000, 0x0000000090300000, 0x0000000090300000|100%| E|CS|TAMS 0x0000000090200000| PB 0x0000000090200000| Complete 
| 259|0x0000000090300000, 0x0000000090400000, 0x0000000090400000|100%| E|CS|TAMS 0x0000000090300000| PB 0x0000000090300000| Complete 
| 260|0x0000000090400000, 0x0000000090500000, 0x0000000090500000|100%| E|CS|TAMS 0x0000000090400000| PB 0x0000000090400000| Complete 
| 261|0x0000000090500000, 0x0000000090600000, 0x0000000090600000|100%| E|CS|TAMS 0x0000000090500000| PB 0x0000000090500000| Complete 
|2032|0x00000000ff000000, 0x00000000ff100000, 0x00000000ff100000|100%| O|  |TAMS 0x00000000ff100000| PB 0x00000000ff000000| Untracked 
|2033|0x00000000ff100000, 0x00000000ff200000, 0x00000000ff200000|100%| E|CS|TAMS 0x00000000ff100000| PB 0x00000000ff100000| Complete 
|2034|0x00000000ff200000, 0x00000000ff300000, 0x00000000ff300000|100%| O|  |TAMS 0x00000000ff300000| PB 0x00000000ff200000| Untracked 
|2035|0x00000000ff300000, 0x00000000ff400000, 0x00000000ff400000|100%| O|  |TAMS 0x00000000ff400000| PB 0x00000000ff300000| Untracked 
|2036|0x00000000ff400000, 0x00000000ff500000, 0x00000000ff500000|100%| O|  |TAMS 0x00000000ff500000| PB 0x00000000ff400000| Untracked 
|2037|0x00000000ff500000, 0x00000000ff600000, 0x00000000ff600000|100%| O|  |TAMS 0x00000000ff600000| PB 0x00000000ff500000| Untracked 
|2038|0x00000000ff600000, 0x00000000ff700000, 0x00000000ff700000|100%| O|  |TAMS 0x00000000ff700000| PB 0x00000000ff600000| Untracked 
|2039|0x00000000ff700000, 0x00000000ff800000, 0x00000000ff800000|100%| O|  |TAMS 0x00000000ff800000| PB 0x00000000ff700000| Untracked 
|2040|0x00000000ff800000, 0x00000000ff900000, 0x00000000ff900000|100%| O|  |TAMS 0x00000000ff900000| PB 0x00000000ff800000| Untracked 
|2041|0x00000000ff900000, 0x00000000ffa00000, 0x00000000ffa00000|100%| O|  |TAMS 0x00000000ffa00000| PB 0x00000000ff900000| Untracked 
|2042|0x00000000ffa00000, 0x00000000ffb00000, 0x00000000ffb00000|100%| E|CS|TAMS 0x00000000ffa00000| PB 0x00000000ffa00000| Complete 
|2043|0x00000000ffb00000, 0x00000000ffc00000, 0x00000000ffc00000|100%| E|CS|TAMS 0x00000000ffb00000| PB 0x00000000ffb00000| Complete 
|2044|0x00000000ffc00000, 0x00000000ffd00000, 0x00000000ffd00000|100%| E|CS|TAMS 0x00000000ffc00000| PB 0x00000000ffc00000| Complete 
|2045|0x00000000ffd00000, 0x00000000ffe00000, 0x00000000ffe00000|100%| O|  |TAMS 0x00000000ffe00000| PB 0x00000000ffd00000| Untracked 
|2046|0x00000000ffe00000, 0x00000000fff00000, 0x00000000fff00000|100%| O|  |TAMS 0x00000000fff00000| PB 0x00000000ffe00000| Untracked 
|2047|0x00000000fff00000, 0x0000000100000000, 0x0000000100000000|100%| O|  |TAMS 0x0000000100000000| PB 0x00000000fff00000| Untracked 

Card table byte_map: [0x0000022768d60000,0x0000022769160000] _byte_map_base: 0x0000022768960000

Marking Bits: (CMBitMap*) 0x000002275472e670
 Bits: [0x0000022769160000, 0x000002276b160000)

Polling page: 0x0000022755fe0000

Metaspace:

Usage:
  Non-class:    133.26 MB used.
      Class:     19.65 MB used.
       Both:    152.91 MB used.

Virtual space:
  Non-class space:      192.00 MB reserved,     134.44 MB ( 70%) committed,  3 nodes.
      Class space:        1.00 GB reserved,      20.88 MB (  2%) committed,  1 nodes.
             Both:        1.19 GB reserved,     155.31 MB ( 13%) committed. 

Chunk freelists:
   Non-Class:  9.61 MB
       Class:  11.09 MB
        Both:  20.70 MB

MaxMetaspaceSize: unlimited
CompressedClassSpaceSize: 1.00 GB
Initial GC threshold: 21.00 MB
Current GC threshold: 228.88 MB
CDS: off
 - commit_granule_bytes: 65536.
 - commit_granule_words: 8192.
 - virtual_space_node_default_size: 8388608.
 - enlarge_chunks_in_place: 1.
 - use_allocation_guard: 0.


Internal statistics:

num_allocs_failed_limit: 3.
num_arena_births: 4590.
num_arena_deaths: 0.
num_vsnodes_births: 4.
num_vsnodes_deaths: 0.
num_space_committed: 2483.
num_space_uncommitted: 0.
num_chunks_returned_to_freelist: 3.
num_chunks_taken_from_freelist: 10580.
num_chunk_merges: 3.
num_chunk_splits: 7439.
num_chunks_enlarged: 5181.
num_inconsistent_stats: 0.

CodeHeap 'non-profiled nmethods': size=120000Kb used=6935Kb max_used=6935Kb free=113064Kb
 bounds [0x0000022761430000, 0x0000022761b00000, 0x0000022768960000]
CodeHeap 'profiled nmethods': size=120000Kb used=22859Kb max_used=22859Kb free=97140Kb
 bounds [0x0000022759960000, 0x000002275afc0000, 0x0000022760e90000]
CodeHeap 'non-nmethods': size=5760Kb used=3128Kb max_used=3215Kb free=2631Kb
 bounds [0x0000022760e90000, 0x00000227611d0000, 0x0000022761430000]
 total_blobs=13092 nmethods=11910 adapters=1085
 compilation: enabled
              stopped_count=0, restarted_count=0
 full_count=0

Compilation events (20 events):
Event: 135.313 Thread 0x000002276d8afbb0 nmethod 13922 0x0000022761af2990 code [0x0000022761af2b80, 0x0000022761af3800]
Event: 135.313 Thread 0x000002276d8afbb0 13950       4       org.jetbrains.kotlin.protobuf.SmallSortedMap::get (43 bytes)
Event: 135.316 Thread 0x000002276d8b0650 13954       3       org.jetbrains.kotlin.metadata.ProtoBuf$PackageFragment::getClass_ (14 bytes)
Event: 135.317 Thread 0x000002276d8b0650 nmethod 13954 0x000002275afaff90 code [0x000002275afb0140, 0x000002275afb03e8]
Event: 135.318 Thread 0x0000022779906c20 nmethod 13947 0x0000022761af3c90 code [0x0000022761af3f20, 0x0000022761af47d0]
Event: 135.318 Thread 0x0000022779906c20 13953       4       org.jetbrains.kotlin.protobuf.GeneratedMessageLite::parseUnknownField (518 bytes)
Event: 135.320 Thread 0x000002276d8afbb0 nmethod 13950 0x0000022761af5090 code [0x0000022761af52a0, 0x0000022761af5788]
Event: 135.320 Thread 0x000002276d8afbb0 13951       4       org.jetbrains.kotlin.protobuf.SmallSortedMap::put (142 bytes)
Event: 135.322 Thread 0x000002276d8b0650 13955       3       org.jetbrains.kotlin.name.Name::hashCode (28 bytes)
Event: 135.322 Thread 0x000002276d8b0650 nmethod 13955 0x000002275afb0510 code [0x000002275afb06c0, 0x000002275afb0878]
Event: 135.322 Thread 0x000002276d8b0650 13956       3       org.jetbrains.kotlin.protobuf.GeneratedMessageLite$ExtendableMessage::newExtensionWriter (11 bytes)
Event: 135.323 Thread 0x000002276d8b0650 nmethod 13956 0x000002275afb0990 code [0x000002275afb0b40, 0x000002275afb0d48]
Event: 135.323 Thread 0x000002276d8b0650 13957       3       org.jetbrains.kotlin.protobuf.GeneratedMessageLite$ExtendableMessage$ExtensionWriter::<init> (57 bytes)
Event: 135.323 Thread 0x000002276d8b0650 nmethod 13957 0x000002275afb0e90 code [0x000002275afb1080, 0x000002275afb1648]
Event: 135.323 Thread 0x000002276d8b0650 13958       3       org.jetbrains.kotlin.protobuf.FieldSet::iterator (40 bytes)
Event: 135.323 Thread 0x000002276d8b0650 nmethod 13958 0x000002275afb1810 code [0x000002275afb1a20, 0x000002275afb1ef8]
Event: 135.323 Thread 0x000002276d8b0650 13959       3       org.jetbrains.kotlin.protobuf.SmallSortedMap::entrySet (25 bytes)
Event: 135.324 Thread 0x000002276d8b0650 nmethod 13959 0x000002275afb2090 code [0x000002275afb2260, 0x000002275afb2690]
Event: 135.326 Thread 0x000002276d8b0650 13961       3       org.jetbrains.kotlin.metadata.jvm.deserialization.ModuleMapping::<init> (10 bytes)
Event: 135.326 Thread 0x000002276d8b0650 nmethod 13961 0x000002275afb2810 code [0x000002275afb29c0, 0x000002275afb2cf0]

GC Heap History (20 events):
Event: 113.697 GC heap after
{Heap after GC invocations=42 (full 0):
 garbage-first heap   total 188416K, used 122821K [0x0000000080000000, 0x0000000100000000)
  region size 1024K, 5 young (5120K), 5 survivors (5120K)
 Metaspace       used 98387K, committed 100224K, reserved 1179648K
  class space    used 13468K, committed 14400K, reserved 1048576K
}
Event: 113.802 GC heap before
{Heap before GC invocations=42 (full 0):
 garbage-first heap   total 188416K, used 129989K [0x0000000080000000, 0x0000000100000000)
  region size 1024K, 13 young (13312K), 5 survivors (5120K)
 Metaspace       used 99280K, committed 101184K, reserved 1179648K
  class space    used 13561K, committed 14528K, reserved 1048576K
}
Event: 113.808 GC heap after
{Heap after GC invocations=43 (full 0):
 garbage-first heap   total 188416K, used 123901K [0x0000000080000000, 0x0000000100000000)
  region size 1024K, 1 young (1024K), 1 survivors (1024K)
 Metaspace       used 99280K, committed 101184K, reserved 1179648K
  class space    used 13561K, committed 14528K, reserved 1048576K
}
Event: 114.571 GC heap before
{Heap before GC invocations=44 (full 0):
 garbage-first heap   total 222208K, used 184317K [0x0000000080000000, 0x0000000100000000)
  region size 1024K, 43 young (44032K), 1 survivors (1024K)
 Metaspace       used 102182K, committed 104128K, reserved 1179648K
  class space    used 13859K, committed 14848K, reserved 1048576K
}
Event: 114.578 GC heap after
{Heap after GC invocations=45 (full 0):
 garbage-first heap   total 222208K, used 145867K [0x0000000080000000, 0x0000000100000000)
  region size 1024K, 6 young (6144K), 6 survivors (6144K)
 Metaspace       used 102182K, committed 104128K, reserved 1179648K
  class space    used 13859K, committed 14848K, reserved 1048576K
}
Event: 115.247 GC heap before
{Heap before GC invocations=45 (full 0):
 garbage-first heap   total 222208K, used 197067K [0x0000000080000000, 0x0000000100000000)
  region size 1024K, 56 young (57344K), 6 survivors (6144K)
 Metaspace       used 108717K, committed 110912K, reserved 1179648K
  class space    used 14568K, committed 15680K, reserved 1048576K
}
Event: 115.260 GC heap after
{Heap after GC invocations=46 (full 0):
 garbage-first heap   total 222208K, used 148030K [0x0000000080000000, 0x0000000100000000)
  region size 1024K, 3 young (3072K), 3 survivors (3072K)
 Metaspace       used 108717K, committed 110912K, reserved 1179648K
  class space    used 14568K, committed 15680K, reserved 1048576K
}
Event: 116.532 GC heap before
{Heap before GC invocations=46 (full 0):
 garbage-first heap   total 222208K, used 200254K [0x0000000080000000, 0x0000000100000000)
  region size 1024K, 54 young (55296K), 3 survivors (3072K)
 Metaspace       used 115945K, committed 118144K, reserved 1179648K
  class space    used 15454K, committed 16576K, reserved 1048576K
}
Event: 116.543 GC heap after
{Heap after GC invocations=47 (full 0):
 garbage-first heap   total 284672K, used 150595K [0x0000000080000000, 0x0000000100000000)
  region size 1024K, 6 young (6144K), 6 survivors (6144K)
 Metaspace       used 115945K, committed 118144K, reserved 1179648K
  class space    used 15454K, committed 16576K, reserved 1048576K
}
Event: 118.426 GC heap before
{Heap before GC invocations=48 (full 0):
 garbage-first heap   total 284672K, used 250947K [0x0000000080000000, 0x0000000100000000)
  region size 1024K, 103 young (105472K), 6 survivors (6144K)
 Metaspace       used 122130K, committed 124416K, reserved 1179648K
  class space    used 16125K, committed 17280K, reserved 1048576K
}
Event: 118.441 GC heap after
{Heap after GC invocations=49 (full 0):
 garbage-first heap   total 284672K, used 157629K [0x0000000080000000, 0x0000000100000000)
  region size 1024K, 12 young (12288K), 12 survivors (12288K)
 Metaspace       used 122130K, committed 124416K, reserved 1179648K
  class space    used 16125K, committed 17280K, reserved 1048576K
}
Event: 120.060 GC heap before
{Heap before GC invocations=49 (full 0):
 garbage-first heap   total 284672K, used 251837K [0x0000000080000000, 0x0000000100000000)
  region size 1024K, 104 young (106496K), 12 survivors (12288K)
 Metaspace       used 136433K, committed 138688K, reserved 1179648K
  class space    used 17565K, committed 18688K, reserved 1048576K
}
Event: 120.081 GC heap after
{Heap after GC invocations=50 (full 0):
 garbage-first heap   total 284672K, used 159932K [0x0000000080000000, 0x0000000100000000)
  region size 1024K, 4 young (4096K), 4 survivors (4096K)
 Metaspace       used 136433K, committed 138688K, reserved 1179648K
  class space    used 17565K, committed 18688K, reserved 1048576K
}
Event: 123.507 GC heap before
{Heap before GC invocations=50 (full 0):
 garbage-first heap   total 284672K, used 173244K [0x0000000080000000, 0x0000000100000000)
  region size 1024K, 18 young (18432K), 4 survivors (4096K)
 Metaspace       used 138246K, committed 140544K, reserved 1179648K
  class space    used 17757K, committed 18880K, reserved 1048576K
}
Event: 123.513 GC heap after
{Heap after GC invocations=51 (full 0):
 garbage-first heap   total 284672K, used 159661K [0x0000000080000000, 0x0000000100000000)
  region size 1024K, 4 young (4096K), 4 survivors (4096K)
 Metaspace       used 138246K, committed 140544K, reserved 1179648K
  class space    used 17757K, committed 18880K, reserved 1048576K
}
Event: 129.546 GC heap before
{Heap before GC invocations=52 (full 0):
 garbage-first heap   total 284672K, used 270253K [0x0000000080000000, 0x0000000100000000)
  region size 1024K, 104 young (106496K), 4 survivors (4096K)
 Metaspace       used 146635K, committed 149056K, reserved 1179648K
  class space    used 18829K, committed 20032K, reserved 1048576K
}
Event: 129.561 GC heap after
{Heap after GC invocations=53 (full 0):
 garbage-first heap   total 284672K, used 176386K [0x0000000080000000, 0x0000000100000000)
  region size 1024K, 13 young (13312K), 13 survivors (13312K)
 Metaspace       used 146635K, committed 149056K, reserved 1179648K
  class space    used 18829K, committed 20032K, reserved 1048576K
}
Event: 132.779 GC heap before
{Heap before GC invocations=53 (full 0):
 garbage-first heap   total 284672K, used 263426K [0x0000000080000000, 0x0000000100000000)
  region size 1024K, 90 young (92160K), 13 survivors (13312K)
 Metaspace       used 152817K, committed 155200K, reserved 1245184K
  class space    used 19618K, committed 20864K, reserved 1048576K
}
Event: 132.801 GC heap after
{Heap after GC invocations=54 (full 0):
 garbage-first heap   total 284672K, used 184275K [0x0000000080000000, 0x0000000100000000)
  region size 1024K, 5 young (5120K), 5 survivors (5120K)
 Metaspace       used 152817K, committed 155200K, reserved 1245184K
  class space    used 19618K, committed 20864K, reserved 1048576K
}
Event: 135.331 GC heap before
{Heap before GC invocations=54 (full 0):
 garbage-first heap   total 284672K, used 264147K [0x0000000080000000, 0x0000000100000000)
  region size 1024K, 83 young (84992K), 5 survivors (5120K)
 Metaspace       used 156578K, committed 159040K, reserved 1245184K
  class space    used 20123K, committed 21376K, reserved 1048576K
}

Dll operation events (3 events):
Event: 0.142 Loaded shared library C:\Program Files\Android\Android Studio1\jbr\bin\java.dll
Event: 0.152 Loaded shared library C:\Program Files\Android\Android Studio1\jbr\bin\zip.dll
Event: 1.006 Loaded shared library C:\Program Files\Android\Android Studio1\jbr\bin\verify.dll

Deoptimization events (20 events):
Event: 135.278 Thread 0x0000022773ec45f0 Uncommon trap: trap_request=0xffffffc6 fr.pc=0x00000227614e6cc8 relative=0x00000000000009c8
Event: 135.278 Thread 0x0000022773ec45f0 Uncommon trap: reason=bimorphic_or_optimized_type_check action=maybe_recompile pc=0x00000227614e6cc8 method=org.jetbrains.kotlin.storage.LockBasedStorageManager$MapBasedMemoizedFunction.invoke(Ljava/lang/Object;)Ljava/lang/Object; @ 34 c2
Event: 135.278 Thread 0x0000022773ec45f0 DEOPT PACKING pc=0x00000227614e6cc8 sp=0x000000d13cff5450
Event: 135.278 Thread 0x0000022773ec45f0 DEOPT UNPACKING pc=0x0000022760ee46a2 sp=0x000000d13cff5410 mode 2
Event: 135.278 Thread 0x0000022773ec45f0 Uncommon trap: trap_request=0xffffffc6 fr.pc=0x00000227614e6cc8 relative=0x00000000000009c8
Event: 135.278 Thread 0x0000022773ec45f0 Uncommon trap: reason=bimorphic_or_optimized_type_check action=maybe_recompile pc=0x00000227614e6cc8 method=org.jetbrains.kotlin.storage.LockBasedStorageManager$MapBasedMemoizedFunction.invoke(Ljava/lang/Object;)Ljava/lang/Object; @ 34 c2
Event: 135.278 Thread 0x0000022773ec45f0 DEOPT PACKING pc=0x00000227614e6cc8 sp=0x000000d13cff5450
Event: 135.278 Thread 0x0000022773ec45f0 DEOPT UNPACKING pc=0x0000022760ee46a2 sp=0x000000d13cff5410 mode 2
Event: 135.278 Thread 0x0000022773ec45f0 Uncommon trap: trap_request=0xffffffc6 fr.pc=0x00000227614e6cc8 relative=0x00000000000009c8
Event: 135.278 Thread 0x0000022773ec45f0 Uncommon trap: reason=bimorphic_or_optimized_type_check action=maybe_recompile pc=0x00000227614e6cc8 method=org.jetbrains.kotlin.storage.LockBasedStorageManager$MapBasedMemoizedFunction.invoke(Ljava/lang/Object;)Ljava/lang/Object; @ 34 c2
Event: 135.278 Thread 0x0000022773ec45f0 DEOPT PACKING pc=0x00000227614e6cc8 sp=0x000000d13cff5450
Event: 135.278 Thread 0x0000022773ec45f0 DEOPT UNPACKING pc=0x0000022760ee46a2 sp=0x000000d13cff5410 mode 2
Event: 135.278 Thread 0x0000022773ec45f0 DEOPT PACKING pc=0x0000022759d1647d sp=0x000000d13cff5000
Event: 135.278 Thread 0x0000022773ec45f0 DEOPT UNPACKING pc=0x0000022760ee4e42 sp=0x000000d13cff4490 mode 0
Event: 135.299 Thread 0x0000022773ec45f0 DEOPT PACKING pc=0x0000022759d1647d sp=0x000000d13cff5390
Event: 135.299 Thread 0x0000022773ec45f0 DEOPT UNPACKING pc=0x0000022760ee4e42 sp=0x000000d13cff4820 mode 0
Event: 135.322 Thread 0x0000022773ec45f0 Uncommon trap: trap_request=0xffffff45 fr.pc=0x00000227619a39e4 relative=0x0000000000001d84
Event: 135.322 Thread 0x0000022773ec45f0 Uncommon trap: reason=unstable_if action=reinterpret pc=0x00000227619a39e4 method=org.jetbrains.kotlin.metadata.ProtoBuf$ValueParameter.getSerializedSize()I @ 132 c2
Event: 135.322 Thread 0x0000022773ec45f0 DEOPT PACKING pc=0x00000227619a39e4 sp=0x000000d13cff4ac0
Event: 135.322 Thread 0x0000022773ec45f0 DEOPT UNPACKING pc=0x0000022760ee46a2 sp=0x000000d13cff4920 mode 2

Classes loaded (20 events):
Event: 132.883 Loading class java/time/Clock
Event: 132.884 Loading class java/time/InstantSource
Event: 132.884 Loading class java/time/InstantSource done
Event: 132.884 Loading class java/time/Clock done
Event: 132.884 Loading class java/time/Clock$SystemClock
Event: 132.884 Loading class java/time/Clock$SystemClock done
Event: 132.884 Loading class java/time/format/DateTimePrintContext
Event: 132.884 Loading class java/time/format/DateTimePrintContext done
Event: 132.884 Loading class java/time/temporal/WeekFields
Event: 132.895 Loading class java/time/temporal/WeekFields done
Event: 132.896 Loading class java/time/temporal/WeekFields$ComputedDayOfField
Event: 132.896 Loading class java/time/temporal/WeekFields$ComputedDayOfField done
Event: 132.896 Loading class java/time/LocalDate$1
Event: 132.897 Loading class java/time/LocalDate$1 done
Event: 132.897 Loading class java/time/format/DateTimeFormatterBuilder$2
Event: 132.897 Loading class java/time/format/DateTimeFormatterBuilder$2 done
Event: 132.897 Loading class java/time/LocalTime$1
Event: 132.897 Loading class java/time/LocalTime$1 done
Event: 134.074 Loading class java/lang/StackTraceElement$HashedModules
Event: 134.074 Loading class java/lang/StackTraceElement$HashedModules done

Classes unloaded (0 events):
No events

Classes redefined (0 events):
No events

Internal exceptions (20 events):
Event: 132.852 Thread 0x0000022773ec45f0 Exception <a 'java/lang/NoSuchMethodError'{0x00000000ffa4e608}: static Lorg/jetbrains/kotlin/gradle/targets/js/nodejs/DefaultUnameExecutorVariantFactory;.<clinit>()V> (0x00000000ffa4e608) 
thrown [s\src\hotspot\share\prims\jni.cpp, line 1135]
Event: 132.853 Thread 0x0000022773ec45f0 Exception <a 'java/lang/NoSuchMethodError'{0x00000000ffa6e2e0}: static Lorg/jetbrains/kotlin/gradle/plugin/internal/DefaultBasePluginConfigurationVariantFactory;.<clinit>()V> (0x00000000ffa6e2e0) 
thrown [s\src\hotspot\share\prims\jni.cpp, line 1135]
Event: 132.856 Thread 0x0000022773ec45f0 Exception <a 'java/lang/NoSuchMethodError'{0x00000000ffa8dcb8}: static Lorg/jetbrains/kotlin/gradle/plugin/internal/DefaultIdeaSyncDetectorVariantFactory;.<clinit>()V> (0x00000000ffa8dcb8) 
thrown [s\src\hotspot\share\prims\jni.cpp, line 1135]
Event: 132.859 Thread 0x0000022773ec45f0 Exception <a 'java/lang/NoSuchMethodError'{0x00000000ffaae420}: static Lorg/jetbrains/kotlin/gradle/plugin/internal/DefaultKotlinTestReportCompatibilityHelperVariantFactory;.<clinit>()V> (0x00000000ffaae420) 
thrown [s\src\hotspot\share\prims\jni.cpp, line 1135]
Event: 132.880 Thread 0x0000022773ec45f0 Implicit null exception at 0x0000022761583ce8 to 0x0000022761583d6c
Event: 132.880 Thread 0x0000022773ec45f0 Implicit null exception at 0x0000022761a645e0 to 0x0000022761a66ff4
Event: 134.274 Thread 0x0000022773ec45f0 Exception <a 'java/lang/ClassNotFoundException'{0x000000008dd14110}: org/jetbrains/kotlin/gradle/targets/js/npm/DefaultNpmDependencyExtensionBeanInfo> (0x000000008dd14110) 
thrown [s\src\hotspot\share\classfile\systemDictionary.cpp, line 312]
Event: 134.275 Thread 0x0000022773ec45f0 Exception <a 'java/lang/ClassNotFoundException'{0x000000008dd22580}: org/jetbrains/kotlin/gradle/targets/js/npm/DefaultNpmDependencyExtensionCustomizer> (0x000000008dd22580) 
thrown [s\src\hotspot\share\classfile\systemDictionary.cpp, line 312]
Event: 134.284 Thread 0x0000022773ec45f0 Exception <a 'java/lang/ClassNotFoundException'{0x000000008ddb4ad8}: org/jetbrains/kotlin/gradle/targets/js/npm/NpmDependencyExtensionKt$defaultNpmDependencyDelegate$1BeanInfo> (0x000000008ddb4ad8) 
thrown [s\src\hotspot\share\classfile\systemDictionary.cpp, line 312]
Event: 134.286 Thread 0x0000022773ec45f0 Exception <a 'java/lang/ClassNotFoundException'{0x000000008ddc3778}: org/jetbrains/kotlin/gradle/targets/js/npm/NpmDependencyExtensionDelegateBeanInfo> (0x000000008ddc3778) 
thrown [s\src\hotspot\share\classfile\systemDictionary.cpp, line 312]
Event: 134.287 Thread 0x0000022773ec45f0 Exception <a 'java/lang/ClassNotFoundException'{0x000000008ddd1ec8}: org/jetbrains/kotlin/gradle/targets/js/npm/NpmDependencyExtensionDelegateCustomizer> (0x000000008ddd1ec8) 
thrown [s\src\hotspot\share\classfile\systemDictionary.cpp, line 312]
Event: 134.290 Thread 0x0000022773ec45f0 Exception <a 'java/lang/ClassNotFoundException'{0x000000008dc03450}: org/jetbrains/kotlin/gradle/targets/js/npm/NpmDependencyExtensionKt$defaultNpmDependencyDelegate$1Customizer> (0x000000008dc03450) 
thrown [s\src\hotspot\share\classfile\systemDictionary.cpp, line 312]
Event: 134.295 Thread 0x0000022773ec45f0 Exception <a 'java/lang/ClassNotFoundException'{0x000000008dc43870}: org/jetbrains/kotlin/gradle/targets/js/npm/DefaultDevNpmDependencyExtensionBeanInfo> (0x000000008dc43870) 
thrown [s\src\hotspot\share\classfile\systemDictionary.cpp, line 312]
Event: 134.295 Thread 0x0000022773ec45f0 Exception <a 'java/lang/ClassNotFoundException'{0x000000008dc51d18}: org/jetbrains/kotlin/gradle/targets/js/npm/DefaultDevNpmDependencyExtensionCustomizer> (0x000000008dc51d18) 
thrown [s\src\hotspot\share\classfile\systemDictionary.cpp, line 312]
Event: 134.299 Thread 0x0000022773ec45f0 Exception <a 'java/lang/ClassNotFoundException'{0x000000008dc9b190}: org/jetbrains/kotlin/gradle/targets/js/npm/DefaultPeerNpmDependencyExtensionBeanInfo> (0x000000008dc9b190) 
thrown [s\src\hotspot\share\classfile\systemDictionary.cpp, line 312]
Event: 134.300 Thread 0x0000022773ec45f0 Exception <a 'java/lang/ClassNotFoundException'{0x000000008dca9670}: org/jetbrains/kotlin/gradle/targets/js/npm/DefaultPeerNpmDependencyExtensionCustomizer> (0x000000008dca9670) 
thrown [s\src\hotspot\share\classfile\systemDictionary.cpp, line 312]
Event: 134.305 Thread 0x0000022773ec45f0 Exception <a 'java/lang/ClassNotFoundException'{0x000000008dcfbd78}: org/jetbrains/kotlin/gradle/targets/js/npm/DefaultPeerNpmDependencyExtension$delegate$1BeanInfo> (0x000000008dcfbd78) 
thrown [s\src\hotspot\share\classfile\systemDictionary.cpp, line 312]
Event: 134.306 Thread 0x0000022773ec45f0 Exception <a 'java/lang/ClassNotFoundException'{0x000000008db0aa80}: org/jetbrains/kotlin/gradle/targets/js/npm/DefaultPeerNpmDependencyExtension$delegate$1Customizer> (0x000000008db0aa80) 
thrown [s\src\hotspot\share\classfile\systemDictionary.cpp, line 312]
Event: 135.236 Thread 0x0000022773ec45f0 Exception <a 'sun/nio/fs/WindowsException'{0x000000008c21ba70}> (0x000000008c21ba70) 
thrown [s\src\hotspot\share\prims\jni.cpp, line 535]
Event: 135.237 Thread 0x0000022773ec45f0 Exception <a 'sun/nio/fs/WindowsException'{0x000000008c21d870}> (0x000000008c21d870) 
thrown [s\src\hotspot\share\prims\jni.cpp, line 535]

ZGC Phase Switch (0 events):
No events

VM Operations (20 events):
Event: 127.330 Executing VM operation: Cleanup done
Event: 128.331 Executing VM operation: Cleanup
Event: 128.331 Executing VM operation: Cleanup done
Event: 128.756 Executing VM operation: HandshakeAllThreads (Deoptimize)
Event: 128.756 Executing VM operation: HandshakeAllThreads (Deoptimize) done
Event: 129.546 Executing VM operation: G1CollectForAllocation (G1 Evacuation Pause)
Event: 129.561 Executing VM operation: G1CollectForAllocation (G1 Evacuation Pause) done
Event: 130.566 Executing VM operation: Cleanup
Event: 130.566 Executing VM operation: Cleanup done
Event: 131.568 Executing VM operation: Cleanup
Event: 131.569 Executing VM operation: Cleanup done
Event: 132.504 Executing VM operation: HandshakeAllThreads (Deoptimize)
Event: 132.504 Executing VM operation: HandshakeAllThreads (Deoptimize) done
Event: 132.778 Executing VM operation: G1CollectForAllocation (G1 Evacuation Pause)
Event: 132.801 Executing VM operation: G1CollectForAllocation (G1 Evacuation Pause) done
Event: 133.442 Executing VM operation: HandshakeAllThreads (Deoptimize)
Event: 133.442 Executing VM operation: HandshakeAllThreads (Deoptimize) done
Event: 134.443 Executing VM operation: Cleanup
Event: 134.444 Executing VM operation: Cleanup done
Event: 135.330 Executing VM operation: G1CollectForAllocation (G1 Evacuation Pause)

Memory protections (0 events):
No events

Nmethod flushes (20 events):
Event: 123.748 Thread 0x000002276d680f60 flushing  nmethod 0x000002275a0c7c90
Event: 123.748 Thread 0x000002276d680f60 flushing  nmethod 0x000002275a0c8890
Event: 123.748 Thread 0x000002276d680f60 flushing  nmethod 0x000002275a16b410
Event: 123.748 Thread 0x000002276d680f60 flushing  nmethod 0x000002275a17f010
Event: 123.748 Thread 0x000002276d680f60 flushing  nmethod 0x000002275a1b5e90
Event: 123.748 Thread 0x000002276d680f60 flushing  nmethod 0x000002275a1c0890
Event: 123.748 Thread 0x000002276d680f60 flushing  nmethod 0x000002275a1c7a10
Event: 123.748 Thread 0x000002276d680f60 flushing  nmethod 0x000002275a206c90
Event: 123.748 Thread 0x000002276d680f60 flushing  nmethod 0x000002275a208590
Event: 123.748 Thread 0x000002276d680f60 flushing  nmethod 0x000002275a278690
Event: 123.748 Thread 0x000002276d680f60 flushing  nmethod 0x000002275a36b890
Event: 123.748 Thread 0x000002276d680f60 flushing  nmethod 0x000002275a3d3210
Event: 123.748 Thread 0x000002276d680f60 flushing  nmethod 0x000002275a3d7f10
Event: 123.748 Thread 0x000002276d680f60 flushing  nmethod 0x000002275a4d9910
Event: 123.748 Thread 0x000002276d680f60 flushing  nmethod 0x000002275a676210
Event: 123.748 Thread 0x000002276d680f60 flushing  nmethod 0x000002275a6e9910
Event: 123.748 Thread 0x000002276d680f60 flushing  nmethod 0x000002275a6ee090
Event: 123.748 Thread 0x000002276d680f60 flushing  nmethod 0x000002275a8b0610
Event: 123.748 Thread 0x000002276d680f60 flushing  nmethod 0x000002275a8b8b90
Event: 123.748 Thread 0x000002276d680f60 flushing  nmethod 0x000002275a8df090

Events (20 events):
Event: 115.950 Thread 0x0000022774eb24e0 Thread exited: 0x0000022774eb24e0
Event: 117.074 Thread 0x000002276d8afbb0 Thread added: 0x0000022774eb24e0
Event: 118.269 Thread 0x0000022774eb24e0 Thread exited: 0x0000022774eb24e0
Event: 118.281 Thread 0x000002276d8b0650 Thread added: 0x0000022774eb4020
Event: 118.695 Thread 0x0000022774eb4020 Thread exited: 0x0000022774eb4020
Event: 119.506 Thread 0x000002276d8b0650 Thread added: 0x0000022774eb24e0
Event: 119.676 Thread 0x0000022774eb24e0 Thread exited: 0x0000022774eb24e0
Event: 120.346 Thread 0x000002276d8b0650 Thread added: 0x00000227799057b0
Event: 120.476 Thread 0x00000227799057b0 Thread exited: 0x00000227799057b0
Event: 128.857 Thread 0x0000022773ec45f0 Thread added: 0x0000022779468880
Event: 128.887 Thread 0x000002276d8afbb0 Thread added: 0x0000022779901390
Event: 129.878 Thread 0x0000022779901390 Thread exited: 0x0000022779901390
Event: 131.481 Thread 0x000002276d8b0650 Thread added: 0x00000227799050e0
Event: 131.908 Thread 0x00000227799050e0 Thread exited: 0x00000227799050e0
Event: 132.197 Thread 0x000002276d8b0650 Thread added: 0x0000022779902130
Event: 132.356 Thread 0x0000022779902130 Thread exited: 0x0000022779902130
Event: 132.506 Thread 0x0000022773ec45f0 Thread added: 0x000002277946a2c0
Event: 133.604 Thread 0x000002276d8afbb0 Thread added: 0x0000022779906c20
Event: 133.728 Thread 0x0000022779906c20 Thread exited: 0x0000022779906c20
Event: 134.252 Thread 0x000002276d8b0650 Thread added: 0x0000022779906c20


Dynamic libraries:
0x00007ff7af030000 - 0x00007ff7af03a000 	C:\Program Files\Android\Android Studio1\jbr\bin\java.exe
0x00007fff57950000 - 0x00007fff57b48000 	C:\WINDOWS\SYSTEM32\ntdll.dll
0x00007fff57810000 - 0x00007fff578d2000 	C:\WINDOWS\System32\KERNEL32.DLL
0x00007fff550d0000 - 0x00007fff553cf000 	C:\WINDOWS\System32\KERNELBASE.dll
0x00007fff55510000 - 0x00007fff55610000 	C:\WINDOWS\System32\ucrtbase.dll
0x00007fff44ad0000 - 0x00007fff44aeb000 	C:\Program Files\Android\Android Studio1\jbr\bin\VCRUNTIME140.dll
0x00007fff4e350000 - 0x00007fff4e368000 	C:\Program Files\Android\Android Studio1\jbr\bin\jli.dll
0x00007fff57580000 - 0x00007fff5771d000 	C:\WINDOWS\System32\USER32.dll
0x00007fff55020000 - 0x00007fff55042000 	C:\WINDOWS\System32\win32u.dll
0x00007fff47cb0000 - 0x00007fff47f4a000 	C:\WINDOWS\WinSxS\amd64_microsoft.windows.common-controls_6595b64144ccf1df_6.0.19041.4355_none_60b8b9eb71f62e16\COMCTL32.dll
0x00007fff56480000 - 0x00007fff5651e000 	C:\WINDOWS\System32\msvcrt.dll
0x00007fff57720000 - 0x00007fff5774b000 	C:\WINDOWS\System32\GDI32.dll
0x00007fff556b0000 - 0x00007fff557c7000 	C:\WINDOWS\System32\gdi32full.dll
0x00007fff55610000 - 0x00007fff556ad000 	C:\WINDOWS\System32\msvcp_win.dll
0x00007fff574f0000 - 0x00007fff5751f000 	C:\WINDOWS\System32\IMM32.DLL
0x00007fff4e300000 - 0x00007fff4e30c000 	C:\Program Files\Android\Android Studio1\jbr\bin\vcruntime140_1.dll
0x00007fff25e20000 - 0x00007fff25ead000 	C:\Program Files\Android\Android Studio1\jbr\bin\msvcp140.dll
0x00007ffef43b0000 - 0x00007ffef5033000 	C:\Program Files\Android\Android Studio1\jbr\bin\server\jvm.dll
0x00007fff57750000 - 0x00007fff57801000 	C:\WINDOWS\System32\ADVAPI32.dll
0x00007fff56b20000 - 0x00007fff56bbf000 	C:\WINDOWS\System32\sechost.dll
0x00007fff56ce0000 - 0x00007fff56e03000 	C:\WINDOWS\System32\RPCRT4.dll
0x00007fff55050000 - 0x00007fff55077000 	C:\WINDOWS\System32\bcrypt.dll
0x00007fff569e0000 - 0x00007fff56a4b000 	C:\WINDOWS\System32\WS2_32.dll
0x00007fff54e90000 - 0x00007fff54edb000 	C:\WINDOWS\SYSTEM32\POWRPROF.dll
0x00007fff53a40000 - 0x00007fff53a67000 	C:\WINDOWS\SYSTEM32\WINMM.dll
0x00007fff4a3c0000 - 0x00007fff4a3ca000 	C:\WINDOWS\SYSTEM32\VERSION.dll
0x00007fff54e70000 - 0x00007fff54e82000 	C:\WINDOWS\SYSTEM32\UMPDC.dll
0x00007fff52930000 - 0x00007fff52942000 	C:\WINDOWS\SYSTEM32\kernel.appcore.dll
0x00007fff4e270000 - 0x00007fff4e27a000 	C:\Program Files\Android\Android Studio1\jbr\bin\jimage.dll
0x00007fff469d0000 - 0x00007fff46bb4000 	C:\WINDOWS\SYSTEM32\DBGHELP.DLL
0x00007fff465a0000 - 0x00007fff465d4000 	C:\WINDOWS\SYSTEM32\dbgcore.DLL
0x00007fff55480000 - 0x00007fff55502000 	C:\WINDOWS\System32\bcryptPrimitives.dll
0x00007fff4d610000 - 0x00007fff4d61e000 	C:\Program Files\Android\Android Studio1\jbr\bin\instrument.dll
0x00007fff3e840000 - 0x00007fff3e860000 	C:\Program Files\Android\Android Studio1\jbr\bin\java.dll
0x00007fff3a070000 - 0x00007fff3a088000 	C:\Program Files\Android\Android Studio1\jbr\bin\zip.dll
0x00007fff55930000 - 0x00007fff5609e000 	C:\WINDOWS\System32\SHELL32.dll
0x00007fff52b30000 - 0x00007fff532d4000 	C:\WINDOWS\SYSTEM32\windows.storage.dll
0x00007fff56520000 - 0x00007fff56875000 	C:\WINDOWS\System32\combase.dll
0x00007fff548e0000 - 0x00007fff5490f000 	C:\WINDOWS\SYSTEM32\Wldp.dll
0x00007fff56a50000 - 0x00007fff56b1d000 	C:\WINDOWS\System32\OLEAUT32.dll
0x00007fff562f0000 - 0x00007fff5639d000 	C:\WINDOWS\System32\SHCORE.dll
0x00007fff56100000 - 0x00007fff56155000 	C:\WINDOWS\System32\shlwapi.dll
0x00007fff54ee0000 - 0x00007fff54f04000 	C:\WINDOWS\SYSTEM32\profapi.dll
0x00007fff452b0000 - 0x00007fff452c0000 	C:\Program Files\Android\Android Studio1\jbr\bin\net.dll
0x00007fff4d9e0000 - 0x00007fff4daed000 	C:\WINDOWS\SYSTEM32\WINHTTP.dll
0x00007fff54610000 - 0x00007fff5467a000 	C:\WINDOWS\system32\mswsock.dll
0x00007fff37c40000 - 0x00007fff37c56000 	C:\Program Files\Android\Android Studio1\jbr\bin\nio.dll
0x00007fff4bb20000 - 0x00007fff4bb30000 	C:\Program Files\Android\Android Studio1\jbr\bin\verify.dll
0x00007fff38230000 - 0x00007fff38257000 	C:\Users\Lena\.gradle\native\c067742578af261105cb4f569cf0c3c89f3d7b1fecec35dd04571415982c5e48\windows-amd64\native-platform.dll
0x00007fff228c0000 - 0x00007fff22a04000 	C:\Users\Lena\.gradle\native\100fb08df4bc3b14c8652ba06237920a3bd2aa13389f12d3474272988ae205f9\windows-amd64\native-platform-file-events.dll
0x00007fff44b70000 - 0x00007fff44b79000 	C:\Program Files\Android\Android Studio1\jbr\bin\management.dll
0x00007fff44b60000 - 0x00007fff44b6b000 	C:\Program Files\Android\Android Studio1\jbr\bin\management_ext.dll
0x00007fff56460000 - 0x00007fff56468000 	C:\WINDOWS\System32\PSAPI.DLL
0x00007fff54830000 - 0x00007fff54848000 	C:\WINDOWS\SYSTEM32\CRYPTSP.dll
0x00007fff54810000 - 0x00007fff54827000 	C:\Program Files\Common Files\Crypto Pro\AppCompat\cpadvai.dll
0x00007fff53f30000 - 0x00007fff53f64000 	C:\WINDOWS\system32\rsaenh.dll
0x00007fff54e30000 - 0x00007fff54e5e000 	C:\WINDOWS\SYSTEM32\USERENV.dll
0x00007fff54850000 - 0x00007fff5485c000 	C:\WINDOWS\SYSTEM32\CRYPTBASE.dll
0x00007fff542f0000 - 0x00007fff5432b000 	C:\WINDOWS\SYSTEM32\IPHLPAPI.DLL
0x00007fff56450000 - 0x00007fff56458000 	C:\WINDOWS\System32\NSI.dll
0x00007fff4e330000 - 0x00007fff4e339000 	C:\Program Files\Android\Android Studio1\jbr\bin\extnet.dll
0x00007fff451a0000 - 0x00007fff451a7000 	C:\WINDOWS\system32\wshunix.dll
0x00007fff54330000 - 0x00007fff543fa000 	C:\WINDOWS\SYSTEM32\DNSAPI.dll
0x00007fff4baf0000 - 0x00007fff4bafa000 	C:\Windows\System32\rasadhlp.dll
0x00007fff4c400000 - 0x00007fff4c480000 	C:\WINDOWS\System32\fwpuclnt.dll

dbghelp: loaded successfully - version: 4.0.5 - missing functions: none
symbol engine: initialized successfully - sym options: 0x614 - pdb path: .;C:\Program Files\Android\Android Studio1\jbr\bin;C:\WINDOWS\SYSTEM32;C:\WINDOWS\WinSxS\amd64_microsoft.windows.common-controls_6595b64144ccf1df_6.0.19041.4355_none_60b8b9eb71f62e16;C:\Program Files\Android\Android Studio1\jbr\bin\server;C:\Users\Lena\.gradle\native\c067742578af261105cb4f569cf0c3c89f3d7b1fecec35dd04571415982c5e48\windows-amd64;C:\Users\Lena\.gradle\native\100fb08df4bc3b14c8652ba06237920a3bd2aa13389f12d3474272988ae205f9\windows-amd64;C:\Program Files\Common Files\Crypto Pro\AppCompat

VM Arguments:
jvm_args: --add-opens=java.base/java.util=ALL-UNNAMED --add-opens=java.base/java.lang=ALL-UNNAMED --add-opens=java.base/java.lang.invoke=ALL-UNNAMED --add-opens=java.prefs/java.util.prefs=ALL-UNNAMED --add-exports=jdk.compiler/com.sun.tools.javac.api=ALL-UNNAMED --add-exports=jdk.compiler/com.sun.tools.javac.util=ALL-UNNAMED --add-opens=java.base/java.nio.charset=ALL-UNNAMED --add-opens=java.base/java.net=ALL-UNNAMED --add-opens=java.base/java.util.concurrent.atomic=ALL-UNNAMED -Xmx2048m -Dfile.encoding=UTF-8 -Duser.country=RU -Duser.language=ru -Duser.variant -javaagent:C:\Users\Lena\.gradle\wrapper\dists\gradle-8.10.2-bin\a04bxjujx95o3nb99gddekhwo\gradle-8.10.2\lib\agents\gradle-instrumentation-agent-8.10.2.jar 
java_command: org.gradle.launcher.daemon.bootstrap.GradleDaemon 8.10.2
java_class_path (initial): C:\Users\Lena\.gradle\wrapper\dists\gradle-8.10.2-bin\a04bxjujx95o3nb99gddekhwo\gradle-8.10.2\lib\gradle-daemon-main-8.10.2.jar
Launcher Type: SUN_STANDARD

[Global flags]
     intx CICompilerCount                          = 3                                         {product} {ergonomic}
     uint ConcGCThreads                            = 1                                         {product} {ergonomic}
     uint G1ConcRefinementThreads                  = 4                                         {product} {ergonomic}
   size_t G1HeapRegionSize                         = 1048576                                   {product} {ergonomic}
    uintx GCDrainStackTargetSize                   = 64                                        {product} {ergonomic}
   size_t InitialHeapSize                          = 268435456                                 {product} {ergonomic}
   size_t MarkStackSize                            = 4194304                                   {product} {ergonomic}
   size_t MaxHeapSize                              = 2147483648                                {product} {command line}
   size_t MaxNewSize                               = 1287651328                                {product} {ergonomic}
   size_t MinHeapDeltaBytes                        = 1048576                                   {product} {ergonomic}
   size_t MinHeapSize                              = 8388608                                   {product} {ergonomic}
    uintx NonNMethodCodeHeapSize                   = 5832780                                {pd product} {ergonomic}
    uintx NonProfiledCodeHeapSize                  = 122912730                              {pd product} {ergonomic}
    uintx ProfiledCodeHeapSize                     = 122912730                              {pd product} {ergonomic}
    uintx ReservedCodeCacheSize                    = 251658240                              {pd product} {ergonomic}
     bool SegmentedCodeCache                       = true                                      {product} {ergonomic}
   size_t SoftMaxHeapSize                          = 2147483648                             {manageable} {ergonomic}
     bool UseCompressedOops                        = true                           {product lp64_product} {ergonomic}
     bool UseG1GC                                  = true                                      {product} {ergonomic}
     bool UseLargePagesIndividualAllocation        = false                                  {pd product} {ergonomic}

Logging:
Log output configuration:
 #0: stdout all=warning uptime,level,tags foldmultilines=false
 #1: stderr all=off uptime,level,tags foldmultilines=false

Environment Variables:
PATH=C:\ProgramData\Oracle\Java\javapath;C:\Program Files (x86)\Intel\iCLS Client\;C:\Program Files\Intel\iCLS Client\;C:\WINDOWS\system32;C:\WINDOWS;C:\WINDOWS\System32\Wbem;C:\WINDOWS\System32\WindowsPowerShell\v1.0\;C:\Program Files (x86)\Intel\Intel(R) Management Engine Components\DAL;C:\Program Files\Intel\Intel(R) Management Engine Components\DAL;C:\Program Files (x86)\Intel\Intel(R) Management Engine Components\IPT;C:\Program Files\Intel\Intel(R) Management Engine Components\IPT;C:\WINDOWS\System32\OpenSSH\;C:\Program Files (x86)\PowerShell\7\;C:\Program Files\nodejs\;C:\Program Files\TortoiseGit\bin;C:\Program Files\Git\cmd;C:\OpenServer\bin;C:\Users\Lena\AppData\Local\Microsoft\WindowsApps;C:\Users\Lena\AppData\Roaming\npm
USERNAME=Lena
OS=Windows_NT
PROCESSOR_IDENTIFIER=Intel64 Family 6 Model 78 Stepping 3, GenuineIntel
TMP=C:\Users\Lena\AppData\Local\Temp
TEMP=C:\Users\Lena\AppData\Local\Temp




Periodic native trim disabled

JNI global refs:
JNI global refs: 30, weak refs: 0

JNI global refs memory usage: 835, weak refs: 833

Process memory usage:
Resident Set Size: 651776K (3% of 16670496K total physical memory with 4380276K free physical memory)

OOME stack traces (most recent first):
Classloader memory used:
Loader org.gradle.internal.classloader.VisitableURLClassLoader                         : 95205K
Loader bootstrap                                                                       : 32328K
Loader org.gradle.initialization.MixInLegacyTypesClassLoader                           : 13233K
Loader org.gradle.internal.classloader.VisitableURLClassLoader$InstrumentingVisitableURLClassLoader: 13037K
Loader org.gradle.internal.classloader.VisitableURLClassLoader                         : 923K
Loader jdk.internal.loader.ClassLoaders$PlatformClassLoader                            : 815K
Loader jdk.internal.jrtfs.JrtFileSystemProvider$JrtFsLoader                            : 337K
Loader jdk.internal.reflect.DelegatingClassLoader                                      : 325K
Loader jdk.internal.loader.ClassLoaders$AppClassLoader                                 : 234K
Loader org.gradle.groovy.scripts.internal.DefaultScriptCompilationHandler$ScriptClassLoader: 88408B
Loader org.codehaus.groovy.runtime.callsite.CallSiteClassLoader                        : 48680B
Loader sun.reflect.misc.MethodUtil                                                     : 2952B

Classes loaded by more than one classloader:
Class Program                                                                         : loaded 4 times (x 70B)
Class org.gradle.api.GradleException                                                  : loaded 3 times (x 78B)
Class com.google.common.collect.RegularImmutableMap$KeySet                            : loaded 2 times (x 146B)
Class org.gradle.internal.classloader.FilteringClassLoader                            : loaded 2 times (x 101B)
Class [Lcom.google.common.base.AbstractIterator$State;                                : loaded 2 times (x 65B)
Class com.google.common.base.CharMatcher$IsEither                                     : loaded 2 times (x 107B)
Class jdk.internal.jimage.BasicImageReader                                            : loaded 2 times (x 91B)
Class org.gradle.internal.classloader.ClassLoaderHierarchy                            : loaded 2 times (x 66B)
Class com.google.common.collect.ImmutableEnumSet                                      : loaded 2 times (x 142B)
Class com.google.common.util.concurrent.ExecutionError                                : loaded 2 times (x 78B)
Class com.google.common.collect.ImmutableList$1                                       : loaded 2 times (x 93B)
Class org.gradle.api.internal.classpath.ManifestUtil                                  : loaded 2 times (x 67B)
Class com.google.common.collect.RegularImmutableMap                                   : loaded 2 times (x 117B)
Class com.google.common.collect.ImmutableMap$MapViewOfValuesAsSingletonSets           : loaded 2 times (x 121B)
Class org.jetbrains.plugins.gradle.model.GradleExtensions                             : loaded 2 times (x 66B)
Class org.jetbrains.plugins.gradle.model.AnnotationProcessingModel                    : loaded 2 times (x 66B)
Class [Lorg.objectweb.asm.Symbol;                                                     : loaded 2 times (x 65B)
Class org.objectweb.asm.ClassVisitor                                                  : loaded 2 times (x 84B)
Class com.google.common.collect.UnmodifiableListIterator                              : loaded 2 times (x 91B)
Class jdk.internal.jimage.decompressor.StringSharingDecompressorFactory               : loaded 2 times (x 70B)
Class org.gradle.internal.operations.MultipleBuildOperationFailures                   : loaded 2 times (x 91B)
Class org.objectweb.asm.MethodTooLargeException                                       : loaded 2 times (x 79B)
Class [Lcom.google.common.cache.CacheBuilder$OneWeigher;                              : loaded 2 times (x 65B)
Class com.google.common.base.Suppliers                                                : loaded 2 times (x 67B)
Class org.jetbrains.kotlin.idea.gradleTooling.model.noarg.NoArgModel                  : loaded 2 times (x 66B)
Class org.gradle.internal.classloader.DefaultClassLoaderFactory                       : loaded 2 times (x 78B)
Class com.google.common.base.CharMatcher$None                                         : loaded 2 times (x 108B)
Class kotlin.collections.AbstractList$Companion                                       : loaded 2 times (x 67B)
Class org.gradle.internal.classloader.ClassLoaderVisitor                              : loaded 2 times (x 72B)
Class [Lcom.google.common.collect.ImmutableMapEntry;                                  : loaded 2 times (x 65B)
Class org.gradle.api.internal.classpath.EffectiveClassPath                            : loaded 2 times (x 86B)
Class [Lorg.jetbrains.kotlin.config.LanguageOrApiVersion;                             : loaded 2 times (x 65B)
Class com.google.common.collect.ImmutableEnumMap                                      : loaded 2 times (x 121B)
Class com.google.common.collect.ListMultimap                                          : loaded 2 times (x 66B)
Class org.gradle.tooling.internal.gradle.DefaultProjectIdentifier                     : loaded 2 times (x 82B)
Class com.google.common.collect.Sets$1                                                : loaded 2 times (x 135B)
Class org.objectweb.asm.AnnotationVisitor                                             : loaded 2 times (x 74B)
Class com.google.common.base.Splitter                                                 : loaded 2 times (x 68B)
Class org.jetbrains.kotlin.idea.gradleTooling.model.allopen.AllOpenModel              : loaded 2 times (x 66B)
Class org.gradle.api.internal.DefaultClassPathProvider                                : loaded 2 times (x 72B)
Class com.google.common.collect.Sets$2                                                : loaded 2 times (x 135B)
Class [Lorg.gradle.api.internal.ClassPathProvider;                                    : loaded 2 times (x 65B)
Class org.gradle.api.internal.ClassPathProvider                                       : loaded 2 times (x 66B)
Class org.jetbrains.kotlin.config.LanguageVersion$Companion                           : loaded 2 times (x 67B)
Class [Lorg.objectweb.asm.AnnotationVisitor;                                          : loaded 2 times (x 65B)
Class com.google.common.collect.Sets$3                                                : loaded 2 times (x 135B)
Class com.google.common.util.concurrent.AbstractFuture$SafeAtomicHelper               : loaded 2 times (x 75B)
Class com.google.common.cache.LocalCache$LocalLoadingCache                            : loaded 2 times (x 130B)
Class com.google.common.base.AbstractIterator$State                                   : loaded 2 times (x 75B)
Class jdk.internal.jrtfs.SystemImage                                                  : loaded 2 times (x 70B)
Class org.gradle.internal.service.UnknownServiceException                             : loaded 2 times (x 79B)
Class com.google.common.collect.Sets$4                                                : loaded 2 times (x 135B)
Class org.objectweb.asm.ModuleVisitor                                                 : loaded 2 times (x 77B)
Class com.google.common.cache.LocalCache$Strength$1                                   : loaded 2 times (x 77B)
Class org.jetbrains.kotlin.idea.gradleTooling.KotlinDslScriptAdditionalTask           : loaded 2 times (x 66B)
Class com.google.common.util.concurrent.SettableFuture                                : loaded 2 times (x 110B)
Class com.google.common.cache.LocalCache$Strength$2                                   : loaded 2 times (x 77B)
Class com.google.common.cache.LocalCache$Strength$3                                   : loaded 2 times (x 77B)
Class com.google.common.collect.MapDifference                                         : loaded 2 times (x 66B)
Class com.google.common.base.Splitter$1                                               : loaded 2 times (x 73B)
Class org.objectweb.asm.FieldWriter                                                   : loaded 2 times (x 74B)
Class com.google.common.cache.CacheBuilder$NullListener                               : loaded 2 times (x 78B)
Class org.gradle.internal.classpath.TransformedClassPath                              : loaded 2 times (x 92B)
Class org.gradle.internal.classloader.InstrumentingClassLoader                        : loaded 2 times (x 66B)
Class com.google.common.cache.CacheLoader$FunctionToCacheLoader                       : loaded 2 times (x 71B)
Class com.google.common.collect.Iterators$ArrayItr                                    : loaded 2 times (x 93B)
Class com.google.common.collect.ImmutableCollection$Builder                           : loaded 2 times (x 72B)
Class jdk.internal.jrtfs.SystemImage$1                                                : loaded 2 times (x 74B)
Class kotlin.enums.EnumEntriesList                                                    : loaded 2 times (x 219B)
Class com.google.common.base.Joiner                                                   : loaded 2 times (x 75B)
Class com.google.common.base.MoreObjects                                              : loaded 2 times (x 67B)
Class jdk.internal.jrtfs.SystemImage$2                                                : loaded 2 times (x 72B)
Class org.jetbrains.kotlin.config.LanguageOrApiVersion                                : loaded 2 times (x 66B)
Class [Lorg.objectweb.asm.Type;                                                       : loaded 2 times (x 65B)
Class com.google.common.base.Equivalence$Identity                                     : loaded 2 times (x 78B)
Class com.google.common.collect.UnmodifiableIterator                                  : loaded 2 times (x 76B)
Class org.jetbrains.kotlin.idea.gradleTooling.KotlinSourceSetContainer                : loaded 2 times (x 66B)
Class org.jetbrains.plugins.gradle.model.IntelliJSettings                             : loaded 2 times (x 66B)
Class sync_studio_tooling_6ek8d4on4got1l733ilggyepx                                   : loaded 2 times (x 175B)
Class org.gradle.internal.service.ServiceLocator                                      : loaded 2 times (x 66B)
Class com.google.common.base.Ascii                                                    : loaded 2 times (x 67B)
Class com.google.common.collect.SingletonImmutableBiMap                               : loaded 2 times (x 139B)
Class com.google.common.cache.LocalCache$1                                            : loaded 2 times (x 85B)
Class com.google.common.collect.AbstractMapEntry                                      : loaded 2 times (x 77B)
Class jdk.internal.jrtfs.JrtFileSystemProvider                                        : loaded 2 times (x 97B)
Class org.jetbrains.kotlin.android.synthetic.idea.AndroidExtensionsGradleModel        : loaded 2 times (x 66B)
Class org.gradle.tooling.model.UnsupportedMethodException                             : loaded 2 times (x 78B)
Class com.google.common.cache.LocalCache$2                                            : loaded 2 times (x 138B)
Class com.google.common.collect.AbstractMultimap                                      : loaded 2 times (x 119B)
Class com.google.common.util.concurrent.AbstractFuture$UnsafeAtomicHelper$1           : loaded 2 times (x 72B)
Class com.google.common.collect.RegularImmutableAsList                                : loaded 2 times (x 212B)
Class com.google.common.util.concurrent.AbstractFuture$Trusted                        : loaded 2 times (x 66B)
Class com.google.common.collect.Iterators                                             : loaded 2 times (x 67B)
Class com.google.common.base.CharMatcher$RangesMatcher                                : loaded 2 times (x 108B)
Class com.google.common.util.concurrent.UncheckedExecutionException                   : loaded 2 times (x 78B)
Class com.google.common.collect.Lists$StringAsImmutableList                           : loaded 2 times (x 203B)
Class org.gradle.kotlin.dsl.VersionCatalogAccessorsKt                                 : loaded 2 times (x 67B)
Class jdk.internal.jimage.ImageLocation                                               : loaded 2 times (x 86B)
Class jdk.internal.jrtfs.JrtDirectoryStream$1                                         : loaded 2 times (x 79B)
Class com.google.common.base.CharMatcher$JavaLetterOrDigit                            : loaded 2 times (x 107B)
Class org.gradle.internal.InternalTransformer                                         : loaded 2 times (x 66B)
Class org.objectweb.asm.ClassWriter                                                   : loaded 2 times (x 102B)
Class com.google.common.cache.CacheLoader$UnsupportedLoadingOperationException        : loaded 2 times (x 78B)
Class com.google.common.base.CharMatcher$And                                          : loaded 2 times (x 108B)
Class jdk.internal.jimage.ImageBufferCache$1                                          : loaded 2 times (x 79B)
Class org.gradle.internal.time.DefaultTimer                                           : loaded 2 times (x 76B)
Class org.gradle.internal.classloader.ClasspathUtil$1                                 : loaded 2 times (x 72B)
Class org.objectweb.asm.FieldVisitor                                                  : loaded 2 times (x 73B)
Class com.google.common.collect.IndexedImmutableSet                                   : loaded 2 times (x 146B)
Class com.google.common.collect.ImmutableMap$1                                        : loaded 2 times (x 77B)
Class com.google.common.collect.BiMap                                                 : loaded 2 times (x 66B)
Class jdk.internal.jimage.ImageBufferCache$2                                          : loaded 2 times (x 87B)
Class org.gradle.api.internal.classpath.DefaultModuleRegistry$DefaultModule           : loaded 2 times (x 82B)
Class com.google.common.primitives.Ints                                               : loaded 2 times (x 67B)
Class com.google.common.collect.AbstractIterator                                      : loaded 2 times (x 78B)
Class org.jetbrains.kotlin.idea.gradleTooling.model.lombok.LombokModel                : loaded 2 times (x 66B)
Class com.google.common.math.MathPreconditions                                        : loaded 2 times (x 67B)
Class com.google.common.collect.Multiset                                              : loaded 2 times (x 66B)
Class com.google.common.collect.ArrayListMultimapGwtSerializationDependencies         : loaded 2 times (x 168B)
Class com.google.common.collect.ObjectArrays                                          : loaded 2 times (x 67B)
Class com.google.common.collect.AbstractIndexedListIterator                           : loaded 2 times (x 92B)
Class org.gradle.internal.time.DefaultCountdownTimer                                  : loaded 2 times (x 84B)
Class com.google.common.collect.ImmutableMapEntrySet                                  : loaded 2 times (x 147B)
Class org.gradle.tooling.internal.gradle.DefaultBuildIdentifier                       : loaded 2 times (x 75B)
Class kotlin.Function                                                                 : loaded 2 times (x 66B)
Class org.gradle.api.internal.classpath.Module                                        : loaded 2 times (x 66B)
Class com.google.common.cache.Weigher                                                 : loaded 2 times (x 66B)
Class org.gradle.api.internal.classpath.UnknownModuleException                        : loaded 2 times (x 78B)
Class com.google.common.base.Stopwatch                                                : loaded 2 times (x 68B)
Class com.google.common.cache.LocalCache$Strength                                     : loaded 2 times (x 77B)
Class com.google.common.cache.Cache                                                   : loaded 2 times (x 66B)
Class jdk.internal.jimage.ImageHeader                                                 : loaded 2 times (x 67B)
Class com.intellij.openapi.externalSystem.model.project.dependencies.ProjectDependencies: loaded 2 times (x 66B)
Class com.google.common.util.concurrent.AbstractFuture$Cancellation                   : loaded 2 times (x 68B)
Class com.google.common.collect.ImmutableMap$Builder                                  : loaded 2 times (x 78B)
Class com.google.common.base.NullnessCasts                                            : loaded 2 times (x 67B)
Class ijInit1_9e427up5jtfqfmf68pptyc91z                                               : loaded 2 times (x 175B)
Class com.google.common.cache.RemovalListener                                         : loaded 2 times (x 66B)
Class org.gradle.tooling.internal.gradle.GradleProjectIdentity                        : loaded 2 times (x 66B)
Class org.gradle.api.internal.DefaultClassPathRegistry                                : loaded 2 times (x 72B)
Class com.google.common.primitives.IntsMethodsForWeb                                  : loaded 2 times (x 67B)
Class com.google.common.collect.Multimap                                              : loaded 2 times (x 66B)
Class org.gradle.api.internal.ClassPathRegistry                                       : loaded 2 times (x 66B)
Class org.gradle.internal.classpath.DefaultClassPath$ImmutableUniqueList              : loaded 2 times (x 195B)
Class jdk.internal.jimage.decompressor.ResourceDecompressor                           : loaded 2 times (x 66B)
Class com.google.common.cache.CacheBuilder                                            : loaded 2 times (x 68B)
Class com.google.common.collect.SingletonImmutableList                                : loaded 2 times (x 203B)
Class com.google.common.collect.Platform                                              : loaded 2 times (x 67B)
Class Settings_gradle$1                                                               : loaded 2 times (x 70B)
Class org.gradle.internal.classpath.ClassPath                                         : loaded 2 times (x 66B)
Class org.gradle.api.UncheckedIOException                                             : loaded 2 times (x 78B)
Class com.google.common.collect.ImmutableList$ReverseImmutableList                    : loaded 2 times (x 204B)
Class com.google.common.base.JdkPattern                                               : loaded 2 times (x 71B)
Class org.objectweb.asm.SymbolTable$Entry                                             : loaded 2 times (x 70B)
Class com.google.common.util.concurrent.AbstractFuture$AtomicHelper                   : loaded 2 times (x 74B)
Class org.jetbrains.kotlin.idea.gradleTooling.KotlinGradleModel                       : loaded 2 times (x 66B)
Class org.objectweb.asm.Edge                                                          : loaded 2 times (x 68B)
Class com.google.common.base.Suppliers$SupplierOfInstance                             : loaded 2 times (x 75B)
Class com.google.common.collect.Iterators$1                                           : loaded 2 times (x 77B)
Class jdk.internal.jimage.ImageStringsReader                                          : loaded 2 times (x 76B)
Class org.gradle.tooling.model.Model                                                  : loaded 2 times (x 66B)
Class com.google.common.cache.LocalCache$ComputingValueReference                      : loaded 2 times (x 92B)
Class com.google.common.collect.SingletonImmutableSet                                 : loaded 2 times (x 142B)
Class com.google.common.collect.ImmutableMap$IteratorBasedImmutableMap                : loaded 2 times (x 121B)
Class kotlin.UninitializedPropertyAccessException                                     : loaded 2 times (x 78B)
Class com.google.common.cache.LocalCache$Segment                                      : loaded 2 times (x 150B)
Class jdk.internal.jimage.ImageReader                                                 : loaded 2 times (x 71B)
Class org.jetbrains.kotlin.idea.gradleTooling.model.annotation.AnnotationBasedPluginModel: loaded 2 times (x 66B)
Class org.jetbrains.plugins.gradle.model.IntelliJProjectSettings                      : loaded 2 times (x 66B)
Class org.jetbrains.kotlin.utils.DescriptionAware                                     : loaded 2 times (x 66B)
Class [Lorg.objectweb.asm.SymbolTable$Entry;                                          : loaded 2 times (x 65B)
Class com.google.common.cache.CacheLoader                                             : loaded 2 times (x 70B)
Class com.google.common.collect.Iterators$4                                           : loaded 2 times (x 78B)
Class com.google.common.collect.ImmutableBiMap                                        : loaded 2 times (x 139B)
Class com.google.common.collect.AbstractListMultimap                                  : loaded 2 times (x 168B)
Class jdk.internal.jimage.ImageReader$SharedImageReader                               : loaded 2 times (x 91B)
Class org.gradle.internal.installation.GradleInstallation$1                           : loaded 2 times (x 71B)
Class org.gradle.api.internal.classpath.ModuleRegistry                                : loaded 2 times (x 66B)
Class com.google.common.util.concurrent.internal.InternalFutureFailureAccess          : loaded 2 times (x 68B)
Class com.google.common.collect.Iterators$5                                           : loaded 2 times (x 78B)
Class com.google.common.collect.ImmutableSet$JdkBackedSetBuilderImpl                  : loaded 2 times (x 72B)
Class com.google.common.base.Splitter$SplittingIterator                               : loaded 2 times (x 80B)
Class jdk.internal.jimage.decompressor.ResourceDecompressorFactory                    : loaded 2 times (x 70B)
Class org.jetbrains.plugins.gradle.model.VersionCatalogsModel                         : loaded 2 times (x 66B)
Class com.google.common.util.concurrent.AbstractFuture$UnsafeAtomicHelper             : loaded 2 times (x 74B)
Class com.google.common.cache.LocalCache$LocalManualCache$1                           : loaded 2 times (x 71B)
Class com.google.common.base.CharMatcher$ForPredicate                                 : loaded 2 times (x 108B)
Class com.google.common.collect.ImmutableCollection                                   : loaded 2 times (x 121B)
Class com.google.common.base.CharMatcher$AnyOf                                        : loaded 2 times (x 108B)
Class jdk.internal.jimage.ImageReader$Node                                            : loaded 2 times (x 80B)
Class org.gradle.api.internal.classpath.DefaultModuleRegistry                         : loaded 2 times (x 82B)
Class com.google.common.util.concurrent.ListenableFuture                              : loaded 2 times (x 66B)
Class com.google.common.cache.ReferenceEntry                                          : loaded 2 times (x 66B)
Class com.google.common.collect.ImmutableSet$CachingAsList                            : loaded 2 times (x 143B)
Class com.google.common.base.Converter                                                : loaded 2 times (x 86B)
Class com.google.common.collect.Lists                                                 : loaded 2 times (x 67B)
Class com.google.common.base.CharMatcher$Any                                          : loaded 2 times (x 108B)
Class jdk.internal.jimage.BasicImageReader$1                                          : loaded 2 times (x 73B)
Class com.google.common.util.concurrent.AbstractFuture                                : loaded 2 times (x 102B)
Class com.google.common.base.FunctionalEquivalence                                    : loaded 2 times (x 79B)
Class com.google.common.collect.Iterators$9                                           : loaded 2 times (x 77B)
Class com.google.common.collect.AbstractMapBasedMultimap                              : loaded 2 times (x 135B)
Class com.google.common.collect.ImmutableAsList                                       : loaded 2 times (x 205B)
Class org.objectweb.asm.RecordComponentVisitor                                        : loaded 2 times (x 73B)
Class com.google.common.cache.CacheLoader$SupplierToCacheLoader                       : loaded 2 times (x 71B)
Class [Lorg.jetbrains.kotlin.config.LanguageVersion;                                  : loaded 2 times (x 65B)
Class com.google.common.collect.Maps$EntryTransformer                                 : loaded 2 times (x 66B)
Class jdk.internal.jimage.decompressor.Decompressor                                   : loaded 2 times (x 68B)
Class jdk.internal.jimage.ImageReader$Resource                                        : loaded 2 times (x 80B)
Class org.gradle.internal.time.MonotonicClock                                         : loaded 2 times (x 73B)
Class org.gradle.internal.service.ServiceLookupException                              : loaded 2 times (x 78B)
Class [Lcom.google.common.cache.LocalCache$EntryFactory;                              : loaded 2 times (x 65B)
Class com.google.common.base.CharMatcher$JavaLetter                                   : loaded 2 times (x 107B)
Class jdk.internal.jrtfs.JrtFileAttributes                                            : loaded 2 times (x 79B)
Class org.gradle.internal.classloader.ClassLoaderFactory                              : loaded 2 times (x 66B)
Class com.google.common.cache.LocalCache$LocalManualCache                             : loaded 2 times (x 95B)
Class com.google.common.base.CharMatcher$IsNot                                        : loaded 2 times (x 107B)
Class com.google.common.base.CommonPattern                                            : loaded 2 times (x 70B)
Class org.gradle.internal.service.CachingServiceLocator                               : loaded 2 times (x 78B)
Class com.google.common.math.IntMath                                                  : loaded 2 times (x 67B)
Class org.jetbrains.plugins.gradle.model.RepositoryModels                             : loaded 2 times (x 66B)
Class com.google.common.collect.Iterators$10                                          : loaded 2 times (x 77B)
Class com.google.common.collect.ImmutableMapEntry                                     : loaded 2 times (x 81B)
Class com.google.common.base.CharMatcher$JavaDigit                                    : loaded 2 times (x 107B)
Class org.gradle.internal.time.TimeSource                                             : loaded 2 times (x 66B)
Class com.google.common.base.Equivalence                                              : loaded 2 times (x 78B)
Class com.google.common.collect.ImmutableMapEntry$NonTerminalImmutableMapEntry        : loaded 2 times (x 81B)
Class com.google.common.base.Function                                                 : loaded 2 times (x 66B)
Class org.gradle.tooling.internal.gradle.GradleBuildIdentity                          : loaded 2 times (x 66B)
Class kotlin.enums.EnumEntries                                                        : loaded 2 times (x 66B)
Class com.google.common.cache.CacheBuilder$OneWeigher                                 : loaded 2 times (x 78B)
Class com.google.common.collect.RegularImmutableList                                  : loaded 2 times (x 208B)
Class org.gradle.internal.exceptions.ResolutionProvider                               : loaded 2 times (x 66B)
Class com.google.common.collect.ImmutableBiMapFauxverideShim                          : loaded 2 times (x 116B)
Class jdk.internal.jimage.ImageBufferCache                                            : loaded 2 times (x 67B)
Class jdk.internal.jrtfs.JrtPath                                                      : loaded 2 times (x 114B)
Class org.gradle.tooling.model.ProjectIdentifier                                      : loaded 2 times (x 66B)
Class org.gradle.internal.classloader.ClasspathUtil                                   : loaded 2 times (x 67B)
Class org.jetbrains.kotlin.tooling.core.HasExtras                                     : loaded 2 times (x 66B)
Class com.google.common.base.Charsets                                                 : loaded 2 times (x 67B)
Class com.google.common.util.concurrent.Uninterruptibles                              : loaded 2 times (x 67B)
Class com.google.common.collect.Maps                                                  : loaded 2 times (x 67B)
Class com.google.common.base.CharMatcher$JavaUpperCase                                : loaded 2 times (x 107B)
Class org.gradle.internal.time.TimeSource$1                                           : loaded 2 times (x 73B)
Class kotlin.jvm.internal.DefaultConstructorMarker                                    : loaded 2 times (x 67B)
Class org.gradle.api.specs.Spec                                                       : loaded 2 times (x 66B)
Class [Lcom.google.common.collect.ImmutableEntry;                                     : loaded 2 times (x 65B)
Class jdk.internal.jimage.ImageReader$SharedImageReader$LocationVisitor               : loaded 2 times (x 66B)
Class com.google.common.cache.LocalCache$LoadingValueReference                        : loaded 2 times (x 92B)
Class Build_gradle$1                                                                  : loaded 2 times (x 74B)
Class jdk.internal.jimage.decompressor.ResourceDecompressorRepository                 : loaded 2 times (x 67B)
Class org.gradle.internal.time.Clock                                                  : loaded 2 times (x 66B)
Class [Lorg.objectweb.asm.AnnotationWriter;                                           : loaded 2 times (x 65B)
Class com.google.common.primitives.Ints$IntConverter                                  : loaded 2 times (x 86B)
Class com.google.common.collect.Maps$8                                                : loaded 2 times (x 78B)
Class jdk.internal.jimage.ImageReader$Directory                                       : loaded 2 times (x 80B)
Class org.jetbrains.plugins.gradle.model.jar.JarTaskManifestConfiguration             : loaded 2 times (x 66B)
Class kotlin.collections.AbstractList                                                 : loaded 2 times (x 193B)
Class kotlin.collections.AbstractCollection                                           : loaded 2 times (x 113B)
Class org.jetbrains.kotlin.tooling.core.Extras                                        : loaded 2 times (x 66B)
Class com.google.common.collect.Sets$SetView                                          : loaded 2 times (x 134B)
Class com.google.common.cache.LocalCache$StrongValueReference                         : loaded 2 times (x 86B)
Class com.google.common.util.concurrent.AbstractFuture$SynchronizedHelper             : loaded 2 times (x 74B)
Class com.google.common.base.CharMatcher$Invisible                                    : loaded 2 times (x 108B)
Class org.objectweb.asm.Type                                                          : loaded 2 times (x 68B)
Class org.gradle.internal.classloader.VisitableURLClassLoader$InstrumentingVisitableURLClassLoader: loaded 2 times (x 119B)
Class org.objectweb.asm.ByteVector                                                    : loaded 2 times (x 75B)
Class [Lcom.google.common.cache.CacheBuilder$NullListener;                            : loaded 2 times (x 65B)
Class com.google.common.math.IntMath$1                                                : loaded 2 times (x 67B)
Class org.gradle.internal.classloader.VisitableURLClassLoader$Spec                    : loaded 2 times (x 70B)
Class org.gradle.internal.classpath.DefaultClassPath                                  : loaded 2 times (x 86B)
Class org.objectweb.asm.Symbol                                                        : loaded 2 times (x 69B)
Class com.google.common.base.AbstractIterator                                         : loaded 2 times (x 76B)
Class jdk.internal.jimage.decompressor.ZipDecompressorFactory                         : loaded 2 times (x 70B)
Class com.google.common.collect.RegularImmutableMap$Values                            : loaded 2 times (x 203B)
Class com.google.common.collect.ImmutableSet                                          : loaded 2 times (x 141B)
Class com.google.common.base.CharMatcher$BitSetMatcher                                : loaded 2 times (x 108B)
Class com.google.common.base.CharMatcher$Ascii                                        : loaded 2 times (x 108B)
Class org.gradle.internal.classloader.ClassLoaderSpec                                 : loaded 2 times (x 67B)
Class org.objectweb.asm.AnnotationWriter                                              : loaded 2 times (x 75B)
Class com.google.common.cache.CacheStats                                              : loaded 2 times (x 67B)
Class org.objectweb.asm.RecordComponentWriter                                         : loaded 2 times (x 74B)
Class com.google.common.util.concurrent.AbstractFuture$Listener                       : loaded 2 times (x 68B)
Class com.google.common.base.CharMatcher$Or                                           : loaded 2 times (x 108B)
Class Settings_gradle$1$1                                                             : loaded 2 times (x 70B)
Class [Lorg.jetbrains.kotlin.utils.DescriptionAware;                                  : loaded 2 times (x 65B)
Class org.objectweb.asm.Attribute                                                     : loaded 2 times (x 73B)
Class com.google.common.base.Supplier                                                 : loaded 2 times (x 66B)
Class org.gradle.internal.classloader.VisitableURLClassLoader                         : loaded 2 times (x 113B)
Class com.google.common.util.concurrent.AbstractFuture$Waiter                         : loaded 2 times (x 68B)
Class Settings_gradle                                                                 : loaded 2 times (x 124B)
Class org.gradle.internal.Cast                                                        : loaded 2 times (x 67B)
Class org.gradle.api.Action                                                           : loaded 2 times (x 66B)
Class com.google.common.collect.Sets                                                  : loaded 2 times (x 67B)
Class org.objectweb.asm.Handler                                                       : loaded 2 times (x 68B)
Class com.google.common.base.Ticker                                                   : loaded 2 times (x 68B)
Class com.google.common.base.CharMatcher$FastMatcher                                  : loaded 2 times (x 107B)
Class jdk.internal.jimage.decompressor.ZipDecompressor                                : loaded 2 times (x 71B)
Class kotlin.jvm.functions.Function1                                                  : loaded 2 times (x 66B)
Class [Lcom.google.common.cache.LocalCache$Segment;                                   : loaded 2 times (x 65B)
Class [Lcom.google.common.cache.LocalCache$Strength;                                  : loaded 2 times (x 65B)
Class com.google.common.cache.CacheBuilder$1                                          : loaded 2 times (x 81B)
Class com.google.common.collect.ImmutableMap                                          : loaded 2 times (x 116B)
Class com.google.common.base.Predicate                                                : loaded 2 times (x 66B)
Class org.gradle.internal.classpath.DefaultClassPath$ImmutableUniqueList$Builder      : loaded 2 times (x 71B)
Class com.google.common.cache.LocalCache                                              : loaded 2 times (x 183B)
Class com.google.common.cache.CacheBuilder$2                                          : loaded 2 times (x 68B)
Class com.google.common.base.CharMatcher$NegatedFastMatcher                           : loaded 2 times (x 109B)
Class org.jetbrains.kotlin.config.LanguageVersion                                     : loaded 2 times (x 87B)
Class [Lcom.google.common.collect.AbstractMapEntry;                                   : loaded 2 times (x 65B)
Class com.google.common.collect.ImmutableEntry                                        : loaded 2 times (x 78B)
Class com.google.common.collect.ArrayListMultimap                                     : loaded 2 times (x 168B)
Class com.google.common.base.AbstractIterator$1                                       : loaded 2 times (x 67B)
Class com.google.common.base.CharMatcher$Digit                                        : loaded 2 times (x 108B)
Class org.jetbrains.kotlin.idea.gradleTooling.model.samWithReceiver.SamWithReceiverModel: loaded 2 times (x 66B)
Class com.google.common.base.PairwiseEquivalence                                      : loaded 2 times (x 79B)
Class org.gradle.internal.exceptions.NonGradleCauseExceptionsHolder                   : loaded 2 times (x 66B)
Class com.google.common.collect.CollectPreconditions                                  : loaded 2 times (x 67B)
Class com.google.common.base.CharMatcher$JavaIsoControl                               : loaded 2 times (x 108B)
Class jdk.internal.jimage.ImageStrings                                                : loaded 2 times (x 66B)
Class com.google.common.collect.SortedMapDifference                                   : loaded 2 times (x 66B)
Class com.google.common.base.CharMatcher$JavaLowerCase                                : loaded 2 times (x 107B)
Class com.google.common.cache.LocalCache$EntryFactory                                 : loaded 2 times (x 79B)
Class org.jetbrains.kotlin.tooling.core.HasMutableExtras                              : loaded 2 times (x 66B)
Class com.google.common.cache.LocalCache$AbstractReferenceEntry                       : loaded 2 times (x 103B)
Class com.google.common.base.Splitter$1$1                                             : loaded 2 times (x 82B)
Class com.google.common.base.CharMatcher$Whitespace                                   : loaded 2 times (x 108B)
Class org.jetbrains.kotlin.idea.gradleTooling.model.assignment.AssignmentModel        : loaded 2 times (x 66B)
Class kotlin.enums.EnumEntriesKt                                                      : loaded 2 times (x 67B)
Class org.gradle.internal.IoActions                                                   : loaded 2 times (x 67B)
Class org.objectweb.asm.SymbolTable                                                   : loaded 2 times (x 68B)
Class com.google.common.cache.CacheLoader$InvalidCacheLoadException                   : loaded 2 times (x 78B)
Class com.google.common.collect.ImmutableSet$RegularSetBuilderImpl                    : loaded 2 times (x 73B)
Class com.google.common.base.CharMatcher$SingleWidth                                  : loaded 2 times (x 108B)
Class org.gradle.internal.classloader.SystemClassLoaderSpec                           : loaded 2 times (x 67B)
Class com.google.common.cache.LocalCache$StrongEntry                                  : loaded 2 times (x 104B)
Class com.google.common.util.concurrent.AbstractFuture$TrustedFuture                  : loaded 2 times (x 110B)
Class com.google.common.cache.LoadingCache                                            : loaded 2 times (x 66B)
Class org.gradle.internal.exceptions.MultiCauseException                              : loaded 2 times (x 66B)
Class org.gradle.internal.time.CountdownTimer                                         : loaded 2 times (x 66B)
Class kotlin.jvm.internal.Intrinsics                                                  : loaded 2 times (x 67B)
Class org.objectweb.asm.MethodWriter                                                  : loaded 2 times (x 102B)
Class [Lcom.google.common.cache.Weigher;                                              : loaded 2 times (x 65B)
Class com.google.common.collect.RegularImmutableMap$BucketOverflowException           : loaded 2 times (x 78B)
Class jdk.internal.jrtfs.JrtFileSystem                                                : loaded 2 times (x 98B)
Class org.jetbrains.kotlin.idea.gradleTooling.model.parcelize.ParcelizeGradleModel    : loaded 2 times (x 66B)
Class org.gradle.tooling.model.ProjectModel                                           : loaded 2 times (x 66B)
Class jdk.internal.jimage.decompressor.CompressedResourceHeader                       : loaded 2 times (x 67B)
Class kotlin.KotlinNullPointerException                                               : loaded 2 times (x 79B)
Class com.google.common.collect.RegularImmutableBiMap                                 : loaded 2 times (x 144B)
Class com.google.common.cache.LocalCache$ValueReference                               : loaded 2 times (x 66B)
Class com.google.common.base.CharMatcher$Negated                                      : loaded 2 times (x 109B)
Class com.google.common.base.CharMatcher$Is                                           : loaded 2 times (x 107B)
Class org.jetbrains.plugins.gradle.model.tests.ExternalTestsModel                     : loaded 2 times (x 66B)
Class org.gradle.internal.exceptions.DefaultMultiCauseException                       : loaded 2 times (x 91B)
Class com.google.common.util.concurrent.AbstractFuture$Failure                        : loaded 2 times (x 68B)
Class com.google.common.base.Equivalence$Equals                                       : loaded 2 times (x 78B)
Class com.google.common.collect.Hashing                                               : loaded 2 times (x 67B)
Class com.google.common.base.Preconditions                                            : loaded 2 times (x 67B)
Class com.google.common.base.Joiner$1                                                 : loaded 2 times (x 76B)
Class org.objectweb.asm.Label                                                         : loaded 2 times (x 69B)
Class org.objectweb.asm.CurrentFrame                                                  : loaded 2 times (x 69B)
Class org.objectweb.asm.ClassTooLargeException                                        : loaded 2 times (x 79B)
Class com.google.common.collect.PeekingIterator                                       : loaded 2 times (x 66B)
Class com.google.common.base.CharMatcher                                              : loaded 2 times (x 107B)
Class org.gradle.internal.time.Time                                                   : loaded 2 times (x 67B)
Class com.google.common.base.Joiner$2                                                 : loaded 2 times (x 75B)
Class org.objectweb.asm.Frame                                                         : loaded 2 times (x 69B)
Class org.objectweb.asm.MethodVisitor                                                 : loaded 2 times (x 101B)
Class com.google.common.cache.LocalCache$EntryFactory$1                               : loaded 2 times (x 79B)
Class [Lcom.google.common.cache.RemovalListener;                                      : loaded 2 times (x 65B)
Class com.google.common.base.CharMatcher$1                                            : loaded 2 times (x 109B)
Class com.google.common.base.CharMatcher$NamedFastMatcher                             : loaded 2 times (x 108B)
Class com.google.common.cache.LocalCache$EntryFactory$2                               : loaded 2 times (x 79B)
Class org.jetbrains.plugins.gradle.model.DependencyAccessorsModel                     : loaded 2 times (x 66B)
Class org.gradle.api.internal.classpath.GlobalCacheRootsProvider                      : loaded 2 times (x 66B)
Class org.objectweb.asm.ModuleWriter                                                  : loaded 2 times (x 78B)
Class com.google.common.cache.LocalCache$EntryFactory$3                               : loaded 2 times (x 79B)
Class com.google.common.base.Ticker$1                                                 : loaded 2 times (x 68B)
Class com.google.common.collect.ImmutableMapEntrySet$RegularEntrySet                  : loaded 2 times (x 147B)
Class com.google.common.collect.Maps$BiMapConverter                                   : loaded 2 times (x 86B)
Class org.jetbrains.kotlin.idea.gradleTooling.KotlinMPPGradleModel                    : loaded 2 times (x 66B)
Class org.gradle.tooling.model.BuildIdentifier                                        : loaded 2 times (x 66B)
Class com.google.common.cache.LocalCache$EntryFactory$4                               : loaded 2 times (x 79B)
Class com.google.common.collect.ImmutableSet$Builder                                  : loaded 2 times (x 81B)
Class com.google.common.base.CharMatcher$InRange                                      : loaded 2 times (x 107B)
Class org.jetbrains.kotlin.idea.gradleTooling.PrepareKotlinIdeImportTaskModel         : loaded 2 times (x 66B)
Class com.google.common.cache.LocalCache$EntryFactory$5                               : loaded 2 times (x 79B)
Class com.google.common.cache.LocalCache$EntryFactory$6                               : loaded 2 times (x 79B)
Class Build_gradle                                                                    : loaded 2 times (x 68B)
Class org.gradle.internal.time.Timer                                                  : loaded 2 times (x 66B)
Class kotlin.jvm.internal.markers.KMappedMarker                                       : loaded 2 times (x 66B)
Class org.gradle.internal.installation.CurrentGradleInstallationLocator               : loaded 2 times (x 67B)
Class com.google.common.cache.LocalCache$EntryFactory$7                               : loaded 2 times (x 79B)
Class com.google.common.collect.ImmutableSet$EmptySetBuilderImpl                      : loaded 2 times (x 72B)
Class com.google.common.collect.ImmutableList                                         : loaded 2 times (x 202B)
Class org.gradle.internal.service.DefaultServiceLocator                               : loaded 2 times (x 79B)
Class org.jetbrains.kotlin.util.capitalizeDecapitalize.CapitalizeDecapitalizeKt       : loaded 2 times (x 67B)
Class com.google.common.cache.LocalCache$EntryFactory$8                               : loaded 2 times (x 79B)
Class com.google.common.collect.ImmutableSet$SetBuilderImpl                           : loaded 2 times (x 72B)
Class jdk.internal.jrtfs.JrtDirectoryStream                                           : loaded 2 times (x 85B)
Class org.gradle.util.GradleVersion                                                   : loaded 2 times (x 79B)
Class org.gradle.internal.installation.CurrentGradleInstallation                      : loaded 2 times (x 69B)
Class com.google.common.cache.CacheLoader$1                                           : loaded 2 times (x 71B)
Class com.google.common.collect.ImmutableList$SubList                                 : loaded 2 times (x 204B)
Class org.gradle.util.internal.GUtil                                                  : loaded 2 times (x 67B)
Class com.google.common.util.concurrent.AbstractFuture$SetFuture                      : loaded 2 times (x 71B)
Class com.google.common.cache.AbstractCache$StatsCounter                              : loaded 2 times (x 66B)
Class com.google.common.collect.Iterators$MergingIterator                             : loaded 2 times (x 77B)
Class com.google.common.collect.RegularImmutableSet                                   : loaded 2 times (x 144B)
Class org.gradle.internal.installation.GradleInstallation                             : loaded 2 times (x 71B)
Class com.google.common.collect.Iterables                                             : loaded 2 times (x 67B)
Class com.google.common.base.Splitter$Strategy                                        : loaded 2 times (x 66B)
Class jdk.internal.jimage.decompressor.ResourceDecompressor$StringsProvider           : loaded 2 times (x 66B)

---------------  S Y S T E M  ---------------

OS:
 Windows 10 , 64 bit Build 19041 (10.0.19041.5198)
OS uptime: 4 days 17:10 hours

CPU: total 4 (initial active 4) (2 cores per cpu, 2 threads per core) family 6 model 78 stepping 3 microcode 0xcc, cx8, cmov, fxsr, ht, mmx, 3dnowpref, sse, sse2, sse3, ssse3, sse4.1, sse4.2, popcnt, lzcnt, tsc, tscinvbit, avx, avx2, aes, erms, clmul, bmi1, bmi2, adx, fma, vzeroupper, clflush, clflushopt, rdtscp, f16c
Processor Information for all 4 processors :
  Max Mhz: 2401, Current Mhz: 2200, Mhz Limit: 2184

Memory: 4k page, system-wide physical 16279M (4267M free)
TotalPageFile size 21909M (AvailPageFile size 6025M)
current process WorkingSet (physical memory assigned to process): 636M, peak: 641M
current process commit charge ("private bytes"): 663M, peak: 671M

vm_info: OpenJDK 64-Bit Server VM (21.0.4+-12508038-b607.1) for windows-amd64 JRE (21.0.4+-12508038-b607.1), built on 2024-10-16T17:23:34Z by "builder" with MS VC++ 16.10 / 16.11 (VS2019)

END.
