#
# A fatal error has been detected by the Java Runtime Environment:
#
#  EXCEPTION_ACCESS_VIOLATION (0xc0000005) at pc=0x00007fff64dea0f6, pid=9820, tid=15420
#
# JRE version: OpenJDK Runtime Environment (21.0.6) (build 21.0.6+-13355223-b631.42)
# Java VM: OpenJDK 64-Bit Server VM (21.0.6+-13355223-b631.42, mixed mode, tiered, compressed oops, compressed class ptrs, g1 gc, windows-amd64)
# Problematic frame:
# V  [jvm.dll+0x13a0f6]
#
# No core dump will be written. Minidumps are not enabled by default on client versions of Windows
#
# If you would like to submit a bug report, please visit:
#   https://youtrack.jetbrains.com/issues/JBR
#

---------------  S U M M A R Y ------------

Command Line: --add-opens=java.base/java.lang=ALL-UNNAMED --add-opens=java.base/java.lang.invoke=ALL-UNNAMED --add-opens=java.base/java.util=ALL-UNNAMED --add-opens=java.prefs/java.util.prefs=ALL-UNNAMED --add-exports=jdk.compiler/com.sun.tools.javac.api=ALL-UNNAMED --add-exports=jdk.compiler/com.sun.tools.javac.util=ALL-UNNAMED --add-opens=java.base/java.util=ALL-UNNAMED --add-opens=java.prefs/java.util.prefs=ALL-UNNAMED --add-opens=java.base/java.nio.charset=ALL-UNNAMED --add-opens=java.base/java.net=ALL-UNNAMED --add-opens=java.base/java.util.concurrent.atomic=ALL-UNNAMED --add-opens=java.xml/javax.xml.namespace=ALL-UNNAMED -Xmx2048m -Dfile.encoding=UTF-8 -Duser.country=RU -Duser.language=ru -Duser.variant -javaagent:C:\Users\Lena\.gradle\wrapper\dists\gradle-8.11.1-bin\bpt9gzteqjrbo1mjrsomdt32c\gradle-8.11.1\lib\agents\gradle-instrumentation-agent-8.11.1.jar org.gradle.launcher.daemon.bootstrap.GradleDaemon 8.11.1

Host: Intel(R) Core(TM) i5-6200U CPU @ 2.30GHz, 4 cores, 15G,  Windows 10 , 64 bit Build 19041 (10.0.19041.5678)
Time: Thu May  8 19:29:37 2025 RTZ 2 (s 10 , 64 bit Build 19041 (10.0.19041.5678) elapsed time: 142.036166 seconds (0d 0h 2m 22s)

---------------  T H R E A D  ---------------

Current thread (0x00000293f190d170):  WorkerThread "G1 Conc#0"      [id=15420, stack(0x000000e10c500000,0x000000e10c600000) (1024K)]

Stack: [0x000000e10c500000,0x000000e10c600000],  sp=0x000000e10c5ff9a8,  free space=1022k
Native frames: (J=compiled Java code, j=interpreted, Vv=VM code, C=native code)
V  [jvm.dll+0x13a0f6]


siginfo: EXCEPTION_ACCESS_VIOLATION (0xc0000005), reading address 0x00000001052283f8


Registers:
RAX=0x0000000000049000, RBX=0x00000293f190ee01, RCX=0x0000000089a70848, RDX=0x0000000089a70848
RSP=0x000000e10c5ff9a8, RBP=0x0000000000000000, RSI=0x00000293f3a99820, RDI=0x0000000089a70848
R8 =0x00000001052283f0, R9 =0x000000000000009a, R10=0x00000293f3a55d70, R11=0x0000000000000003
R12=0x0000000000000000, R13=0xaaaaaaaaaaaaaaab, R14=0x0000000000000001, R15=0x000000e10c5ffb30
RIP=0x00007fff64dea0f6, EFLAGS=0x0000000000010206

XMM[0]=0x0000000000000000 0x0000000000000000
XMM[1]=0x0000000000000000 0x0000000000000000
XMM[2]=0x0000000000000000 0x0000000000000000
XMM[3]=0x0000000000000000 0x0000000000000000
XMM[4]=0x0000000000000000 0x0000000000000000
XMM[5]=0x0000000000000000 0x0000000000000000
XMM[6]=0x0000000000000000 0x3ffaee73970b3a90
XMM[7]=0x0000000000000000 0x408f400000000000
XMM[8]=0x0000000000000000 0x0000000000000000
XMM[9]=0x0000000000000000 0x0000000000000000
XMM[10]=0x0000000000000000 0x0000000000000000
XMM[11]=0x0000000000000000 0x0000000000000000
XMM[12]=0x0000000000000000 0x0000000000000000
XMM[13]=0x0000000000000000 0x0000000000000000
XMM[14]=0x0000000000000000 0x0000000000000000
XMM[15]=0x0000000000000000 0x0000000000000000
  MXCSR=0x00001fa0


Register to memory mapping:

RAX=0x0000000000049000 is an unknown value
RBX=0x00000293f190ee01 points into unknown readable memory: ad 61 65 ff 7f 00 00
RCX=
[error occurred during error reporting (printing register info), id 0xc0000005, EXCEPTION_ACCESS_VIOLATION (0xc0000005) at pc=0x00007fff64dea0f6]
RDX=
[error occurred during error reporting (printing register info, attempt 2), id 0xc0000005, EXCEPTION_ACCESS_VIOLATION (0xc0000005) at pc=0x00007fff64dea0f6]
RSP=0x000000e10c5ff9a8 points into unknown readable memory: 0x00007fff64fc7a8a | 8a 7a fc 64 ff 7f 00 00
RBP=0x0 is null
RSI=0x00000293f3a99820 points into unknown readable memory: 0x00000293f190bfc0 | c0 bf 90 f1 93 02 00 00
RDI=
[error occurred during error reporting (printing register info, attempt 3), id 0xc0000005, EXCEPTION_ACCESS_VIOLATION (0xc0000005) at pc=0x00007fff64dea0f6]
Top of Stack: (sp=0x000000e10c5ff9a8)
0x000000e10c5ff9a8:   00007fff64fc7a8a 000062673bc9dbc8
0x000000e10c5ff9b8:   000000e10c5ffb70 0000000089a6ec20
0x000000e10c5ff9c8:   00007fff64fc785f 0000000089a70848
0x000000e10c5ff9d8:   00007fff64fc785f 00000293f190ee00
0x000000e10c5ff9e8:   000000e10c5ffb70 0000000089a6f000
0x000000e10c5ff9f8:   00007fff64fc519d 000000e10c5ffb70
0x000000e10c5ffa08:   00007fff64fc5a4d 0000000089a6edb4
0x000000e10c5ffa18:   0000000100035f68 000000e10c5ffb30
0x000000e10c5ffa28:   0000000000000001 000000010005b560
0x000000e10c5ffa38:   00007fff64fc4de2 000000000000007c
0x000000e10c5ffa48:   0000000089a6ec20 000000e10c5ffb70
0x000000e10c5ffa58:   0000000000000000 00000293f190ee00
0x000000e10c5ffa68:   00007fff64fe4910 0000000089a6ec20
0x000000e10c5ffa78:   00000293f3a99830 000000e10c5ffb30
0x000000e10c5ffa88:   00000293f3a99830 0000000089a6ec20
0x000000e10c5ffa98:   00007fff64fe1161 000000000134dd84
0x000000e10c5ffaa8:   000000e10c4ff790 000000e10c5ffae0
0x000000e10c5ffab8:   00007fff64fe2794 0000000001360000
0x000000e10c5ffac8:   00007fff64fe2cec 0000000089a6ec08
0x000000e10c5ffad8:   000000000134dd84 0000000002482022
0x000000e10c5ffae8:   0000000000000000 0000000000000000
0x000000e10c5ffaf8:   0000000000000001 00000293f190ee00
0x000000e10c5ffb08:   00007fff64fe1a33 0000000000000555
0x000000e10c5ffb18:   0000000000000000 000000e10c4ff701
0x000000e10c5ffb28:   0000000000000000 00000293f3a99820
0x000000e10c5ffb38:   00000293f190ee00 0000000089a00000
0x000000e10c5ffb48:   0000000000020000 0000000089a00000
0x000000e10c5ffb58:   0000000000020000 0000000000000000
0x000000e10c5ffb68:   000000000213ac66 00007fff6561ad58
0x000000e10c5ffb78:   00000293fb8c79d0 0000000000000003
0x000000e10c5ffb88:   00000293f3a55d70 00000293f190ee00
0x000000e10c5ffb98:   00007fff6534ff73 c215b08487f20f5c 

Instructions: (pc=0x00007fff64dea0f6)
0x00007fff64de9ff6:   4c 63 c0 41 8b c1 48 c1 f8 10 48 63 14 19 41 8b
0x00007fff64dea006:   c9 83 e1 3f 48 d3 e2 0f b6 c8 49 8d 04 10 49 f7
0x00007fff64dea016:   d0 48 03 c8 49 c1 e8 03 48 c1 e9 03 49 23 c8 eb
0x00007fff64dea026:   12 49 8b 00 48 8b d3 49 8b c8 ff 90 00 01 00 00
0x00007fff64dea036:   48 8b c8 48 89 1f 48 8b c7 48 8b 5c 24 30 48 89
0x00007fff64dea046:   4f 08 48 83 c4 20 5f c3 cc cc 0f b6 05 b9 91 9f
0x00007fff64dea056:   00 48 8b d1 84 c0 74 16 44 8b 41 08 8b 0d b0 7e
0x00007fff64dea066:   9f 00 49 d3 e0 4c 03 05 9e 7e 9f 00 eb 04 4c 8b
0x00007fff64dea076:   41 08 45 8b 48 08 45 85 c9 7e 0e 41 f6 c1 01 75
0x00007fff64dea086:   53 41 c1 f9 03 49 63 c1 c3 79 49 84 c0 41 b8 0c
0x00007fff64dea096:   00 00 00 8b 05 69 8f 9f 00 b9 10 00 00 00 41 0f
0x00007fff64dea0a6:   45 c8 ff c8 4c 63 c0 41 8b c1 48 c1 f8 10 0f b6
0x00007fff64dea0b6:   c0 48 63 14 11 41 8b c9 83 e1 3f 48 d3 e2 49 8d
0x00007fff64dea0c6:   0c 10 49 f7 d0 48 03 c1 49 c1 e8 03 48 c1 e8 03
0x00007fff64dea0d6:   49 23 c0 c3 49 8b 00 49 8b c8 48 ff a0 00 01 00
0x00007fff64dea0e6:   00 cc cc cc cc cc cc cc cc cc 4c 8b c2 48 8b d1
0x00007fff64dea0f6:   45 8b 48 08 45 85 c9 7e 0e 41 f6 c1 01 75 56 41
0x00007fff64dea106:   c1 f9 03 49 63 c1 c3 79 4c 80 3d fa 90 9f 00 00
0x00007fff64dea116:   b8 0c 00 00 00 b9 10 00 00 00 0f 45 c8 8b 05 df
0x00007fff64dea126:   8e 9f 00 ff c8 4c 63 c0 41 8b c1 48 c1 f8 10 48
0x00007fff64dea136:   63 14 11 41 8b c9 83 e1 3f 0f b6 c0 48 d3 e2 49
0x00007fff64dea146:   8d 0c 10 49 f7 d0 48 03 c1 49 c1 e8 03 48 c1 e8
0x00007fff64dea156:   03 49 23 c0 c3 49 8b 00 49 8b c8 48 ff a0 00 01
0x00007fff64dea166:   00 00 cc cc cc cc cc cc cc cc 40 53 48 83 ec 20
0x00007fff64dea176:   48 8b d9 49 8b c0 33 c9 45 0f b6 c1 48 89 0b 48
0x00007fff64dea186:   89 4b 08 48 8b cb 48 89 53 10 48 8b d0 e8 28 09
0x00007fff64dea196:   00 00 48 8b c3 48 83 c4 20 5b c3 cc cc cc cc cc
0x00007fff64dea1a6:   cc cc cc cc cc cc cc cc cc cc 40 53 48 83 ec 20
0x00007fff64dea1b6:   33 c0 44 88 41 10 45 0f b6 c1 48 89 01 48 89 41
0x00007fff64dea1c6:   08 48 8b d9 e8 01 0a 00 00 48 8b c3 48 83 c4 20
0x00007fff64dea1d6:   5b c3 cc cc cc cc cc cc cc cc 40 53 48 83 ec 20
0x00007fff64dea1e6:   33 c0 48 8b d9 48 89 01 48 89 41 08 e8 99 0b 00 


Stack slot to memory mapping:

stack at sp + 0 slots: 0x00007fff64fc7a8a jvm.dll
stack at sp + 1 slots: 0x000062673bc9dbc8 is an unknown value
stack at sp + 2 slots: 0x000000e10c5ffb70 points into unknown readable memory: 0x00007fff6561ad58 | 58 ad 61 65 ff 7f 00 00
stack at sp + 3 slots: 0x0000000089a6ec20 is an oop: [Ljava.lang.Object; 
{0x0000000089a6ec20} - klass: 'java/lang/Object'[]
 - length: 244
stack at sp + 4 slots: 0x00007fff64fc785f jvm.dll
stack at sp + 5 slots: 
[error occurred during error reporting (inspecting top of stack), id 0xc0000005, EXCEPTION_ACCESS_VIOLATION (0xc0000005) at pc=0x00007fff64dea0f6]
stack at sp + 6 slots: 0x00007fff64fc785f jvm.dll
stack at sp + 7 slots: 0x00000293f190ee00 points into unknown readable memory: 0x00007fff6561ad38 | 38 ad 61 65 ff 7f 00 00


---------------  P R O C E S S  ---------------

Threads class SMR info:
_java_thread_list=0x0000029396e57960, length=93, elements={
0x00000293f1842920, 0x00000293930d9a50, 0x00000293930dc770, 0x00000293930f6ab0,
0x00000293930f7500, 0x00000293930bc050, 0x00000293930bcaa0, 0x00000293930bd4f0,
0x00000293930fff60, 0x000002939325f830, 0x00000293933f70a0, 0x00000293950f7ef0,
0x0000029395128b90, 0x00000293950913b0, 0x00000293953fe690, 0x000002939508b310,
0x0000029395385f10, 0x00000293952527b0, 0x0000029395253be0, 0x0000029395457290,
0x00000293954544a0, 0x0000029395454b30, 0x0000029395456c00, 0x0000029395457920,
0x00000293954551c0, 0x0000029395455850, 0x0000029395455ee0, 0x0000029395456570,
0x0000029397ae8090, 0x0000029397ae5930, 0x0000029397ae8db0, 0x0000029397ae5fc0,
0x0000029397ae7a00, 0x0000029397ae3860, 0x0000029397ae6ce0, 0x0000029397ae2b40,
0x0000029397ae7370, 0x0000029397ae8720, 0x0000029397ae9440, 0x0000029397ae3ef0,
0x0000029397ae52a0, 0x0000029397ae31d0, 0x0000029397ae4580, 0x0000029396136b30,
0x0000029396133d40, 0x00000293968de720, 0x00000293968e07f0, 0x00000293968dc650,
0x00000293968df440, 0x00000293968de090, 0x00000293968dd370, 0x00000293968e3c70,
0x00000293968e28c0, 0x00000293968dfad0, 0x00000293968e0160, 0x00000293968e0e80,
0x00000293937b5d30, 0x0000029397d13d40, 0x0000029397d143d0, 0x0000029397d14a60,
0x0000029397d15780, 0x0000029397d136b0, 0x0000029397d150f0, 0x0000029397d15e10,
0x0000029397d13020, 0x0000029397d164a0, 0x0000029397d16b30, 0x0000029397d171c0,
0x0000029397d17850, 0x0000029397d17ee0, 0x0000029397d18570, 0x0000029397d18c00,
0x0000029397d11c70, 0x0000029397d19290, 0x0000029397d12300, 0x0000029397d12990,
0x00000293937b0e70, 0x00000293937b56a0, 0x00000293937b07e0, 0x00000293937b1500,
0x00000293937b35d0, 0x00000293937b42f0, 0x000002939a280710, 0x000002939a27d920,
0x000002939a282e70, 0x00000293937b4980, 0x00000293937b5010, 0x00000293937b2220,
0x00000293937b2f40, 0x00000293937aeda0, 0x00000293937b0150, 0x0000029398d15000,
0x0000029399f9ead0
}

Java Threads: ( => current thread )
  0x00000293f1842920 JavaThread "main"                              [_thread_blocked, id=11700, stack(0x000000e10c200000,0x000000e10c300000) (1024K)]
  0x00000293930d9a50 JavaThread "Reference Handler"          daemon [_thread_blocked, id=8248, stack(0x000000e10ca00000,0x000000e10cb00000) (1024K)]
  0x00000293930dc770 JavaThread "Finalizer"                  daemon [_thread_blocked, id=3600, stack(0x000000e10cb00000,0x000000e10cc00000) (1024K)]
  0x00000293930f6ab0 JavaThread "Signal Dispatcher"          daemon [_thread_blocked, id=14744, stack(0x000000e10cc00000,0x000000e10cd00000) (1024K)]
  0x00000293930f7500 JavaThread "Attach Listener"            daemon [_thread_blocked, id=8548, stack(0x000000e10cd00000,0x000000e10ce00000) (1024K)]
  0x00000293930bc050 JavaThread "Service Thread"             daemon [_thread_blocked, id=12528, stack(0x000000e10ce00000,0x000000e10cf00000) (1024K)]
  0x00000293930bcaa0 JavaThread "Monitor Deflation Thread"   daemon [_thread_blocked, id=6972, stack(0x000000e10cf00000,0x000000e10d000000) (1024K)]
  0x00000293930bd4f0 JavaThread "C2 CompilerThread0"         daemon [_thread_in_native, id=14800, stack(0x000000e10d000000,0x000000e10d100000) (1024K)]
  0x00000293930fff60 JavaThread "C1 CompilerThread0"         daemon [_thread_blocked, id=5600, stack(0x000000e10d100000,0x000000e10d200000) (1024K)]
  0x000002939325f830 JavaThread "Common-Cleaner"             daemon [_thread_blocked, id=14892, stack(0x000000e10d200000,0x000000e10d300000) (1024K)]
  0x00000293933f70a0 JavaThread "Notification Thread"        daemon [_thread_blocked, id=1972, stack(0x000000e10d300000,0x000000e10d400000) (1024K)]
  0x00000293950f7ef0 JavaThread "Daemon health stats"               [_thread_blocked, id=14604, stack(0x000000e10d800000,0x000000e10d900000) (1024K)]
  0x0000029395128b90 JavaThread "Incoming local TCP Connector on port 56535"        [_thread_in_native, id=13084, stack(0x000000e10d900000,0x000000e10da00000) (1024K)]
  0x00000293950913b0 JavaThread "Daemon periodic checks"            [_thread_blocked, id=4700, stack(0x000000e10da00000,0x000000e10db00000) (1024K)]
  0x00000293953fe690 JavaThread "Daemon"                            [_thread_blocked, id=9288, stack(0x000000e10db00000,0x000000e10dc00000) (1024K)]
  0x000002939508b310 JavaThread "Handler for socket connection from /127.0.0.1:56535 to /127.0.0.1:56536"        [_thread_in_native, id=16172, stack(0x000000e10dc00000,0x000000e10dd00000) (1024K)]
  0x0000029395385f10 JavaThread "Cancel handler"                    [_thread_blocked, id=15776, stack(0x000000e10dd00000,0x000000e10de00000) (1024K)]
  0x00000293952527b0 JavaThread "Daemon worker"                     [_thread_blocked, id=2196, stack(0x000000e10de00000,0x000000e10df00000) (1024K)]
  0x0000029395253be0 JavaThread "Asynchronous log dispatcher for DefaultDaemonConnection: socket connection from /127.0.0.1:56535 to /127.0.0.1:56536"        [_thread_blocked, id=13852, stack(0x000000e10df00000,0x000000e10e000000) (1024K)]
  0x0000029395457290 JavaThread "Stdin handler"                     [_thread_blocked, id=16108, stack(0x000000e10e000000,0x000000e10e100000) (1024K)]
  0x00000293954544a0 JavaThread "Daemon client event forwarder"        [_thread_blocked, id=16240, stack(0x000000e10e100000,0x000000e10e200000) (1024K)]
  0x0000029395454b30 JavaThread "Cache worker for journal cache (C:\Users\Lena\.gradle\caches\journal-1)"        [_thread_blocked, id=1064, stack(0x000000e10e200000,0x000000e10e300000) (1024K)]
  0x0000029395456c00 JavaThread "File lock request listener"        [_thread_in_native, id=11604, stack(0x000000e10e300000,0x000000e10e400000) (1024K)]
  0x0000029395457920 JavaThread "Cache worker for file hash cache (C:\Users\Lena\.gradle\caches\8.11.1\fileHashes)"        [_thread_blocked, id=3036, stack(0x000000e10e400000,0x000000e10e500000) (1024K)]
  0x00000293954551c0 JavaThread "Cache worker for file content cache (C:\Users\Lena\.gradle\caches\8.11.1\fileContent)"        [_thread_blocked, id=9452, stack(0x000000e10e500000,0x000000e10e600000) (1024K)]
  0x0000029395455850 JavaThread "Cache worker for file hash cache (C:\Users\Lena\AndroidStudioProjects\PlaylistMaker\.gradle\8.11.1\fileHashes)"        [_thread_blocked, id=4400, stack(0x000000e10e600000,0x000000e10e700000) (1024K)]
  0x0000029395455ee0 JavaThread "Cache worker for Build Output Cleanup Cache (C:\Users\Lena\AndroidStudioProjects\PlaylistMaker\.gradle\buildOutputCleanup)"        [_thread_blocked, id=7360, stack(0x000000e10e700000,0x000000e10e800000) (1024K)]
  0x0000029395456570 JavaThread "File watcher server"        daemon [_thread_in_native, id=5788, stack(0x000000e10e800000,0x000000e10e900000) (1024K)]
  0x0000029397ae8090 JavaThread "File watcher consumer"      daemon [_thread_blocked, id=6816, stack(0x000000e10e900000,0x000000e10ea00000) (1024K)]
  0x0000029397ae5930 JavaThread "Cache worker for checksums cache (C:\Users\Lena\AndroidStudioProjects\PlaylistMaker\.gradle\8.11.1\checksums)"        [_thread_blocked, id=15764, stack(0x000000e10ea00000,0x000000e10eb00000) (1024K)]
  0x0000029397ae8db0 JavaThread "Cache worker for cache directory md-rule (C:\Users\Lena\.gradle\caches\8.11.1\md-rule)"        [_thread_blocked, id=2640, stack(0x000000e10eb00000,0x000000e10ec00000) (1024K)]
  0x0000029397ae5fc0 JavaThread "Cache worker for cache directory md-supplier (C:\Users\Lena\.gradle\caches\8.11.1\md-supplier)"        [_thread_blocked, id=15272, stack(0x000000e10ec00000,0x000000e10ed00000) (1024K)]
  0x0000029397ae7a00 JavaThread "Unconstrained build operations"        [_thread_blocked, id=2024, stack(0x000000e10ed00000,0x000000e10ee00000) (1024K)]
  0x0000029397ae3860 JavaThread "Unconstrained build operations Thread 2"        [_thread_blocked, id=13640, stack(0x000000e10ee00000,0x000000e10ef00000) (1024K)]
  0x0000029397ae6ce0 JavaThread "Unconstrained build operations Thread 3"        [_thread_blocked, id=11892, stack(0x000000e10ef00000,0x000000e10f000000) (1024K)]
  0x0000029397ae2b40 JavaThread "Unconstrained build operations Thread 4"        [_thread_blocked, id=6000, stack(0x000000e10f000000,0x000000e10f100000) (1024K)]
  0x0000029397ae7370 JavaThread "Unconstrained build operations Thread 5"        [_thread_blocked, id=7320, stack(0x000000e10f100000,0x000000e10f200000) (1024K)]
  0x0000029397ae8720 JavaThread "Unconstrained build operations Thread 6"        [_thread_blocked, id=15824, stack(0x000000e10f200000,0x000000e10f300000) (1024K)]
  0x0000029397ae9440 JavaThread "Unconstrained build operations Thread 7"        [_thread_blocked, id=11332, stack(0x000000e10f300000,0x000000e10f400000) (1024K)]
  0x0000029397ae3ef0 JavaThread "Unconstrained build operations Thread 8"        [_thread_in_Java, id=2388, stack(0x000000e10f400000,0x000000e10f500000) (1024K)]
  0x0000029397ae52a0 JavaThread "Unconstrained build operations Thread 9"        [_thread_blocked, id=12524, stack(0x000000e10f500000,0x000000e10f600000) (1024K)]
  0x0000029397ae31d0 JavaThread "build event listener"              [_thread_blocked, id=1468, stack(0x000000e10f600000,0x000000e10f700000) (1024K)]
  0x0000029397ae4580 JavaThread "Memory manager"                    [_thread_blocked, id=13224, stack(0x000000e10f700000,0x000000e10f800000) (1024K)]
  0x0000029396136b30 JavaThread "build event listener"              [_thread_blocked, id=10668, stack(0x000000e10f800000,0x000000e10f900000) (1024K)]
  0x0000029396133d40 JavaThread "Problems report writer"            [_thread_blocked, id=10628, stack(0x000000e10f900000,0x000000e10fa00000) (1024K)]
  0x00000293968de720 JavaThread "included builds"                   [_thread_blocked, id=7460, stack(0x000000e10fa00000,0x000000e10fb00000) (1024K)]
  0x00000293968e07f0 JavaThread "Execution worker"                  [_thread_in_Java, id=2276, stack(0x000000e10fb00000,0x000000e10fc00000) (1024K)]
  0x00000293968dc650 JavaThread "Execution worker Thread 2"         [_thread_blocked, id=12164, stack(0x000000e10fc00000,0x000000e10fd00000) (1024K)]
  0x00000293968df440 JavaThread "Execution worker Thread 3"         [_thread_blocked, id=10500, stack(0x000000e10fd00000,0x000000e10fe00000) (1024K)]
  0x00000293968de090 JavaThread "Cache worker for execution history cache (C:\Users\Lena\AndroidStudioProjects\PlaylistMaker\.gradle\8.11.1\executionHistory)"        [_thread_blocked, id=9572, stack(0x000000e10fe00000,0x000000e10ff00000) (1024K)]
  0x00000293968dd370 JavaThread "Unconstrained build operations Thread 10"        [_thread_in_Java, id=12800, stack(0x000000e10ff00000,0x000000e110000000) (1024K)]
  0x00000293968e3c70 JavaThread "Unconstrained build operations Thread 11"        [_thread_blocked, id=11284, stack(0x000000e110000000,0x000000e110100000) (1024K)]
  0x00000293968e28c0 JavaThread "Unconstrained build operations Thread 12"        [_thread_blocked, id=14072, stack(0x000000e110100000,0x000000e110200000) (1024K)]
  0x00000293968dfad0 JavaThread "Unconstrained build operations Thread 13"        [_thread_blocked, id=15968, stack(0x000000e110200000,0x000000e110300000) (1024K)]
  0x00000293968e0160 JavaThread "Unconstrained build operations Thread 14"        [_thread_blocked, id=2856, stack(0x000000e110300000,0x000000e110400000) (1024K)]
  0x00000293968e0e80 JavaThread "Unconstrained build operations Thread 15"        [_thread_blocked, id=14128, stack(0x000000e110400000,0x000000e110500000) (1024K)]
  0x00000293937b5d30 JavaThread "Unconstrained build operations Thread 16"        [_thread_blocked, id=1248, stack(0x000000e110500000,0x000000e110600000) (1024K)]
  0x0000029397d13d40 JavaThread "Unconstrained build operations Thread 17"        [_thread_blocked, id=9008, stack(0x000000e110600000,0x000000e110700000) (1024K)]
  0x0000029397d143d0 JavaThread "Unconstrained build operations Thread 18"        [_thread_blocked, id=13332, stack(0x000000e110700000,0x000000e110800000) (1024K)]
  0x0000029397d14a60 JavaThread "Unconstrained build operations Thread 19"        [_thread_blocked, id=7500, stack(0x000000e110800000,0x000000e110900000) (1024K)]
  0x0000029397d15780 JavaThread "Unconstrained build operations Thread 20"        [_thread_blocked, id=11768, stack(0x000000e110900000,0x000000e110a00000) (1024K)]
  0x0000029397d136b0 JavaThread "Unconstrained build operations Thread 21"        [_thread_blocked, id=5740, stack(0x000000e110a00000,0x000000e110b00000) (1024K)]
  0x0000029397d150f0 JavaThread "Unconstrained build operations Thread 22"        [_thread_blocked, id=12856, stack(0x000000e10d700000,0x000000e10d800000) (1024K)]
  0x0000029397d15e10 JavaThread "Unconstrained build operations Thread 23"        [_thread_blocked, id=6948, stack(0x000000e110b00000,0x000000e110c00000) (1024K)]
  0x0000029397d13020 JavaThread "Unconstrained build operations Thread 24"        [_thread_blocked, id=2464, stack(0x000000e110c00000,0x000000e110d00000) (1024K)]
  0x0000029397d164a0 JavaThread "Unconstrained build operations Thread 25"        [_thread_blocked, id=4952, stack(0x000000e110d00000,0x000000e110e00000) (1024K)]
  0x0000029397d16b30 JavaThread "Unconstrained build operations Thread 26"        [_thread_blocked, id=12940, stack(0x000000e110e00000,0x000000e110f00000) (1024K)]
  0x0000029397d171c0 JavaThread "Unconstrained build operations Thread 27"        [_thread_blocked, id=9816, stack(0x000000e110f00000,0x000000e111000000) (1024K)]
  0x0000029397d17850 JavaThread "Unconstrained build operations Thread 28"        [_thread_blocked, id=14736, stack(0x000000e111000000,0x000000e111100000) (1024K)]
  0x0000029397d17ee0 JavaThread "Unconstrained build operations Thread 29"        [_thread_blocked, id=13256, stack(0x000000e111100000,0x000000e111200000) (1024K)]
  0x0000029397d18570 JavaThread "Unconstrained build operations Thread 30"        [_thread_blocked, id=3460, stack(0x000000e111200000,0x000000e111300000) (1024K)]
  0x0000029397d18c00 JavaThread "Unconstrained build operations Thread 31"        [_thread_blocked, id=14544, stack(0x000000e111300000,0x000000e111400000) (1024K)]
  0x0000029397d11c70 JavaThread "WorkerExecutor Queue"              [_thread_in_native, id=9048, stack(0x000000e111400000,0x000000e111500000) (1024K)]
  0x0000029397d19290 JavaThread "Unconstrained build operations Thread 32"        [_thread_blocked, id=10256, stack(0x000000e111600000,0x000000e111700000) (1024K)]
  0x0000029397d12300 JavaThread "Unconstrained build operations Thread 33"        [_thread_blocked, id=15204, stack(0x000000e111700000,0x000000e111800000) (1024K)]
  0x0000029397d12990 JavaThread "Unconstrained build operations Thread 34"        [_thread_blocked, id=14488, stack(0x000000e111800000,0x000000e111900000) (1024K)]
  0x00000293937b0e70 JavaThread "pool-3-thread-1"                   [_thread_blocked, id=16132, stack(0x000000e111900000,0x000000e111a00000) (1024K)]
  0x00000293937b56a0 JavaThread "stderr"                            [_thread_in_native, id=12088, stack(0x000000e111a00000,0x000000e111b00000) (1024K)]
  0x00000293937b07e0 JavaThread "stdout"                            [_thread_in_native, id=15900, stack(0x000000e111b00000,0x000000e111c00000) (1024K)]
  0x00000293937b1500 JavaThread "Unconstrained build operations Thread 35"        [_thread_blocked, id=11184, stack(0x000000e111500000,0x000000e111600000) (1024K)]
  0x00000293937b35d0 JavaThread "Unconstrained build operations Thread 36"        [_thread_blocked, id=13220, stack(0x000000e111c00000,0x000000e111d00000) (1024K)]
  0x00000293937b42f0 JavaThread "Unconstrained build operations Thread 37"        [_thread_blocked, id=7200, stack(0x000000e111d00000,0x000000e111e00000) (1024K)]
  0x000002939a280710 JavaThread "Unconstrained build operations Thread 38"        [_thread_blocked, id=10320, stack(0x000000e111e00000,0x000000e111f00000) (1024K)]
  0x000002939a27d920 JavaThread "Unconstrained build operations Thread 39"        [_thread_blocked, id=8440, stack(0x000000e111f00000,0x000000e112000000) (1024K)]
  0x000002939a282e70 JavaThread "Unconstrained build operations Thread 40"        [_thread_blocked, id=8656, stack(0x000000e112000000,0x000000e112100000) (1024K)]
  0x00000293937b4980 JavaThread "WorkerExecutor Queue Thread 2"        [_thread_blocked, id=4048, stack(0x000000e10bf00000,0x000000e10c000000) (1024K)]
  0x00000293937b5010 JavaThread "RMI Scheduler(0)"           daemon [_thread_blocked, id=12372, stack(0x000000e112100000,0x000000e112200000) (1024K)]
  0x00000293937b2220 JavaThread "RMI RenewClean-[127.0.0.1:17869,org.jetbrains.kotlin.daemon.common.LoopbackNetworkInterface$ClientLoopbackSocketFactory@1486972f]" daemon [_thread_blocked, id=12560, stack(0x000000e112200000,0x000000e112300000) (1024K)]
  0x00000293937b2f40 JavaThread "RMI GC Daemon"              daemon [_thread_blocked, id=10032, stack(0x000000e112300000,0x000000e112400000) (1024K)]
  0x00000293937aeda0 JavaThread "RMI TCP Accept-0"           daemon [_thread_in_native, id=15836, stack(0x000000e112400000,0x000000e112500000) (1024K)]
  0x00000293937b0150 JavaThread "RMI Reaper"                        [_thread_blocked, id=13276, stack(0x000000e112500000,0x000000e112600000) (1024K)]
  0x0000029398d15000 JavaThread "RMI TCP Connection(idle)"   daemon [_thread_blocked, id=13512, stack(0x000000e112600000,0x000000e112700000) (1024K)]
  0x0000029399f9ead0 JavaThread "C2 CompilerThread1"         daemon [_thread_in_native, id=12200, stack(0x000000e112700000,0x000000e112800000) (1024K)]
Total: 93

Other Threads:
  0x000002939303dc10 VMThread "VM Thread"                           [id=12292, stack(0x000000e10c900000,0x000000e10ca00000) (1024K)]
  0x00000293fb8ad190 WatcherThread "VM Periodic Task Thread"        [id=13356, stack(0x000000e10c800000,0x000000e10c900000) (1024K)]
  0x00000293f3a99220 WorkerThread "GC Thread#0"                     [id=13932, stack(0x000000e10c300000,0x000000e10c400000) (1024K)]
  0x0000029393610720 WorkerThread "GC Thread#1"                     [id=7204, stack(0x000000e10d400000,0x000000e10d500000) (1024K)]
  0x0000029393610ac0 WorkerThread "GC Thread#2"                     [id=8632, stack(0x000000e10d500000,0x000000e10d600000) (1024K)]
  0x0000029393610e60 WorkerThread "GC Thread#3"                     [id=7580, stack(0x000000e10d600000,0x000000e10d700000) (1024K)]
  0x00000293f190bfc0 ConcurrentGCThread "G1 Main Marker"            [id=7652, stack(0x000000e10c400000,0x000000e10c500000) (1024K)]
=>0x00000293f190d170 WorkerThread "G1 Conc#0"                       [id=15420, stack(0x000000e10c500000,0x000000e10c600000) (1024K)]
  0x00000293f3b0eae0 ConcurrentGCThread "G1 Refine#0"               [id=8624, stack(0x000000e10c600000,0x000000e10c700000) (1024K)]
  0x00000293fb77d8a0 ConcurrentGCThread "G1 Service"                [id=14164, stack(0x000000e10c700000,0x000000e10c800000) (1024K)]
Total: 10

Threads with active compile tasks:
C2 CompilerThread0  142187 21428       4       com.android.tools.r8.internal.AA::a (3862 bytes)
C2 CompilerThread1  142187 21475       4       com.android.tools.r8.internal.IR::a (2004 bytes)
Total: 2

VM state: not at safepoint (normal execution)

VM Mutex/Monitor currently owned by a thread: None

Heap address: 0x0000000080000000, size: 2048 MB, Compressed Oops mode: 32-bit

CDS archive(s) not mapped
Compressed class space mapped at: 0x0000000100000000-0x0000000140000000, reserved size: 1073741824
Narrow klass base: 0x0000000000000000, Narrow klass shift: 3, Narrow klass range: 0x140000000

GC Precious Log:
 CardTable entry size: 512
 Card Set container configuration: InlinePtr #cards 5 size 8 Array Of Cards #cards 12 size 40 Howl #buckets 4 coarsen threshold 1843 Howl Bitmap #cards 512 size 80 coarsen threshold 460 Card regions per heap region 1 cards per card region 2048
 CPUs: 4 total, 4 available
 Memory: 16279M
 Large Page Support: Disabled
 NUMA Support: Disabled
 Compressed Oops: Enabled (32-bit)
 Heap Region Size: 1M
 Heap Min Capacity: 8M
 Heap Initial Capacity: 256M
 Heap Max Capacity: 2G
 Pre-touch: Disabled
 Parallel Workers: 4
 Concurrent Workers: 1
 Concurrent Refinement Workers: 4
 Periodic GC: Disabled

Heap:
 garbage-first heap   total 444416K, used 249344K [0x0000000080000000, 0x0000000100000000)
  region size 1024K, 82 young (83968K), 13 survivors (13312K)
 Metaspace       used 141231K, committed 143616K, reserved 1179648K
  class space    used 19018K, committed 20224K, reserved 1048576K

Heap Regions: E=young(eden), S=young(survivor), O=old, HS=humongous(starts), HC=humongous(continues), CS=collection set, F=free, TAMS=top-at-mark-start, PB=parsable bottom
|   0|0x0000000080000000, 0x0000000080100000, 0x0000000080100000|100%|HS|  |TAMS 0x0000000080100000| PB 0x0000000080000000| Complete 
|   1|0x0000000080100000, 0x0000000080200000, 0x0000000080200000|100%|HC|  |TAMS 0x0000000080200000| PB 0x0000000080100000| Complete 
|   2|0x0000000080200000, 0x0000000080300000, 0x0000000080300000|100%|HC|  |TAMS 0x0000000080300000| PB 0x0000000080200000| Complete 
|   3|0x0000000080300000, 0x0000000080400000, 0x0000000080400000|100%| O|  |TAMS 0x0000000080400000| PB 0x0000000080300000| Untracked 
|   4|0x0000000080400000, 0x0000000080500000, 0x0000000080500000|100%| O|  |TAMS 0x0000000080500000| PB 0x0000000080400000| Untracked 
|   5|0x0000000080500000, 0x0000000080600000, 0x0000000080600000|100%| O|  |TAMS 0x0000000080600000| PB 0x0000000080500000| Untracked 
|   6|0x0000000080600000, 0x0000000080700000, 0x0000000080700000|100%| O|  |TAMS 0x0000000080700000| PB 0x0000000080600000| Untracked 
|   7|0x0000000080700000, 0x0000000080800000, 0x0000000080800000|100%|HS|  |TAMS 0x0000000080800000| PB 0x0000000080700000| Complete 
|   8|0x0000000080800000, 0x0000000080900000, 0x0000000080900000|100%| O|  |TAMS 0x0000000080900000| PB 0x0000000080800000| Untracked 
|   9|0x0000000080900000, 0x0000000080a00000, 0x0000000080a00000|100%| O|  |TAMS 0x0000000080a00000| PB 0x0000000080900000| Untracked 
|  10|0x0000000080a00000, 0x0000000080b00000, 0x0000000080b00000|100%| O|  |TAMS 0x0000000080b00000| PB 0x0000000080a00000| Untracked 
|  11|0x0000000080b00000, 0x0000000080c00000, 0x0000000080c00000|100%| O|  |TAMS 0x0000000080c00000| PB 0x0000000080b00000| Untracked 
|  12|0x0000000080c00000, 0x0000000080d00000, 0x0000000080d00000|100%| O|  |TAMS 0x0000000080d00000| PB 0x0000000080c00000| Untracked 
|  13|0x0000000080d00000, 0x0000000080e00000, 0x0000000080e00000|100%| O|  |TAMS 0x0000000080e00000| PB 0x0000000080d00000| Untracked 
|  14|0x0000000080e00000, 0x0000000080f00000, 0x0000000080f00000|100%| O|  |TAMS 0x0000000080f00000| PB 0x0000000080e00000| Untracked 
|  15|0x0000000080f00000, 0x0000000081000000, 0x0000000081000000|100%| O|  |TAMS 0x0000000081000000| PB 0x0000000080f00000| Untracked 
|  16|0x0000000081000000, 0x0000000081100000, 0x0000000081100000|100%| O|  |TAMS 0x0000000081100000| PB 0x0000000081000000| Untracked 
|  17|0x0000000081100000, 0x0000000081200000, 0x0000000081200000|100%| O|  |TAMS 0x0000000081200000| PB 0x0000000081100000| Untracked 
|  18|0x0000000081200000, 0x0000000081300000, 0x0000000081300000|100%| O|  |TAMS 0x0000000081300000| PB 0x0000000081200000| Untracked 
|  19|0x0000000081300000, 0x0000000081400000, 0x0000000081400000|100%| O|  |TAMS 0x0000000081400000| PB 0x0000000081300000| Untracked 
|  20|0x0000000081400000, 0x0000000081500000, 0x0000000081500000|100%| O|  |TAMS 0x0000000081500000| PB 0x0000000081400000| Untracked 
|  21|0x0000000081500000, 0x0000000081600000, 0x0000000081600000|100%| O|  |TAMS 0x0000000081600000| PB 0x0000000081500000| Untracked 
|  22|0x0000000081600000, 0x0000000081700000, 0x0000000081700000|100%| O|  |TAMS 0x0000000081700000| PB 0x0000000081600000| Untracked 
|  23|0x0000000081700000, 0x0000000081800000, 0x0000000081800000|100%| O|  |TAMS 0x0000000081800000| PB 0x0000000081700000| Untracked 
|  24|0x0000000081800000, 0x0000000081900000, 0x0000000081900000|100%| O|  |TAMS 0x0000000081900000| PB 0x0000000081800000| Untracked 
|  25|0x0000000081900000, 0x0000000081a00000, 0x0000000081a00000|100%| O|  |TAMS 0x0000000081a00000| PB 0x0000000081900000| Untracked 
|  26|0x0000000081a00000, 0x0000000081b00000, 0x0000000081b00000|100%| O|  |TAMS 0x0000000081b00000| PB 0x0000000081a00000| Untracked 
|  27|0x0000000081b00000, 0x0000000081c00000, 0x0000000081c00000|100%|HS|  |TAMS 0x0000000081c00000| PB 0x0000000081b00000| Complete 
|  28|0x0000000081c00000, 0x0000000081d00000, 0x0000000081d00000|100%| O|  |TAMS 0x0000000081d00000| PB 0x0000000081c00000| Untracked 
|  29|0x0000000081d00000, 0x0000000081e00000, 0x0000000081e00000|100%| O|  |TAMS 0x0000000081e00000| PB 0x0000000081d00000| Untracked 
|  30|0x0000000081e00000, 0x0000000081f00000, 0x0000000081f00000|100%| O|  |TAMS 0x0000000081f00000| PB 0x0000000081e00000| Untracked 
|  31|0x0000000081f00000, 0x0000000082000000, 0x0000000082000000|100%| O|  |TAMS 0x0000000082000000| PB 0x0000000081f00000| Untracked 
|  32|0x0000000082000000, 0x0000000082100000, 0x0000000082100000|100%| O|  |TAMS 0x0000000082100000| PB 0x0000000082000000| Untracked 
|  33|0x0000000082100000, 0x0000000082200000, 0x0000000082200000|100%| O|  |TAMS 0x0000000082200000| PB 0x0000000082100000| Untracked 
|  34|0x0000000082200000, 0x0000000082300000, 0x0000000082300000|100%| O|  |TAMS 0x0000000082300000| PB 0x0000000082200000| Untracked 
|  35|0x0000000082300000, 0x0000000082400000, 0x0000000082400000|100%| O|  |TAMS 0x0000000082400000| PB 0x0000000082300000| Untracked 
|  36|0x0000000082400000, 0x0000000082500000, 0x0000000082500000|100%| O|  |TAMS 0x0000000082500000| PB 0x0000000082400000| Untracked 
|  37|0x0000000082500000, 0x0000000082600000, 0x0000000082600000|100%| O|  |TAMS 0x0000000082600000| PB 0x0000000082500000| Untracked 
|  38|0x0000000082600000, 0x0000000082700000, 0x0000000082700000|100%| O|  |TAMS 0x0000000082700000| PB 0x0000000082600000| Untracked 
|  39|0x0000000082700000, 0x0000000082800000, 0x0000000082800000|100%| O|  |TAMS 0x0000000082800000| PB 0x0000000082700000| Untracked 
|  40|0x0000000082800000, 0x0000000082900000, 0x0000000082900000|100%| O|  |TAMS 0x0000000082900000| PB 0x0000000082800000| Untracked 
|  41|0x0000000082900000, 0x0000000082a00000, 0x0000000082a00000|100%| O|  |TAMS 0x0000000082a00000| PB 0x0000000082900000| Untracked 
|  42|0x0000000082a00000, 0x0000000082b00000, 0x0000000082b00000|100%| O|  |TAMS 0x0000000082b00000| PB 0x0000000082a00000| Untracked 
|  43|0x0000000082b00000, 0x0000000082b00000, 0x0000000082c00000|  0%| F|  |TAMS 0x0000000082b00000| PB 0x0000000082b00000| Untracked 
|  44|0x0000000082c00000, 0x0000000082d00000, 0x0000000082d00000|100%| O|  |TAMS 0x0000000082d00000| PB 0x0000000082c00000| Untracked 
|  45|0x0000000082d00000, 0x0000000082e00000, 0x0000000082e00000|100%| O|  |TAMS 0x0000000082e00000| PB 0x0000000082d00000| Untracked 
|  46|0x0000000082e00000, 0x0000000082f00000, 0x0000000082f00000|100%| O|  |TAMS 0x0000000082f00000| PB 0x0000000082e00000| Untracked 
|  47|0x0000000082f00000, 0x0000000083000000, 0x0000000083000000|100%|HS|  |TAMS 0x0000000083000000| PB 0x0000000082f00000| Complete 
|  48|0x0000000083000000, 0x0000000083100000, 0x0000000083100000|100%|HS|  |TAMS 0x0000000083100000| PB 0x0000000083000000| Complete 
|  49|0x0000000083100000, 0x0000000083200000, 0x0000000083200000|100%|HC|  |TAMS 0x0000000083200000| PB 0x0000000083100000| Complete 
|  50|0x0000000083200000, 0x0000000083300000, 0x0000000083300000|100%|HS|  |TAMS 0x0000000083300000| PB 0x0000000083200000| Complete 
|  51|0x0000000083300000, 0x0000000083400000, 0x0000000083400000|100%|HC|  |TAMS 0x0000000083400000| PB 0x0000000083300000| Complete 
|  52|0x0000000083400000, 0x0000000083500000, 0x0000000083500000|100%|HS|  |TAMS 0x0000000083500000| PB 0x0000000083400000| Complete 
|  53|0x0000000083500000, 0x0000000083600000, 0x0000000083600000|100%|HS|  |TAMS 0x0000000083600000| PB 0x0000000083500000| Complete 
|  54|0x0000000083600000, 0x0000000083700000, 0x0000000083700000|100%|HC|  |TAMS 0x0000000083700000| PB 0x0000000083600000| Complete 
|  55|0x0000000083700000, 0x0000000083800000, 0x0000000083800000|100%|HC|  |TAMS 0x0000000083800000| PB 0x0000000083700000| Complete 
|  56|0x0000000083800000, 0x0000000083900000, 0x0000000083900000|100%|HC|  |TAMS 0x0000000083900000| PB 0x0000000083800000| Complete 
|  57|0x0000000083900000, 0x0000000083a00000, 0x0000000083a00000|100%|HS|  |TAMS 0x0000000083a00000| PB 0x0000000083900000| Complete 
|  58|0x0000000083a00000, 0x0000000083b00000, 0x0000000083b00000|100%| O|  |TAMS 0x0000000083b00000| PB 0x0000000083a00000| Untracked 
|  59|0x0000000083b00000, 0x0000000083c00000, 0x0000000083c00000|100%|HS|  |TAMS 0x0000000083c00000| PB 0x0000000083b00000| Complete 
|  60|0x0000000083c00000, 0x0000000083d00000, 0x0000000083d00000|100%|HS|  |TAMS 0x0000000083d00000| PB 0x0000000083c00000| Complete 
|  61|0x0000000083d00000, 0x0000000083e00000, 0x0000000083e00000|100%| O|  |TAMS 0x0000000083e00000| PB 0x0000000083d00000| Untracked 
|  62|0x0000000083e00000, 0x0000000083f00000, 0x0000000083f00000|100%| O|  |TAMS 0x0000000083f00000| PB 0x0000000083e00000| Untracked 
|  63|0x0000000083f00000, 0x0000000084000000, 0x0000000084000000|100%| O|  |TAMS 0x0000000084000000| PB 0x0000000083f00000| Untracked 
|  64|0x0000000084000000, 0x0000000084100000, 0x0000000084100000|100%| O|  |TAMS 0x0000000084100000| PB 0x0000000084000000| Untracked 
|  65|0x0000000084100000, 0x0000000084200000, 0x0000000084200000|100%| O|  |TAMS 0x0000000084200000| PB 0x0000000084100000| Untracked 
|  66|0x0000000084200000, 0x0000000084300000, 0x0000000084300000|100%| O|  |TAMS 0x0000000084300000| PB 0x0000000084200000| Untracked 
|  67|0x0000000084300000, 0x0000000084400000, 0x0000000084400000|100%| O|  |TAMS 0x0000000084400000| PB 0x0000000084300000| Untracked 
|  68|0x0000000084400000, 0x0000000084500000, 0x0000000084500000|100%| O|  |TAMS 0x0000000084500000| PB 0x0000000084400000| Untracked 
|  69|0x0000000084500000, 0x0000000084600000, 0x0000000084600000|100%|HS|  |TAMS 0x0000000084600000| PB 0x0000000084500000| Complete 
|  70|0x0000000084600000, 0x0000000084700000, 0x0000000084700000|100%| O|  |TAMS 0x0000000084700000| PB 0x0000000084600000| Untracked 
|  71|0x0000000084700000, 0x0000000084800000, 0x0000000084800000|100%| O|  |TAMS 0x0000000084800000| PB 0x0000000084700000| Untracked 
|  72|0x0000000084800000, 0x0000000084900000, 0x0000000084900000|100%| O|  |TAMS 0x0000000084900000| PB 0x0000000084800000| Untracked 
|  73|0x0000000084900000, 0x0000000084a00000, 0x0000000084a00000|100%| O|  |TAMS 0x0000000084a00000| PB 0x0000000084900000| Untracked 
|  74|0x0000000084a00000, 0x0000000084b00000, 0x0000000084b00000|100%|HS|  |TAMS 0x0000000084b00000| PB 0x0000000084a00000| Complete 
|  75|0x0000000084b00000, 0x0000000084c00000, 0x0000000084c00000|100%|HC|  |TAMS 0x0000000084c00000| PB 0x0000000084b00000| Complete 
|  76|0x0000000084c00000, 0x0000000084d00000, 0x0000000084d00000|100%|HC|  |TAMS 0x0000000084d00000| PB 0x0000000084c00000| Complete 
|  77|0x0000000084d00000, 0x0000000084e00000, 0x0000000084e00000|100%|HC|  |TAMS 0x0000000084e00000| PB 0x0000000084d00000| Complete 
|  78|0x0000000084e00000, 0x0000000084f00000, 0x0000000084f00000|100%| O|  |TAMS 0x0000000084f00000| PB 0x0000000084e00000| Untracked 
|  79|0x0000000084f00000, 0x0000000085000000, 0x0000000085000000|100%| O|  |TAMS 0x0000000085000000| PB 0x0000000084f00000| Untracked 
|  80|0x0000000085000000, 0x0000000085100000, 0x0000000085100000|100%| O|  |TAMS 0x0000000085100000| PB 0x0000000085000000| Untracked 
|  81|0x0000000085100000, 0x0000000085200000, 0x0000000085200000|100%| O|  |TAMS 0x0000000085200000| PB 0x0000000085100000| Untracked 
|  82|0x0000000085200000, 0x0000000085300000, 0x0000000085300000|100%| O|  |TAMS 0x0000000085300000| PB 0x0000000085200000| Untracked 
|  83|0x0000000085300000, 0x0000000085400000, 0x0000000085400000|100%| O|  |TAMS 0x0000000085400000| PB 0x0000000085300000| Untracked 
|  84|0x0000000085400000, 0x0000000085500000, 0x0000000085500000|100%| O|  |TAMS 0x0000000085500000| PB 0x0000000085400000| Untracked 
|  85|0x0000000085500000, 0x0000000085600000, 0x0000000085600000|100%| O|  |TAMS 0x0000000085600000| PB 0x0000000085500000| Untracked 
|  86|0x0000000085600000, 0x0000000085700000, 0x0000000085700000|100%| O|  |TAMS 0x0000000085700000| PB 0x0000000085600000| Untracked 
|  87|0x0000000085700000, 0x0000000085800000, 0x0000000085800000|100%| O|  |TAMS 0x0000000085800000| PB 0x0000000085700000| Untracked 
|  88|0x0000000085800000, 0x0000000085900000, 0x0000000085900000|100%| O|  |TAMS 0x0000000085900000| PB 0x0000000085800000| Untracked 
|  89|0x0000000085900000, 0x0000000085a00000, 0x0000000085a00000|100%| O|  |TAMS 0x0000000085a00000| PB 0x0000000085900000| Untracked 
|  90|0x0000000085a00000, 0x0000000085b00000, 0x0000000085b00000|100%| O|  |TAMS 0x0000000085b00000| PB 0x0000000085a00000| Untracked 
|  91|0x0000000085b00000, 0x0000000085c00000, 0x0000000085c00000|100%| O|  |TAMS 0x0000000085c00000| PB 0x0000000085b00000| Untracked 
|  92|0x0000000085c00000, 0x0000000085d00000, 0x0000000085d00000|100%| O|  |TAMS 0x0000000085d00000| PB 0x0000000085c00000| Untracked 
|  93|0x0000000085d00000, 0x0000000085e00000, 0x0000000085e00000|100%| O|  |TAMS 0x0000000085e00000| PB 0x0000000085d00000| Untracked 
|  94|0x0000000085e00000, 0x0000000085f00000, 0x0000000085f00000|100%| O|  |TAMS 0x0000000085f00000| PB 0x0000000085e00000| Untracked 
|  95|0x0000000085f00000, 0x0000000086000000, 0x0000000086000000|100%| O|  |TAMS 0x0000000086000000| PB 0x0000000085f00000| Untracked 
|  96|0x0000000086000000, 0x0000000086100000, 0x0000000086100000|100%| O|  |TAMS 0x0000000086100000| PB 0x0000000086000000| Untracked 
|  97|0x0000000086100000, 0x0000000086200000, 0x0000000086200000|100%| O|  |TAMS 0x0000000086200000| PB 0x0000000086100000| Untracked 
|  98|0x0000000086200000, 0x0000000086300000, 0x0000000086300000|100%| O|  |TAMS 0x0000000086300000| PB 0x0000000086200000| Untracked 
|  99|0x0000000086300000, 0x0000000086400000, 0x0000000086400000|100%| O|  |TAMS 0x0000000086400000| PB 0x0000000086300000| Untracked 
| 100|0x0000000086400000, 0x0000000086500000, 0x0000000086500000|100%| O|  |TAMS 0x0000000086500000| PB 0x0000000086400000| Untracked 
| 101|0x0000000086500000, 0x0000000086600000, 0x0000000086600000|100%| O|  |TAMS 0x0000000086600000| PB 0x0000000086500000| Untracked 
| 102|0x0000000086600000, 0x0000000086700000, 0x0000000086700000|100%| O|  |TAMS 0x0000000086700000| PB 0x0000000086600000| Untracked 
| 103|0x0000000086700000, 0x0000000086800000, 0x0000000086800000|100%| O|  |TAMS 0x0000000086800000| PB 0x0000000086700000| Untracked 
| 104|0x0000000086800000, 0x0000000086900000, 0x0000000086900000|100%| O|  |TAMS 0x0000000086900000| PB 0x0000000086800000| Untracked 
| 105|0x0000000086900000, 0x0000000086a00000, 0x0000000086a00000|100%| O|  |TAMS 0x0000000086a00000| PB 0x0000000086900000| Untracked 
| 106|0x0000000086a00000, 0x0000000086b00000, 0x0000000086b00000|100%| O|  |TAMS 0x0000000086b00000| PB 0x0000000086a00000| Untracked 
| 107|0x0000000086b00000, 0x0000000086c00000, 0x0000000086c00000|100%| O|  |TAMS 0x0000000086c00000| PB 0x0000000086b00000| Untracked 
| 108|0x0000000086c00000, 0x0000000086d00000, 0x0000000086d00000|100%| O|  |TAMS 0x0000000086d00000| PB 0x0000000086c00000| Untracked 
| 109|0x0000000086d00000, 0x0000000086e00000, 0x0000000086e00000|100%| O|  |TAMS 0x0000000086e00000| PB 0x0000000086d00000| Untracked 
| 110|0x0000000086e00000, 0x0000000086e00000, 0x0000000086f00000|  0%| F|  |TAMS 0x0000000086e00000| PB 0x0000000086e00000| Untracked 
| 111|0x0000000086f00000, 0x0000000087000000, 0x0000000087000000|100%| O|  |TAMS 0x0000000087000000| PB 0x0000000086f00000| Untracked 
| 112|0x0000000087000000, 0x0000000087100000, 0x0000000087100000|100%| O|  |TAMS 0x0000000087100000| PB 0x0000000087000000| Untracked 
| 113|0x0000000087100000, 0x0000000087200000, 0x0000000087200000|100%| O|  |TAMS 0x0000000087200000| PB 0x0000000087100000| Untracked 
| 114|0x0000000087200000, 0x0000000087300000, 0x0000000087300000|100%| O|  |TAMS 0x0000000087300000| PB 0x0000000087200000| Untracked 
| 115|0x0000000087300000, 0x0000000087400000, 0x0000000087400000|100%| O|  |TAMS 0x0000000087400000| PB 0x0000000087300000| Untracked 
| 116|0x0000000087400000, 0x0000000087400000, 0x0000000087500000|  0%| F|  |TAMS 0x0000000087400000| PB 0x0000000087400000| Untracked 
| 117|0x0000000087500000, 0x0000000087600000, 0x0000000087600000|100%| O|  |TAMS 0x0000000087600000| PB 0x0000000087500000| Untracked 
| 118|0x0000000087600000, 0x0000000087700000, 0x0000000087700000|100%| O|  |TAMS 0x0000000087700000| PB 0x0000000087600000| Untracked 
| 119|0x0000000087700000, 0x0000000087800000, 0x0000000087800000|100%| O|  |TAMS 0x0000000087800000| PB 0x0000000087700000| Untracked 
| 120|0x0000000087800000, 0x0000000087900000, 0x0000000087900000|100%| O|  |TAMS 0x0000000087900000| PB 0x0000000087800000| Untracked 
| 121|0x0000000087900000, 0x0000000087a00000, 0x0000000087a00000|100%| O|  |TAMS 0x0000000087a00000| PB 0x0000000087900000| Untracked 
| 122|0x0000000087a00000, 0x0000000087b00000, 0x0000000087b00000|100%| O|  |TAMS 0x0000000087b00000| PB 0x0000000087a00000| Untracked 
| 123|0x0000000087b00000, 0x0000000087c00000, 0x0000000087c00000|100%| O|  |TAMS 0x0000000087c00000| PB 0x0000000087b00000| Untracked 
| 124|0x0000000087c00000, 0x0000000087d00000, 0x0000000087d00000|100%| O|  |TAMS 0x0000000087d00000| PB 0x0000000087c00000| Untracked 
| 125|0x0000000087d00000, 0x0000000087e00000, 0x0000000087e00000|100%| O|  |TAMS 0x0000000087e00000| PB 0x0000000087d00000| Untracked 
| 126|0x0000000087e00000, 0x0000000087f00000, 0x0000000087f00000|100%| O|  |TAMS 0x0000000087f00000| PB 0x0000000087e00000| Untracked 
| 127|0x0000000087f00000, 0x0000000088000000, 0x0000000088000000|100%| O|  |TAMS 0x0000000088000000| PB 0x0000000087f00000| Untracked 
| 128|0x0000000088000000, 0x0000000088100000, 0x0000000088100000|100%| O|  |TAMS 0x0000000088100000| PB 0x0000000088000000| Untracked 
| 129|0x0000000088100000, 0x0000000088200000, 0x0000000088200000|100%| O|  |TAMS 0x0000000088200000| PB 0x0000000088100000| Untracked 
| 130|0x0000000088200000, 0x0000000088300000, 0x0000000088300000|100%| O|  |TAMS 0x0000000088300000| PB 0x0000000088200000| Untracked 
| 131|0x0000000088300000, 0x0000000088400000, 0x0000000088400000|100%| O|  |TAMS 0x0000000088400000| PB 0x0000000088300000| Untracked 
| 132|0x0000000088400000, 0x0000000088500000, 0x0000000088500000|100%| O|  |TAMS 0x0000000088500000| PB 0x0000000088400000| Untracked 
| 133|0x0000000088500000, 0x0000000088600000, 0x0000000088600000|100%| O|  |TAMS 0x0000000088600000| PB 0x0000000088500000| Untracked 
| 134|0x0000000088600000, 0x0000000088700000, 0x0000000088700000|100%| O|  |TAMS 0x0000000088700000| PB 0x0000000088600000| Untracked 
| 135|0x0000000088700000, 0x0000000088800000, 0x0000000088800000|100%| O|  |TAMS 0x0000000088800000| PB 0x0000000088700000| Untracked 
| 136|0x0000000088800000, 0x0000000088900000, 0x0000000088900000|100%| O|  |TAMS 0x0000000088900000| PB 0x0000000088800000| Untracked 
| 137|0x0000000088900000, 0x0000000088a00000, 0x0000000088a00000|100%| O|  |TAMS 0x0000000088a00000| PB 0x0000000088900000| Untracked 
| 138|0x0000000088a00000, 0x0000000088b00000, 0x0000000088b00000|100%| O|  |TAMS 0x0000000088b00000| PB 0x0000000088a00000| Untracked 
| 139|0x0000000088b00000, 0x0000000088c00000, 0x0000000088c00000|100%| O|  |TAMS 0x0000000088c00000| PB 0x0000000088b00000| Untracked 
| 140|0x0000000088c00000, 0x0000000088d00000, 0x0000000088d00000|100%| O|  |TAMS 0x0000000088d00000| PB 0x0000000088c00000| Untracked 
| 141|0x0000000088d00000, 0x0000000088e00000, 0x0000000088e00000|100%| O|  |TAMS 0x0000000088e00000| PB 0x0000000088d00000| Untracked 
| 142|0x0000000088e00000, 0x0000000088f00000, 0x0000000088f00000|100%| O|  |TAMS 0x0000000088f00000| PB 0x0000000088e00000| Untracked 
| 143|0x0000000088f00000, 0x0000000089000000, 0x0000000089000000|100%| O|  |TAMS 0x0000000089000000| PB 0x0000000088f00000| Untracked 
| 144|0x0000000089000000, 0x0000000089100000, 0x0000000089100000|100%| O|  |TAMS 0x0000000089100000| PB 0x0000000089000000| Untracked 
| 145|0x0000000089100000, 0x0000000089200000, 0x0000000089200000|100%| O|  |TAMS 0x0000000089200000| PB 0x0000000089100000| Untracked 
| 146|0x0000000089200000, 0x0000000089300000, 0x0000000089300000|100%| O|  |TAMS 0x0000000089300000| PB 0x0000000089200000| Untracked 
| 147|0x0000000089300000, 0x0000000089400000, 0x0000000089400000|100%| O|  |TAMS 0x0000000089400000| PB 0x0000000089300000| Untracked 
| 148|0x0000000089400000, 0x0000000089500000, 0x0000000089500000|100%| O|  |TAMS 0x0000000089500000| PB 0x0000000089400000| Untracked 
| 149|0x0000000089500000, 0x0000000089600000, 0x0000000089600000|100%| O|  |TAMS 0x0000000089600000| PB 0x0000000089500000| Untracked 
| 150|0x0000000089600000, 0x0000000089700000, 0x0000000089700000|100%| O|  |TAMS 0x0000000089700000| PB 0x0000000089600000| Untracked 
| 151|0x0000000089700000, 0x0000000089800000, 0x0000000089800000|100%| O|  |TAMS 0x0000000089800000| PB 0x0000000089700000| Untracked 
| 152|0x0000000089800000, 0x0000000089900000, 0x0000000089900000|100%| O|  |TAMS 0x0000000089900000| PB 0x0000000089800000| Untracked 
| 153|0x0000000089900000, 0x0000000089a00000, 0x0000000089a00000|100%| O|  |TAMS 0x0000000089a00000| PB 0x0000000089900000| Untracked 
| 154|0x0000000089a00000, 0x0000000089b00000, 0x0000000089b00000|100%| O|  |TAMS 0x0000000089b00000| PB 0x0000000089a00000| Untracked 
| 155|0x0000000089b00000, 0x0000000089c00000, 0x0000000089c00000|100%| O|  |TAMS 0x0000000089c00000| PB 0x0000000089b00000| Untracked 
| 156|0x0000000089c00000, 0x0000000089d00000, 0x0000000089d00000|100%| O|  |TAMS 0x0000000089d00000| PB 0x0000000089c00000| Untracked 
| 157|0x0000000089d00000, 0x0000000089e00000, 0x0000000089e00000|100%| O|  |TAMS 0x0000000089e00000| PB 0x0000000089d00000| Untracked 
| 158|0x0000000089e00000, 0x0000000089f00000, 0x0000000089f00000|100%| O|  |TAMS 0x0000000089f00000| PB 0x0000000089e00000| Untracked 
| 159|0x0000000089f00000, 0x000000008a000000, 0x000000008a000000|100%| O|  |TAMS 0x000000008a000000| PB 0x0000000089f00000| Untracked 
| 160|0x000000008a000000, 0x000000008a100000, 0x000000008a100000|100%| O|  |TAMS 0x000000008a100000| PB 0x000000008a000000| Untracked 
| 161|0x000000008a100000, 0x000000008a200000, 0x000000008a200000|100%| O|  |TAMS 0x000000008a200000| PB 0x000000008a100000| Untracked 
| 162|0x000000008a200000, 0x000000008a300000, 0x000000008a300000|100%| O|  |TAMS 0x000000008a300000| PB 0x000000008a200000| Untracked 
| 163|0x000000008a300000, 0x000000008a300000, 0x000000008a400000|  0%| F|  |TAMS 0x000000008a300000| PB 0x000000008a300000| Untracked 
| 164|0x000000008a400000, 0x000000008a400000, 0x000000008a500000|  0%| F|  |TAMS 0x000000008a400000| PB 0x000000008a400000| Untracked 
| 165|0x000000008a500000, 0x000000008a500000, 0x000000008a600000|  0%| F|  |TAMS 0x000000008a500000| PB 0x000000008a500000| Untracked 
| 166|0x000000008a600000, 0x000000008a600000, 0x000000008a700000|  0%| F|  |TAMS 0x000000008a600000| PB 0x000000008a600000| Untracked 
| 167|0x000000008a700000, 0x000000008a700000, 0x000000008a800000|  0%| F|  |TAMS 0x000000008a700000| PB 0x000000008a700000| Untracked 
| 168|0x000000008a800000, 0x000000008a800000, 0x000000008a900000|  0%| F|  |TAMS 0x000000008a800000| PB 0x000000008a800000| Untracked 
| 169|0x000000008a900000, 0x000000008a900000, 0x000000008aa00000|  0%| F|  |TAMS 0x000000008a900000| PB 0x000000008a900000| Untracked 
| 170|0x000000008aa00000, 0x000000008ab00000, 0x000000008ab00000|100%| O|  |TAMS 0x000000008ab00000| PB 0x000000008aa00000| Untracked 
| 171|0x000000008ab00000, 0x000000008ab00000, 0x000000008ac00000|  0%| F|  |TAMS 0x000000008ab00000| PB 0x000000008ab00000| Untracked 
| 172|0x000000008ac00000, 0x000000008ac00000, 0x000000008ad00000|  0%| F|  |TAMS 0x000000008ac00000| PB 0x000000008ac00000| Untracked 
| 173|0x000000008ad00000, 0x000000008ad00000, 0x000000008ae00000|  0%| F|  |TAMS 0x000000008ad00000| PB 0x000000008ad00000| Untracked 
| 174|0x000000008ae00000, 0x000000008ae00000, 0x000000008af00000|  0%| F|  |TAMS 0x000000008ae00000| PB 0x000000008ae00000| Untracked 
| 175|0x000000008af00000, 0x000000008af00000, 0x000000008b000000|  0%| F|  |TAMS 0x000000008af00000| PB 0x000000008af00000| Untracked 
| 176|0x000000008b000000, 0x000000008b000000, 0x000000008b100000|  0%| F|  |TAMS 0x000000008b000000| PB 0x000000008b000000| Untracked 
| 177|0x000000008b100000, 0x000000008b100000, 0x000000008b200000|  0%| F|  |TAMS 0x000000008b100000| PB 0x000000008b100000| Untracked 
| 178|0x000000008b200000, 0x000000008b200000, 0x000000008b300000|  0%| F|  |TAMS 0x000000008b200000| PB 0x000000008b200000| Untracked 
| 179|0x000000008b300000, 0x000000008b300000, 0x000000008b400000|  0%| F|  |TAMS 0x000000008b300000| PB 0x000000008b300000| Untracked 
| 180|0x000000008b400000, 0x000000008b400000, 0x000000008b500000|  0%| F|  |TAMS 0x000000008b400000| PB 0x000000008b400000| Untracked 
| 181|0x000000008b500000, 0x000000008b500000, 0x000000008b600000|  0%| F|  |TAMS 0x000000008b500000| PB 0x000000008b500000| Untracked 
| 182|0x000000008b600000, 0x000000008b600000, 0x000000008b700000|  0%| F|  |TAMS 0x000000008b600000| PB 0x000000008b600000| Untracked 
| 183|0x000000008b700000, 0x000000008b700000, 0x000000008b800000|  0%| F|  |TAMS 0x000000008b700000| PB 0x000000008b700000| Untracked 
| 184|0x000000008b800000, 0x000000008b800000, 0x000000008b900000|  0%| F|  |TAMS 0x000000008b800000| PB 0x000000008b800000| Untracked 
| 185|0x000000008b900000, 0x000000008b980000, 0x000000008ba00000| 50%| S|CS|TAMS 0x000000008b900000| PB 0x000000008b900000| Complete 
| 186|0x000000008ba00000, 0x000000008bb00000, 0x000000008bb00000|100%| S|CS|TAMS 0x000000008ba00000| PB 0x000000008ba00000| Complete 
| 187|0x000000008bb00000, 0x000000008bb00000, 0x000000008bc00000|  0%| F|  |TAMS 0x000000008bb00000| PB 0x000000008bb00000| Untracked 
| 188|0x000000008bc00000, 0x000000008bc00000, 0x000000008bd00000|  0%| F|  |TAMS 0x000000008bc00000| PB 0x000000008bc00000| Untracked 
| 189|0x000000008bd00000, 0x000000008bd00000, 0x000000008be00000|  0%| F|  |TAMS 0x000000008bd00000| PB 0x000000008bd00000| Untracked 
| 190|0x000000008be00000, 0x000000008be00000, 0x000000008bf00000|  0%| F|  |TAMS 0x000000008be00000| PB 0x000000008be00000| Untracked 
| 191|0x000000008bf00000, 0x000000008bf00000, 0x000000008c000000|  0%| F|  |TAMS 0x000000008bf00000| PB 0x000000008bf00000| Untracked 
| 192|0x000000008c000000, 0x000000008c000000, 0x000000008c100000|  0%| F|  |TAMS 0x000000008c000000| PB 0x000000008c000000| Untracked 
| 193|0x000000008c100000, 0x000000008c100000, 0x000000008c200000|  0%| F|  |TAMS 0x000000008c100000| PB 0x000000008c100000| Untracked 
| 194|0x000000008c200000, 0x000000008c200000, 0x000000008c300000|  0%| F|  |TAMS 0x000000008c200000| PB 0x000000008c200000| Untracked 
| 195|0x000000008c300000, 0x000000008c300000, 0x000000008c400000|  0%| F|  |TAMS 0x000000008c300000| PB 0x000000008c300000| Untracked 
| 196|0x000000008c400000, 0x000000008c400000, 0x000000008c500000|  0%| F|  |TAMS 0x000000008c400000| PB 0x000000008c400000| Untracked 
| 197|0x000000008c500000, 0x000000008c500000, 0x000000008c600000|  0%| F|  |TAMS 0x000000008c500000| PB 0x000000008c500000| Untracked 
| 198|0x000000008c600000, 0x000000008c600000, 0x000000008c700000|  0%| F|  |TAMS 0x000000008c600000| PB 0x000000008c600000| Untracked 
| 199|0x000000008c700000, 0x000000008c800000, 0x000000008c800000|100%| S|CS|TAMS 0x000000008c700000| PB 0x000000008c700000| Complete 
| 200|0x000000008c800000, 0x000000008c900000, 0x000000008c900000|100%| S|CS|TAMS 0x000000008c800000| PB 0x000000008c800000| Complete 
| 201|0x000000008c900000, 0x000000008ca00000, 0x000000008ca00000|100%| S|CS|TAMS 0x000000008c900000| PB 0x000000008c900000| Complete 
| 202|0x000000008ca00000, 0x000000008cb00000, 0x000000008cb00000|100%| S|CS|TAMS 0x000000008ca00000| PB 0x000000008ca00000| Complete 
| 203|0x000000008cb00000, 0x000000008cc00000, 0x000000008cc00000|100%| S|CS|TAMS 0x000000008cb00000| PB 0x000000008cb00000| Complete 
| 204|0x000000008cc00000, 0x000000008cd00000, 0x000000008cd00000|100%| S|CS|TAMS 0x000000008cc00000| PB 0x000000008cc00000| Complete 
| 205|0x000000008cd00000, 0x000000008ce00000, 0x000000008ce00000|100%| S|CS|TAMS 0x000000008cd00000| PB 0x000000008cd00000| Complete 
| 206|0x000000008ce00000, 0x000000008cf00000, 0x000000008cf00000|100%| S|CS|TAMS 0x000000008ce00000| PB 0x000000008ce00000| Complete 
| 207|0x000000008cf00000, 0x000000008d000000, 0x000000008d000000|100%| S|CS|TAMS 0x000000008cf00000| PB 0x000000008cf00000| Complete 
| 208|0x000000008d000000, 0x000000008d100000, 0x000000008d100000|100%| S|CS|TAMS 0x000000008d000000| PB 0x000000008d000000| Complete 
| 209|0x000000008d100000, 0x000000008d200000, 0x000000008d200000|100%| S|CS|TAMS 0x000000008d100000| PB 0x000000008d100000| Complete 
| 210|0x000000008d200000, 0x000000008d200000, 0x000000008d300000|  0%| F|  |TAMS 0x000000008d200000| PB 0x000000008d200000| Untracked 
| 211|0x000000008d300000, 0x000000008d300000, 0x000000008d400000|  0%| F|  |TAMS 0x000000008d300000| PB 0x000000008d300000| Untracked 
| 212|0x000000008d400000, 0x000000008d400000, 0x000000008d500000|  0%| F|  |TAMS 0x000000008d400000| PB 0x000000008d400000| Untracked 
| 213|0x000000008d500000, 0x000000008d500000, 0x000000008d600000|  0%| F|  |TAMS 0x000000008d500000| PB 0x000000008d500000| Untracked 
| 214|0x000000008d600000, 0x000000008d600000, 0x000000008d700000|  0%| F|  |TAMS 0x000000008d600000| PB 0x000000008d600000| Untracked 
| 215|0x000000008d700000, 0x000000008d700000, 0x000000008d800000|  0%| F|  |TAMS 0x000000008d700000| PB 0x000000008d700000| Untracked 
| 216|0x000000008d800000, 0x000000008d800000, 0x000000008d900000|  0%| F|  |TAMS 0x000000008d800000| PB 0x000000008d800000| Untracked 
| 217|0x000000008d900000, 0x000000008d900000, 0x000000008da00000|  0%| F|  |TAMS 0x000000008d900000| PB 0x000000008d900000| Untracked 
| 218|0x000000008da00000, 0x000000008da00000, 0x000000008db00000|  0%| F|  |TAMS 0x000000008da00000| PB 0x000000008da00000| Untracked 
| 219|0x000000008db00000, 0x000000008db00000, 0x000000008dc00000|  0%| F|  |TAMS 0x000000008db00000| PB 0x000000008db00000| Untracked 
| 220|0x000000008dc00000, 0x000000008dc00000, 0x000000008dd00000|  0%| F|  |TAMS 0x000000008dc00000| PB 0x000000008dc00000| Untracked 
| 221|0x000000008dd00000, 0x000000008dd00000, 0x000000008de00000|  0%| F|  |TAMS 0x000000008dd00000| PB 0x000000008dd00000| Untracked 
| 222|0x000000008de00000, 0x000000008de00000, 0x000000008df00000|  0%| F|  |TAMS 0x000000008de00000| PB 0x000000008de00000| Untracked 
| 223|0x000000008df00000, 0x000000008df00000, 0x000000008e000000|  0%| F|  |TAMS 0x000000008df00000| PB 0x000000008df00000| Untracked 
| 224|0x000000008e000000, 0x000000008e000000, 0x000000008e100000|  0%| F|  |TAMS 0x000000008e000000| PB 0x000000008e000000| Untracked 
| 225|0x000000008e100000, 0x000000008e100000, 0x000000008e200000|  0%| F|  |TAMS 0x000000008e100000| PB 0x000000008e100000| Untracked 
| 226|0x000000008e200000, 0x000000008e200000, 0x000000008e300000|  0%| F|  |TAMS 0x000000008e200000| PB 0x000000008e200000| Untracked 
| 227|0x000000008e300000, 0x000000008e300000, 0x000000008e400000|  0%| F|  |TAMS 0x000000008e300000| PB 0x000000008e300000| Untracked 
| 228|0x000000008e400000, 0x000000008e400000, 0x000000008e500000|  0%| F|  |TAMS 0x000000008e400000| PB 0x000000008e400000| Untracked 
| 229|0x000000008e500000, 0x000000008e500000, 0x000000008e600000|  0%| F|  |TAMS 0x000000008e500000| PB 0x000000008e500000| Untracked 
| 230|0x000000008e600000, 0x000000008e600000, 0x000000008e700000|  0%| F|  |TAMS 0x000000008e600000| PB 0x000000008e600000| Untracked 
| 231|0x000000008e700000, 0x000000008e700000, 0x000000008e800000|  0%| F|  |TAMS 0x000000008e700000| PB 0x000000008e700000| Untracked 
| 232|0x000000008e800000, 0x000000008e800000, 0x000000008e900000|  0%| F|  |TAMS 0x000000008e800000| PB 0x000000008e800000| Untracked 
| 233|0x000000008e900000, 0x000000008e900000, 0x000000008ea00000|  0%| F|  |TAMS 0x000000008e900000| PB 0x000000008e900000| Untracked 
| 234|0x000000008ea00000, 0x000000008ea00000, 0x000000008eb00000|  0%| F|  |TAMS 0x000000008ea00000| PB 0x000000008ea00000| Untracked 
| 235|0x000000008eb00000, 0x000000008eb00000, 0x000000008ec00000|  0%| F|  |TAMS 0x000000008eb00000| PB 0x000000008eb00000| Untracked 
| 236|0x000000008ec00000, 0x000000008ec00000, 0x000000008ed00000|  0%| F|  |TAMS 0x000000008ec00000| PB 0x000000008ec00000| Untracked 
| 237|0x000000008ed00000, 0x000000008ed00000, 0x000000008ee00000|  0%| F|  |TAMS 0x000000008ed00000| PB 0x000000008ed00000| Untracked 
| 238|0x000000008ee00000, 0x000000008ee00000, 0x000000008ef00000|  0%| F|  |TAMS 0x000000008ee00000| PB 0x000000008ee00000| Untracked 
| 239|0x000000008ef00000, 0x000000008ef00000, 0x000000008f000000|  0%| F|  |TAMS 0x000000008ef00000| PB 0x000000008ef00000| Untracked 
| 240|0x000000008f000000, 0x000000008f000000, 0x000000008f100000|  0%| F|  |TAMS 0x000000008f000000| PB 0x000000008f000000| Untracked 
| 241|0x000000008f100000, 0x000000008f100000, 0x000000008f200000|  0%| F|  |TAMS 0x000000008f100000| PB 0x000000008f100000| Untracked 
| 242|0x000000008f200000, 0x000000008f200000, 0x000000008f300000|  0%| F|  |TAMS 0x000000008f200000| PB 0x000000008f200000| Untracked 
| 243|0x000000008f300000, 0x000000008f300000, 0x000000008f400000|  0%| F|  |TAMS 0x000000008f300000| PB 0x000000008f300000| Untracked 
| 244|0x000000008f400000, 0x000000008f400000, 0x000000008f500000|  0%| F|  |TAMS 0x000000008f400000| PB 0x000000008f400000| Untracked 
| 245|0x000000008f500000, 0x000000008f500000, 0x000000008f600000|  0%| F|  |TAMS 0x000000008f500000| PB 0x000000008f500000| Untracked 
| 246|0x000000008f600000, 0x000000008f600000, 0x000000008f700000|  0%| F|  |TAMS 0x000000008f600000| PB 0x000000008f600000| Untracked 
| 247|0x000000008f700000, 0x000000008f700000, 0x000000008f800000|  0%| F|  |TAMS 0x000000008f700000| PB 0x000000008f700000| Untracked 
| 248|0x000000008f800000, 0x000000008f800000, 0x000000008f900000|  0%| F|  |TAMS 0x000000008f800000| PB 0x000000008f800000| Untracked 
| 249|0x000000008f900000, 0x000000008f900000, 0x000000008fa00000|  0%| F|  |TAMS 0x000000008f900000| PB 0x000000008f900000| Untracked 
| 250|0x000000008fa00000, 0x000000008fa00000, 0x000000008fb00000|  0%| F|  |TAMS 0x000000008fa00000| PB 0x000000008fa00000| Untracked 
| 251|0x000000008fb00000, 0x000000008fb00000, 0x000000008fc00000|  0%| F|  |TAMS 0x000000008fb00000| PB 0x000000008fb00000| Untracked 
| 252|0x000000008fc00000, 0x000000008fc00000, 0x000000008fd00000|  0%| F|  |TAMS 0x000000008fc00000| PB 0x000000008fc00000| Untracked 
| 253|0x000000008fd00000, 0x000000008fd00000, 0x000000008fe00000|  0%| F|  |TAMS 0x000000008fd00000| PB 0x000000008fd00000| Untracked 
| 254|0x000000008fe00000, 0x000000008fe00000, 0x000000008ff00000|  0%| F|  |TAMS 0x000000008fe00000| PB 0x000000008fe00000| Untracked 
| 255|0x000000008ff00000, 0x000000008ff00000, 0x0000000090000000|  0%| F|  |TAMS 0x000000008ff00000| PB 0x000000008ff00000| Untracked 
| 256|0x0000000090000000, 0x0000000090000000, 0x0000000090100000|  0%| F|  |TAMS 0x0000000090000000| PB 0x0000000090000000| Untracked 
| 257|0x0000000090100000, 0x0000000090100000, 0x0000000090200000|  0%| F|  |TAMS 0x0000000090100000| PB 0x0000000090100000| Untracked 
| 258|0x0000000090200000, 0x0000000090200000, 0x0000000090300000|  0%| F|  |TAMS 0x0000000090200000| PB 0x0000000090200000| Untracked 
| 259|0x0000000090300000, 0x0000000090300000, 0x0000000090400000|  0%| F|  |TAMS 0x0000000090300000| PB 0x0000000090300000| Untracked 
| 260|0x0000000090400000, 0x0000000090400000, 0x0000000090500000|  0%| F|  |TAMS 0x0000000090400000| PB 0x0000000090400000| Untracked 
| 261|0x0000000090500000, 0x0000000090500000, 0x0000000090600000|  0%| F|  |TAMS 0x0000000090500000| PB 0x0000000090500000| Untracked 
| 262|0x0000000090600000, 0x0000000090600000, 0x0000000090700000|  0%| F|  |TAMS 0x0000000090600000| PB 0x0000000090600000| Untracked 
| 263|0x0000000090700000, 0x0000000090700000, 0x0000000090800000|  0%| F|  |TAMS 0x0000000090700000| PB 0x0000000090700000| Untracked 
| 264|0x0000000090800000, 0x0000000090800000, 0x0000000090900000|  0%| F|  |TAMS 0x0000000090800000| PB 0x0000000090800000| Untracked 
| 265|0x0000000090900000, 0x0000000090900000, 0x0000000090a00000|  0%| F|  |TAMS 0x0000000090900000| PB 0x0000000090900000| Untracked 
| 266|0x0000000090a00000, 0x0000000090a00000, 0x0000000090b00000|  0%| F|  |TAMS 0x0000000090a00000| PB 0x0000000090a00000| Untracked 
| 267|0x0000000090b00000, 0x0000000090b00000, 0x0000000090c00000|  0%| F|  |TAMS 0x0000000090b00000| PB 0x0000000090b00000| Untracked 
| 268|0x0000000090c00000, 0x0000000090c00000, 0x0000000090d00000|  0%| F|  |TAMS 0x0000000090c00000| PB 0x0000000090c00000| Untracked 
| 269|0x0000000090d00000, 0x0000000090d00000, 0x0000000090e00000|  0%| F|  |TAMS 0x0000000090d00000| PB 0x0000000090d00000| Untracked 
| 270|0x0000000090e00000, 0x0000000090e00000, 0x0000000090f00000|  0%| F|  |TAMS 0x0000000090e00000| PB 0x0000000090e00000| Untracked 
| 271|0x0000000090f00000, 0x0000000090f00000, 0x0000000091000000|  0%| F|  |TAMS 0x0000000090f00000| PB 0x0000000090f00000| Untracked 
| 272|0x0000000091000000, 0x0000000091000000, 0x0000000091100000|  0%| F|  |TAMS 0x0000000091000000| PB 0x0000000091000000| Untracked 
| 273|0x0000000091100000, 0x0000000091100000, 0x0000000091200000|  0%| F|  |TAMS 0x0000000091100000| PB 0x0000000091100000| Untracked 
| 274|0x0000000091200000, 0x0000000091200000, 0x0000000091300000|  0%| F|  |TAMS 0x0000000091200000| PB 0x0000000091200000| Untracked 
| 275|0x0000000091300000, 0x0000000091300000, 0x0000000091400000|  0%| F|  |TAMS 0x0000000091300000| PB 0x0000000091300000| Untracked 
| 276|0x0000000091400000, 0x0000000091400000, 0x0000000091500000|  0%| F|  |TAMS 0x0000000091400000| PB 0x0000000091400000| Untracked 
| 277|0x0000000091500000, 0x0000000091500000, 0x0000000091600000|  0%| F|  |TAMS 0x0000000091500000| PB 0x0000000091500000| Untracked 
| 278|0x0000000091600000, 0x0000000091600000, 0x0000000091700000|  0%| F|  |TAMS 0x0000000091600000| PB 0x0000000091600000| Untracked 
| 279|0x0000000091700000, 0x0000000091700000, 0x0000000091800000|  0%| F|  |TAMS 0x0000000091700000| PB 0x0000000091700000| Untracked 
| 280|0x0000000091800000, 0x0000000091800000, 0x0000000091900000|  0%| F|  |TAMS 0x0000000091800000| PB 0x0000000091800000| Untracked 
| 281|0x0000000091900000, 0x0000000091900000, 0x0000000091a00000|  0%| F|  |TAMS 0x0000000091900000| PB 0x0000000091900000| Untracked 
| 282|0x0000000091a00000, 0x0000000091a00000, 0x0000000091b00000|  0%| F|  |TAMS 0x0000000091a00000| PB 0x0000000091a00000| Untracked 
| 283|0x0000000091b00000, 0x0000000091b00000, 0x0000000091c00000|  0%| F|  |TAMS 0x0000000091b00000| PB 0x0000000091b00000| Untracked 
| 284|0x0000000091c00000, 0x0000000091c00000, 0x0000000091d00000|  0%| F|  |TAMS 0x0000000091c00000| PB 0x0000000091c00000| Untracked 
| 285|0x0000000091d00000, 0x0000000091d00000, 0x0000000091e00000|  0%| F|  |TAMS 0x0000000091d00000| PB 0x0000000091d00000| Untracked 
| 286|0x0000000091e00000, 0x0000000091e00000, 0x0000000091f00000|  0%| F|  |TAMS 0x0000000091e00000| PB 0x0000000091e00000| Untracked 
| 287|0x0000000091f00000, 0x0000000091f00000, 0x0000000092000000|  0%| F|  |TAMS 0x0000000091f00000| PB 0x0000000091f00000| Untracked 
| 288|0x0000000092000000, 0x0000000092000000, 0x0000000092100000|  0%| F|  |TAMS 0x0000000092000000| PB 0x0000000092000000| Untracked 
| 289|0x0000000092100000, 0x0000000092100000, 0x0000000092200000|  0%| F|  |TAMS 0x0000000092100000| PB 0x0000000092100000| Untracked 
| 290|0x0000000092200000, 0x0000000092200000, 0x0000000092300000|  0%| F|  |TAMS 0x0000000092200000| PB 0x0000000092200000| Untracked 
| 291|0x0000000092300000, 0x0000000092300000, 0x0000000092400000|  0%| F|  |TAMS 0x0000000092300000| PB 0x0000000092300000| Untracked 
| 292|0x0000000092400000, 0x0000000092400000, 0x0000000092500000|  0%| F|  |TAMS 0x0000000092400000| PB 0x0000000092400000| Untracked 
| 293|0x0000000092500000, 0x0000000092500000, 0x0000000092600000|  0%| F|  |TAMS 0x0000000092500000| PB 0x0000000092500000| Untracked 
| 294|0x0000000092600000, 0x0000000092600000, 0x0000000092700000|  0%| F|  |TAMS 0x0000000092600000| PB 0x0000000092600000| Untracked 
| 295|0x0000000092700000, 0x0000000092700000, 0x0000000092800000|  0%| F|  |TAMS 0x0000000092700000| PB 0x0000000092700000| Untracked 
| 296|0x0000000092800000, 0x0000000092800000, 0x0000000092900000|  0%| F|  |TAMS 0x0000000092800000| PB 0x0000000092800000| Untracked 
| 297|0x0000000092900000, 0x0000000092900000, 0x0000000092a00000|  0%| F|  |TAMS 0x0000000092900000| PB 0x0000000092900000| Untracked 
| 298|0x0000000092a00000, 0x0000000092a00000, 0x0000000092b00000|  0%| F|  |TAMS 0x0000000092a00000| PB 0x0000000092a00000| Untracked 
| 299|0x0000000092b00000, 0x0000000092b00000, 0x0000000092c00000|  0%| F|  |TAMS 0x0000000092b00000| PB 0x0000000092b00000| Untracked 
| 300|0x0000000092c00000, 0x0000000092c00000, 0x0000000092d00000|  0%| F|  |TAMS 0x0000000092c00000| PB 0x0000000092c00000| Untracked 
| 301|0x0000000092d00000, 0x0000000092d00000, 0x0000000092e00000|  0%| F|  |TAMS 0x0000000092d00000| PB 0x0000000092d00000| Untracked 
| 302|0x0000000092e00000, 0x0000000092e00000, 0x0000000092f00000|  0%| F|  |TAMS 0x0000000092e00000| PB 0x0000000092e00000| Untracked 
| 303|0x0000000092f00000, 0x0000000092f00000, 0x0000000093000000|  0%| F|  |TAMS 0x0000000092f00000| PB 0x0000000092f00000| Untracked 
| 304|0x0000000093000000, 0x0000000093000000, 0x0000000093100000|  0%| F|  |TAMS 0x0000000093000000| PB 0x0000000093000000| Untracked 
| 305|0x0000000093100000, 0x0000000093100000, 0x0000000093200000|  0%| F|  |TAMS 0x0000000093100000| PB 0x0000000093100000| Untracked 
| 306|0x0000000093200000, 0x0000000093200000, 0x0000000093300000|  0%| F|  |TAMS 0x0000000093200000| PB 0x0000000093200000| Untracked 
| 307|0x0000000093300000, 0x0000000093300000, 0x0000000093400000|  0%| F|  |TAMS 0x0000000093300000| PB 0x0000000093300000| Untracked 
| 308|0x0000000093400000, 0x0000000093400000, 0x0000000093500000|  0%| F|  |TAMS 0x0000000093400000| PB 0x0000000093400000| Untracked 
| 309|0x0000000093500000, 0x0000000093500000, 0x0000000093600000|  0%| F|  |TAMS 0x0000000093500000| PB 0x0000000093500000| Untracked 
| 310|0x0000000093600000, 0x0000000093600000, 0x0000000093700000|  0%| F|  |TAMS 0x0000000093600000| PB 0x0000000093600000| Untracked 
| 311|0x0000000093700000, 0x0000000093700000, 0x0000000093800000|  0%| F|  |TAMS 0x0000000093700000| PB 0x0000000093700000| Untracked 
| 312|0x0000000093800000, 0x0000000093800000, 0x0000000093900000|  0%| F|  |TAMS 0x0000000093800000| PB 0x0000000093800000| Untracked 
| 313|0x0000000093900000, 0x0000000093900000, 0x0000000093a00000|  0%| F|  |TAMS 0x0000000093900000| PB 0x0000000093900000| Untracked 
| 314|0x0000000093a00000, 0x0000000093a00000, 0x0000000093b00000|  0%| F|  |TAMS 0x0000000093a00000| PB 0x0000000093a00000| Untracked 
| 315|0x0000000093b00000, 0x0000000093b00000, 0x0000000093c00000|  0%| F|  |TAMS 0x0000000093b00000| PB 0x0000000093b00000| Untracked 
| 316|0x0000000093c00000, 0x0000000093c00000, 0x0000000093d00000|  0%| F|  |TAMS 0x0000000093c00000| PB 0x0000000093c00000| Untracked 
| 317|0x0000000093d00000, 0x0000000093d00000, 0x0000000093e00000|  0%| F|  |TAMS 0x0000000093d00000| PB 0x0000000093d00000| Untracked 
| 318|0x0000000093e00000, 0x0000000093e00000, 0x0000000093f00000|  0%| F|  |TAMS 0x0000000093e00000| PB 0x0000000093e00000| Untracked 
| 319|0x0000000093f00000, 0x0000000093f00000, 0x0000000094000000|  0%| F|  |TAMS 0x0000000093f00000| PB 0x0000000093f00000| Untracked 
| 320|0x0000000094000000, 0x0000000094000000, 0x0000000094100000|  0%| F|  |TAMS 0x0000000094000000| PB 0x0000000094000000| Untracked 
| 321|0x0000000094100000, 0x0000000094100000, 0x0000000094200000|  0%| F|  |TAMS 0x0000000094100000| PB 0x0000000094100000| Untracked 
| 322|0x0000000094200000, 0x0000000094200000, 0x0000000094300000|  0%| F|  |TAMS 0x0000000094200000| PB 0x0000000094200000| Untracked 
| 323|0x0000000094300000, 0x0000000094300000, 0x0000000094400000|  0%| F|  |TAMS 0x0000000094300000| PB 0x0000000094300000| Untracked 
| 324|0x0000000094400000, 0x0000000094400000, 0x0000000094500000|  0%| F|  |TAMS 0x0000000094400000| PB 0x0000000094400000| Untracked 
| 325|0x0000000094500000, 0x0000000094500000, 0x0000000094600000|  0%| F|  |TAMS 0x0000000094500000| PB 0x0000000094500000| Untracked 
| 326|0x0000000094600000, 0x0000000094600000, 0x0000000094700000|  0%| F|  |TAMS 0x0000000094600000| PB 0x0000000094600000| Untracked 
| 327|0x0000000094700000, 0x0000000094700000, 0x0000000094800000|  0%| F|  |TAMS 0x0000000094700000| PB 0x0000000094700000| Untracked 
| 328|0x0000000094800000, 0x0000000094800000, 0x0000000094900000|  0%| F|  |TAMS 0x0000000094800000| PB 0x0000000094800000| Untracked 
| 329|0x0000000094900000, 0x0000000094900000, 0x0000000094a00000|  0%| F|  |TAMS 0x0000000094900000| PB 0x0000000094900000| Untracked 
| 330|0x0000000094a00000, 0x0000000094a00000, 0x0000000094b00000|  0%| F|  |TAMS 0x0000000094a00000| PB 0x0000000094a00000| Untracked 
| 331|0x0000000094b00000, 0x0000000094b00000, 0x0000000094c00000|  0%| F|  |TAMS 0x0000000094b00000| PB 0x0000000094b00000| Untracked 
| 332|0x0000000094c00000, 0x0000000094c00000, 0x0000000094d00000|  0%| F|  |TAMS 0x0000000094c00000| PB 0x0000000094c00000| Untracked 
| 333|0x0000000094d00000, 0x0000000094d00000, 0x0000000094e00000|  0%| F|  |TAMS 0x0000000094d00000| PB 0x0000000094d00000| Untracked 
| 334|0x0000000094e00000, 0x0000000094e00000, 0x0000000094f00000|  0%| F|  |TAMS 0x0000000094e00000| PB 0x0000000094e00000| Untracked 
| 335|0x0000000094f00000, 0x0000000094f00000, 0x0000000095000000|  0%| F|  |TAMS 0x0000000094f00000| PB 0x0000000094f00000| Untracked 
| 336|0x0000000095000000, 0x0000000095000000, 0x0000000095100000|  0%| F|  |TAMS 0x0000000095000000| PB 0x0000000095000000| Untracked 
| 337|0x0000000095100000, 0x0000000095100000, 0x0000000095200000|  0%| F|  |TAMS 0x0000000095100000| PB 0x0000000095100000| Untracked 
| 338|0x0000000095200000, 0x0000000095200000, 0x0000000095300000|  0%| F|  |TAMS 0x0000000095200000| PB 0x0000000095200000| Untracked 
| 339|0x0000000095300000, 0x0000000095300000, 0x0000000095400000|  0%| F|  |TAMS 0x0000000095300000| PB 0x0000000095300000| Untracked 
| 340|0x0000000095400000, 0x0000000095400000, 0x0000000095500000|  0%| F|  |TAMS 0x0000000095400000| PB 0x0000000095400000| Untracked 
| 341|0x0000000095500000, 0x0000000095500000, 0x0000000095600000|  0%| F|  |TAMS 0x0000000095500000| PB 0x0000000095500000| Untracked 
| 342|0x0000000095600000, 0x0000000095600000, 0x0000000095700000|  0%| F|  |TAMS 0x0000000095600000| PB 0x0000000095600000| Untracked 
| 343|0x0000000095700000, 0x0000000095700000, 0x0000000095800000|  0%| F|  |TAMS 0x0000000095700000| PB 0x0000000095700000| Untracked 
| 344|0x0000000095800000, 0x0000000095800000, 0x0000000095900000|  0%| F|  |TAMS 0x0000000095800000| PB 0x0000000095800000| Untracked 
| 345|0x0000000095900000, 0x0000000095900000, 0x0000000095a00000|  0%| F|  |TAMS 0x0000000095900000| PB 0x0000000095900000| Untracked 
| 346|0x0000000095a00000, 0x0000000095a00000, 0x0000000095b00000|  0%| F|  |TAMS 0x0000000095a00000| PB 0x0000000095a00000| Untracked 
| 347|0x0000000095b00000, 0x0000000095b00000, 0x0000000095c00000|  0%| F|  |TAMS 0x0000000095b00000| PB 0x0000000095b00000| Untracked 
| 348|0x0000000095c00000, 0x0000000095c00000, 0x0000000095d00000|  0%| F|  |TAMS 0x0000000095c00000| PB 0x0000000095c00000| Untracked 
| 349|0x0000000095d00000, 0x0000000095d00000, 0x0000000095e00000|  0%| F|  |TAMS 0x0000000095d00000| PB 0x0000000095d00000| Untracked 
| 350|0x0000000095e00000, 0x0000000095e00000, 0x0000000095f00000|  0%| F|  |TAMS 0x0000000095e00000| PB 0x0000000095e00000| Untracked 
| 351|0x0000000095f00000, 0x0000000095f00000, 0x0000000096000000|  0%| F|  |TAMS 0x0000000095f00000| PB 0x0000000095f00000| Untracked 
| 352|0x0000000096000000, 0x0000000096000000, 0x0000000096100000|  0%| F|  |TAMS 0x0000000096000000| PB 0x0000000096000000| Untracked 
| 353|0x0000000096100000, 0x0000000096100000, 0x0000000096200000|  0%| F|  |TAMS 0x0000000096100000| PB 0x0000000096100000| Untracked 
| 354|0x0000000096200000, 0x0000000096200000, 0x0000000096300000|  0%| F|  |TAMS 0x0000000096200000| PB 0x0000000096200000| Untracked 
| 355|0x0000000096300000, 0x0000000096300000, 0x0000000096400000|  0%| F|  |TAMS 0x0000000096300000| PB 0x0000000096300000| Untracked 
| 356|0x0000000096400000, 0x0000000096400000, 0x0000000096500000|  0%| F|  |TAMS 0x0000000096400000| PB 0x0000000096400000| Untracked 
| 357|0x0000000096500000, 0x0000000096500000, 0x0000000096600000|  0%| F|  |TAMS 0x0000000096500000| PB 0x0000000096500000| Untracked 
| 358|0x0000000096600000, 0x0000000096600000, 0x0000000096700000|  0%| F|  |TAMS 0x0000000096600000| PB 0x0000000096600000| Untracked 
| 359|0x0000000096700000, 0x0000000096700000, 0x0000000096800000|  0%| F|  |TAMS 0x0000000096700000| PB 0x0000000096700000| Untracked 
| 360|0x0000000096800000, 0x0000000096800000, 0x0000000096900000|  0%| F|  |TAMS 0x0000000096800000| PB 0x0000000096800000| Untracked 
| 361|0x0000000096900000, 0x0000000096900000, 0x0000000096a00000|  0%| F|  |TAMS 0x0000000096900000| PB 0x0000000096900000| Untracked 
| 362|0x0000000096a00000, 0x0000000096a00000, 0x0000000096b00000|  0%| F|  |TAMS 0x0000000096a00000| PB 0x0000000096a00000| Untracked 
| 363|0x0000000096b00000, 0x0000000096c00000, 0x0000000096c00000|100%| E|  |TAMS 0x0000000096b00000| PB 0x0000000096b00000| Complete 
| 364|0x0000000096c00000, 0x0000000096d00000, 0x0000000096d00000|100%| E|CS|TAMS 0x0000000096c00000| PB 0x0000000096c00000| Complete 
| 365|0x0000000096d00000, 0x0000000096e00000, 0x0000000096e00000|100%| E|CS|TAMS 0x0000000096d00000| PB 0x0000000096d00000| Complete 
| 366|0x0000000096e00000, 0x0000000096f00000, 0x0000000096f00000|100%| E|CS|TAMS 0x0000000096e00000| PB 0x0000000096e00000| Complete 
| 367|0x0000000096f00000, 0x0000000097000000, 0x0000000097000000|100%| E|CS|TAMS 0x0000000096f00000| PB 0x0000000096f00000| Complete 
| 368|0x0000000097000000, 0x0000000097100000, 0x0000000097100000|100%| E|CS|TAMS 0x0000000097000000| PB 0x0000000097000000| Complete 
| 369|0x0000000097100000, 0x0000000097200000, 0x0000000097200000|100%| E|CS|TAMS 0x0000000097100000| PB 0x0000000097100000| Complete 
| 370|0x0000000097200000, 0x0000000097300000, 0x0000000097300000|100%| E|CS|TAMS 0x0000000097200000| PB 0x0000000097200000| Complete 
| 371|0x0000000097300000, 0x0000000097400000, 0x0000000097400000|100%| E|CS|TAMS 0x0000000097300000| PB 0x0000000097300000| Complete 
| 372|0x0000000097400000, 0x0000000097500000, 0x0000000097500000|100%| E|CS|TAMS 0x0000000097400000| PB 0x0000000097400000| Complete 
| 373|0x0000000097500000, 0x0000000097600000, 0x0000000097600000|100%| E|CS|TAMS 0x0000000097500000| PB 0x0000000097500000| Complete 
| 374|0x0000000097600000, 0x0000000097700000, 0x0000000097700000|100%| E|CS|TAMS 0x0000000097600000| PB 0x0000000097600000| Complete 
| 375|0x0000000097700000, 0x0000000097800000, 0x0000000097800000|100%| E|CS|TAMS 0x0000000097700000| PB 0x0000000097700000| Complete 
| 376|0x0000000097800000, 0x0000000097900000, 0x0000000097900000|100%| E|CS|TAMS 0x0000000097800000| PB 0x0000000097800000| Complete 
| 377|0x0000000097900000, 0x0000000097a00000, 0x0000000097a00000|100%| E|CS|TAMS 0x0000000097900000| PB 0x0000000097900000| Complete 
| 378|0x0000000097a00000, 0x0000000097b00000, 0x0000000097b00000|100%| E|CS|TAMS 0x0000000097a00000| PB 0x0000000097a00000| Complete 
| 379|0x0000000097b00000, 0x0000000097c00000, 0x0000000097c00000|100%| E|CS|TAMS 0x0000000097b00000| PB 0x0000000097b00000| Complete 
| 380|0x0000000097c00000, 0x0000000097d00000, 0x0000000097d00000|100%| E|CS|TAMS 0x0000000097c00000| PB 0x0000000097c00000| Complete 
| 381|0x0000000097d00000, 0x0000000097e00000, 0x0000000097e00000|100%| E|CS|TAMS 0x0000000097d00000| PB 0x0000000097d00000| Complete 
| 382|0x0000000097e00000, 0x0000000097f00000, 0x0000000097f00000|100%| E|CS|TAMS 0x0000000097e00000| PB 0x0000000097e00000| Complete 
| 383|0x0000000097f00000, 0x0000000098000000, 0x0000000098000000|100%| E|CS|TAMS 0x0000000097f00000| PB 0x0000000097f00000| Complete 
| 384|0x0000000098000000, 0x0000000098100000, 0x0000000098100000|100%| E|CS|TAMS 0x0000000098000000| PB 0x0000000098000000| Complete 
| 385|0x0000000098100000, 0x0000000098200000, 0x0000000098200000|100%| E|CS|TAMS 0x0000000098100000| PB 0x0000000098100000| Complete 
| 386|0x0000000098200000, 0x0000000098300000, 0x0000000098300000|100%| E|CS|TAMS 0x0000000098200000| PB 0x0000000098200000| Complete 
| 387|0x0000000098300000, 0x0000000098400000, 0x0000000098400000|100%| E|CS|TAMS 0x0000000098300000| PB 0x0000000098300000| Complete 
| 388|0x0000000098400000, 0x0000000098500000, 0x0000000098500000|100%| E|CS|TAMS 0x0000000098400000| PB 0x0000000098400000| Complete 
| 389|0x0000000098500000, 0x0000000098600000, 0x0000000098600000|100%| E|CS|TAMS 0x0000000098500000| PB 0x0000000098500000| Complete 
| 390|0x0000000098600000, 0x0000000098700000, 0x0000000098700000|100%| E|CS|TAMS 0x0000000098600000| PB 0x0000000098600000| Complete 
| 391|0x0000000098700000, 0x0000000098800000, 0x0000000098800000|100%| E|CS|TAMS 0x0000000098700000| PB 0x0000000098700000| Complete 
| 392|0x0000000098800000, 0x0000000098900000, 0x0000000098900000|100%| E|CS|TAMS 0x0000000098800000| PB 0x0000000098800000| Complete 
| 393|0x0000000098900000, 0x0000000098a00000, 0x0000000098a00000|100%| E|CS|TAMS 0x0000000098900000| PB 0x0000000098900000| Complete 
| 394|0x0000000098a00000, 0x0000000098b00000, 0x0000000098b00000|100%| E|CS|TAMS 0x0000000098a00000| PB 0x0000000098a00000| Complete 
| 395|0x0000000098b00000, 0x0000000098c00000, 0x0000000098c00000|100%| E|CS|TAMS 0x0000000098b00000| PB 0x0000000098b00000| Complete 
| 396|0x0000000098c00000, 0x0000000098d00000, 0x0000000098d00000|100%| E|CS|TAMS 0x0000000098c00000| PB 0x0000000098c00000| Complete 
| 397|0x0000000098d00000, 0x0000000098e00000, 0x0000000098e00000|100%| E|CS|TAMS 0x0000000098d00000| PB 0x0000000098d00000| Complete 
| 398|0x0000000098e00000, 0x0000000098f00000, 0x0000000098f00000|100%| E|CS|TAMS 0x0000000098e00000| PB 0x0000000098e00000| Complete 
| 399|0x0000000098f00000, 0x0000000099000000, 0x0000000099000000|100%| E|CS|TAMS 0x0000000098f00000| PB 0x0000000098f00000| Complete 
| 400|0x0000000099000000, 0x0000000099100000, 0x0000000099100000|100%| E|CS|TAMS 0x0000000099000000| PB 0x0000000099000000| Complete 
| 401|0x0000000099100000, 0x0000000099200000, 0x0000000099200000|100%| E|CS|TAMS 0x0000000099100000| PB 0x0000000099100000| Complete 
| 402|0x0000000099200000, 0x0000000099300000, 0x0000000099300000|100%| E|CS|TAMS 0x0000000099200000| PB 0x0000000099200000| Complete 
| 403|0x0000000099300000, 0x0000000099400000, 0x0000000099400000|100%| E|CS|TAMS 0x0000000099300000| PB 0x0000000099300000| Complete 
| 404|0x0000000099400000, 0x0000000099500000, 0x0000000099500000|100%| E|CS|TAMS 0x0000000099400000| PB 0x0000000099400000| Complete 
| 405|0x0000000099500000, 0x0000000099600000, 0x0000000099600000|100%| E|CS|TAMS 0x0000000099500000| PB 0x0000000099500000| Complete 
| 406|0x0000000099600000, 0x0000000099700000, 0x0000000099700000|100%| E|CS|TAMS 0x0000000099600000| PB 0x0000000099600000| Complete 
| 407|0x0000000099700000, 0x0000000099800000, 0x0000000099800000|100%| E|CS|TAMS 0x0000000099700000| PB 0x0000000099700000| Complete 
| 408|0x0000000099800000, 0x0000000099900000, 0x0000000099900000|100%| E|CS|TAMS 0x0000000099800000| PB 0x0000000099800000| Complete 
| 409|0x0000000099900000, 0x0000000099a00000, 0x0000000099a00000|100%| E|CS|TAMS 0x0000000099900000| PB 0x0000000099900000| Complete 
| 410|0x0000000099a00000, 0x0000000099b00000, 0x0000000099b00000|100%| E|CS|TAMS 0x0000000099a00000| PB 0x0000000099a00000| Complete 
| 411|0x0000000099b00000, 0x0000000099c00000, 0x0000000099c00000|100%| E|CS|TAMS 0x0000000099b00000| PB 0x0000000099b00000| Complete 
| 412|0x0000000099c00000, 0x0000000099d00000, 0x0000000099d00000|100%| E|CS|TAMS 0x0000000099c00000| PB 0x0000000099c00000| Complete 
| 413|0x0000000099d00000, 0x0000000099e00000, 0x0000000099e00000|100%| E|CS|TAMS 0x0000000099d00000| PB 0x0000000099d00000| Complete 
| 414|0x0000000099e00000, 0x0000000099f00000, 0x0000000099f00000|100%| E|CS|TAMS 0x0000000099e00000| PB 0x0000000099e00000| Complete 
| 415|0x0000000099f00000, 0x000000009a000000, 0x000000009a000000|100%| E|CS|TAMS 0x0000000099f00000| PB 0x0000000099f00000| Complete 
| 416|0x000000009a000000, 0x000000009a100000, 0x000000009a100000|100%| E|CS|TAMS 0x000000009a000000| PB 0x000000009a000000| Complete 
| 417|0x000000009a100000, 0x000000009a200000, 0x000000009a200000|100%| E|CS|TAMS 0x000000009a100000| PB 0x000000009a100000| Complete 
| 418|0x000000009a200000, 0x000000009a300000, 0x000000009a300000|100%| E|CS|TAMS 0x000000009a200000| PB 0x000000009a200000| Complete 
| 419|0x000000009a300000, 0x000000009a400000, 0x000000009a400000|100%| E|CS|TAMS 0x000000009a300000| PB 0x000000009a300000| Complete 
| 420|0x000000009a400000, 0x000000009a500000, 0x000000009a500000|100%| E|CS|TAMS 0x000000009a400000| PB 0x000000009a400000| Complete 
| 421|0x000000009a500000, 0x000000009a600000, 0x000000009a600000|100%| E|CS|TAMS 0x000000009a500000| PB 0x000000009a500000| Complete 
| 422|0x000000009a600000, 0x000000009a700000, 0x000000009a700000|100%| E|CS|TAMS 0x000000009a600000| PB 0x000000009a600000| Complete 
| 423|0x000000009a700000, 0x000000009a800000, 0x000000009a800000|100%| E|CS|TAMS 0x000000009a700000| PB 0x000000009a700000| Complete 
| 424|0x000000009a800000, 0x000000009a900000, 0x000000009a900000|100%| E|CS|TAMS 0x000000009a800000| PB 0x000000009a800000| Complete 
| 425|0x000000009a900000, 0x000000009aa00000, 0x000000009aa00000|100%| E|CS|TAMS 0x000000009a900000| PB 0x000000009a900000| Complete 
| 426|0x000000009aa00000, 0x000000009ab00000, 0x000000009ab00000|100%| E|CS|TAMS 0x000000009aa00000| PB 0x000000009aa00000| Complete 
| 427|0x000000009ab00000, 0x000000009ac00000, 0x000000009ac00000|100%| E|CS|TAMS 0x000000009ab00000| PB 0x000000009ab00000| Complete 
| 428|0x000000009ac00000, 0x000000009ad00000, 0x000000009ad00000|100%| E|CS|TAMS 0x000000009ac00000| PB 0x000000009ac00000| Complete 
|2043|0x00000000ffb00000, 0x00000000ffc00000, 0x00000000ffc00000|100%| O|  |TAMS 0x00000000ffc00000| PB 0x00000000ffb00000| Untracked 
|2044|0x00000000ffc00000, 0x00000000ffd00000, 0x00000000ffd00000|100%| E|CS|TAMS 0x00000000ffc00000| PB 0x00000000ffc00000| Complete 
|2045|0x00000000ffd00000, 0x00000000ffe00000, 0x00000000ffe00000|100%| E|CS|TAMS 0x00000000ffd00000| PB 0x00000000ffd00000| Complete 
|2046|0x00000000ffe00000, 0x00000000fff00000, 0x00000000fff00000|100%| O|  |TAMS 0x00000000fff00000| PB 0x00000000ffe00000| Untracked 
|2047|0x00000000fff00000, 0x0000000100000000, 0x0000000100000000|100%| E|CS|TAMS 0x00000000fff00000| PB 0x00000000fff00000| Complete 

Card table byte_map: [0x00000293f6fa0000,0x00000293f73a0000] _byte_map_base: 0x00000293f6ba0000

Marking Bits: (CMBitMap*) 0x00000293f3a99830
 Bits: [0x00000293f73a0000, 0x00000293f93a0000)

Polling page: 0x00000293f1800000

Metaspace:

Usage:
  Non-class:    119.35 MB used.
      Class:     18.57 MB used.
       Both:    137.92 MB used.

Virtual space:
  Non-class space:      128.00 MB reserved,     120.50 MB ( 94%) committed,  2 nodes.
      Class space:        1.00 GB reserved,      19.75 MB (  2%) committed,  1 nodes.
             Both:        1.12 GB reserved,     140.25 MB ( 12%) committed. 

Chunk freelists:
   Non-Class:  6.86 MB
       Class:  12.28 MB
        Both:  19.14 MB

MaxMetaspaceSize: unlimited
CompressedClassSpaceSize: 1.00 GB
Initial GC threshold: 21.00 MB
Current GC threshold: 230.00 MB
CDS: off
 - commit_granule_bytes: 65536.
 - commit_granule_words: 8192.
 - virtual_space_node_default_size: 8388608.
 - enlarge_chunks_in_place: 1.
 - use_allocation_guard: 0.


Internal statistics:

num_allocs_failed_limit: 12.
num_arena_births: 4460.
num_arena_deaths: 0.
num_vsnodes_births: 3.
num_vsnodes_deaths: 0.
num_space_committed: 2243.
num_space_uncommitted: 0.
num_chunks_returned_to_freelist: 12.
num_chunks_taken_from_freelist: 10387.
num_chunk_merges: 12.
num_chunk_splits: 6885.
num_chunks_enlarged: 4504.
num_inconsistent_stats: 0.

CodeHeap 'non-profiled nmethods': size=120000Kb used=14095Kb max_used=14095Kb free=105905Kb
 bounds [0x0000029387ad0000, 0x00000293888a0000, 0x000002938f000000]
CodeHeap 'profiled nmethods': size=120000Kb used=37366Kb max_used=37366Kb free=82633Kb
 bounds [0x0000029380000000, 0x0000029382480000, 0x0000029387530000]
CodeHeap 'non-nmethods': size=5760Kb used=2218Kb max_used=2389Kb free=3541Kb
 bounds [0x0000029387530000, 0x00000293877b0000, 0x0000029387ad0000]
 total_blobs=18444 nmethods=17510 adapters=836
 compilation: enabled
              stopped_count=0, restarted_count=0
 full_count=0

Compilation events (20 events):
Event: 140.588 Thread 0x0000029399f9ead0 nmethod 21435 0x000002938885ee90 code [0x000002938885f000, 0x000002938885f0b0]
Event: 140.588 Thread 0x0000029399f9ead0 21395       4       com.android.tools.r8.internal.IR::a (3159 bytes)
Event: 140.908 Thread 0x00000293930fff60 21455       2       com.android.tools.r8.internal.H00::a (4 bytes)
Event: 140.908 Thread 0x00000293930fff60 nmethod 21455 0x0000029382456a10 code [0x0000029382456ba0, 0x0000029382456cb0]
Event: 140.930 Thread 0x00000293930fff60 21458       3       com.android.tools.r8.internal.Q5::a (49 bytes)
Event: 140.931 Thread 0x00000293930fff60 nmethod 21458 0x0000029382456d90 code [0x0000029382456fe0, 0x00000293824579c8]
Event: 140.937 Thread 0x00000293930fff60 21459       2       com.android.tools.r8.internal.Ep::<init> (16 bytes)
Event: 140.937 Thread 0x00000293930fff60 nmethod 21459 0x0000029382457d90 code [0x0000029382457f40, 0x0000029382458070]
Event: 140.944 Thread 0x00000293930fff60 21460       1       com.android.tools.r8.internal.s2::r2 (2 bytes)
Event: 140.944 Thread 0x00000293930fff60 nmethod 21460 0x000002938885f190 code [0x000002938885f320, 0x000002938885f3e8]
Event: 140.949 Thread 0x00000293930fff60 21461       1       com.android.tools.r8.internal.qb::B (4 bytes)
Event: 140.949 Thread 0x00000293930fff60 nmethod 21461 0x000002938885f490 code [0x000002938885f620, 0x000002938885f6e8]
Event: 141.015 Thread 0x00000293930fff60 21462   !   2       java.util.concurrent.LinkedBlockingDeque::offerLast (53 bytes)
Event: 141.016 Thread 0x00000293930fff60 nmethod 21462 0x0000029382458190 code [0x00000293824583a0, 0x0000029382458818]
Event: 141.083 Thread 0x00000293930fff60 21465       3       com.android.tools.r8.internal.le0::<init> (30 bytes)
Event: 141.083 Thread 0x00000293930fff60 nmethod 21465 0x0000029382458b10 code [0x0000029382458ce0, 0x0000029382459080]
Event: 141.126 Thread 0x00000293930fff60 21466       1       com.android.tools.r8.internal.Yn0::e (2 bytes)
Event: 141.126 Thread 0x00000293930fff60 nmethod 21466 0x000002938885f790 code [0x000002938885f920, 0x000002938885f9e8]
Event: 141.126 Thread 0x00000293930fff60 21467       2       com.android.tools.r8.internal.Yn0::L0 (2 bytes)
Event: 141.126 Thread 0x00000293930fff60 nmethod 21467 0x0000029382459210 code [0x00000293824593a0, 0x00000293824594a8]

GC Heap History (20 events):
Event: 94.583 GC heap before
{Heap before GC invocations=57 (full 0):
 garbage-first heap   total 204800K, used 191741K [0x0000000080000000, 0x0000000100000000)
  region size 1024K, 72 young (73728K), 3 survivors (3072K)
 Metaspace       used 118610K, committed 120832K, reserved 1179648K
  class space    used 15952K, committed 17088K, reserved 1048576K
}
Event: 94.594 GC heap after
{Heap after GC invocations=58 (full 0):
 garbage-first heap   total 204800K, used 121621K [0x0000000080000000, 0x0000000100000000)
  region size 1024K, 5 young (5120K), 5 survivors (5120K)
 Metaspace       used 118610K, committed 120832K, reserved 1179648K
  class space    used 15952K, committed 17088K, reserved 1048576K
}
Event: 94.938 GC heap before
{Heap before GC invocations=58 (full 0):
 garbage-first heap   total 204800K, used 187157K [0x0000000080000000, 0x0000000100000000)
  region size 1024K, 70 young (71680K), 5 survivors (5120K)
 Metaspace       used 118627K, committed 120832K, reserved 1179648K
  class space    used 15952K, committed 17088K, reserved 1048576K
}
Event: 94.945 GC heap after
{Heap after GC invocations=59 (full 0):
 garbage-first heap   total 204800K, used 121996K [0x0000000080000000, 0x0000000100000000)
  region size 1024K, 6 young (6144K), 6 survivors (6144K)
 Metaspace       used 118627K, committed 120832K, reserved 1179648K
  class space    used 15952K, committed 17088K, reserved 1048576K
}
Event: 95.514 GC heap before
{Heap before GC invocations=60 (full 0):
 garbage-first heap   total 204800K, used 187532K [0x0000000080000000, 0x0000000100000000)
  region size 1024K, 70 young (71680K), 6 survivors (6144K)
 Metaspace       used 118634K, committed 120896K, reserved 1179648K
  class space    used 15952K, committed 17088K, reserved 1048576K
}
Event: 95.521 GC heap after
{Heap after GC invocations=61 (full 0):
 garbage-first heap   total 204800K, used 120596K [0x0000000080000000, 0x0000000100000000)
  region size 1024K, 4 young (4096K), 4 survivors (4096K)
 Metaspace       used 118634K, committed 120896K, reserved 1179648K
  class space    used 15952K, committed 17088K, reserved 1048576K
}
Event: 95.774 GC heap before
{Heap before GC invocations=61 (full 0):
 garbage-first heap   total 204800K, used 190228K [0x0000000080000000, 0x0000000100000000)
  region size 1024K, 71 young (72704K), 4 survivors (4096K)
 Metaspace       used 118645K, committed 120896K, reserved 1179648K
  class space    used 15952K, committed 17088K, reserved 1048576K
}
Event: 95.790 GC heap after
{Heap after GC invocations=62 (full 0):
 garbage-first heap   total 444416K, used 124421K [0x0000000080000000, 0x0000000100000000)
  region size 1024K, 6 young (6144K), 6 survivors (6144K)
 Metaspace       used 118645K, committed 120896K, reserved 1179648K
  class space    used 15952K, committed 17088K, reserved 1048576K
}
Event: 97.002 GC heap before
{Heap before GC invocations=62 (full 0):
 garbage-first heap   total 444416K, used 384517K [0x0000000080000000, 0x0000000100000000)
  region size 1024K, 260 young (266240K), 6 survivors (6144K)
 Metaspace       used 118650K, committed 120896K, reserved 1179648K
  class space    used 15952K, committed 17088K, reserved 1048576K
}
Event: 97.014 GC heap after
{Heap after GC invocations=63 (full 0):
 garbage-first heap   total 444416K, used 126469K [0x0000000080000000, 0x0000000100000000)
  region size 1024K, 8 young (8192K), 8 survivors (8192K)
 Metaspace       used 118650K, committed 120896K, reserved 1179648K
  class space    used 15952K, committed 17088K, reserved 1048576K
}
Event: 122.689 GC heap before
{Heap before GC invocations=63 (full 0):
 garbage-first heap   total 444416K, used 383493K [0x0000000080000000, 0x0000000100000000)
  region size 1024K, 260 young (266240K), 8 survivors (8192K)
 Metaspace       used 130445K, committed 132672K, reserved 1179648K
  class space    used 17580K, committed 18688K, reserved 1048576K
}
Event: 122.738 GC heap after
{Heap after GC invocations=64 (full 0):
 garbage-first heap   total 444416K, used 147973K [0x0000000080000000, 0x0000000100000000)
  region size 1024K, 31 young (31744K), 31 survivors (31744K)
 Metaspace       used 130445K, committed 132672K, reserved 1179648K
  class space    used 17580K, committed 18688K, reserved 1048576K
}
Event: 132.209 GC heap before
{Heap before GC invocations=64 (full 0):
 garbage-first heap   total 444416K, used 381445K [0x0000000080000000, 0x0000000100000000)
  region size 1024K, 260 young (266240K), 31 survivors (31744K)
 Metaspace       used 138932K, committed 141312K, reserved 1179648K
  class space    used 18707K, committed 19904K, reserved 1048576K
}
Event: 132.272 GC heap after
{Heap after GC invocations=65 (full 0):
 garbage-first heap   total 444416K, used 167936K [0x0000000080000000, 0x0000000100000000)
  region size 1024K, 20 young (20480K), 20 survivors (20480K)
 Metaspace       used 138932K, committed 141312K, reserved 1179648K
  class space    used 18707K, committed 19904K, reserved 1048576K
}
Event: 135.936 GC heap before
{Heap before GC invocations=66 (full 0):
 garbage-first heap   total 444416K, used 396288K [0x0000000080000000, 0x0000000100000000)
  region size 1024K, 243 young (248832K), 20 survivors (20480K)
 Metaspace       used 140644K, committed 142976K, reserved 1179648K
  class space    used 18933K, committed 20160K, reserved 1048576K
}
Event: 135.965 GC heap after
{Heap after GC invocations=67 (full 0):
 garbage-first heap   total 444416K, used 169216K [0x0000000080000000, 0x0000000100000000)
  region size 1024K, 3 young (3072K), 3 survivors (3072K)
 Metaspace       used 140644K, committed 142976K, reserved 1179648K
  class space    used 18933K, committed 20160K, reserved 1048576K
}
Event: 138.193 GC heap before
{Heap before GC invocations=67 (full 0):
 garbage-first heap   total 444416K, used 404736K [0x0000000080000000, 0x0000000100000000)
  region size 1024K, 233 young (238592K), 3 survivors (3072K)
 Metaspace       used 141063K, committed 143424K, reserved 1179648K
  class space    used 18994K, committed 20224K, reserved 1048576K
}
Event: 138.214 GC heap after
{Heap after GC invocations=68 (full 0):
 garbage-first heap   total 444416K, used 179200K [0x0000000080000000, 0x0000000100000000)
  region size 1024K, 12 young (12288K), 12 survivors (12288K)
 Metaspace       used 141063K, committed 143424K, reserved 1179648K
  class space    used 18994K, committed 20224K, reserved 1048576K
}
Event: 140.451 GC heap before
{Heap before GC invocations=68 (full 0):
 garbage-first heap   total 444416K, used 406528K [0x0000000080000000, 0x0000000100000000)
  region size 1024K, 234 young (239616K), 12 survivors (12288K)
 Metaspace       used 141218K, committed 143552K, reserved 1179648K
  class space    used 19016K, committed 20224K, reserved 1048576K
}
Event: 140.472 GC heap after
{Heap after GC invocations=69 (full 0):
 garbage-first heap   total 444416K, used 179712K [0x0000000080000000, 0x0000000100000000)
  region size 1024K, 13 young (13312K), 13 survivors (13312K)
 Metaspace       used 141218K, committed 143552K, reserved 1179648K
  class space    used 19016K, committed 20224K, reserved 1048576K
}

Dll operation events (3 events):
Event: 0.010 Loaded shared library C:\Program Files\Android\Android Studio1\jbr\bin\java.dll
Event: 0.017 Loaded shared library C:\Program Files\Android\Android Studio1\jbr\bin\zip.dll
Event: 1.145 Loaded shared library C:\Program Files\Android\Android Studio1\jbr\bin\verify.dll

Deoptimization events (20 events):
Event: 140.205 Thread 0x0000029397ae3ef0 DEOPT PACKING pc=0x000002938884a7a4 sp=0x000000e10f4f9270
Event: 140.205 Thread 0x0000029397ae3ef0 DEOPT UNPACKING pc=0x00000293875846a2 sp=0x000000e10f4f9228 mode 2
Event: 140.284 Thread 0x00000293968dd370 Uncommon trap: trap_request=0xffffff45 fr.pc=0x0000029388797b2c relative=0x00000000000025ec
Event: 140.284 Thread 0x00000293968dd370 Uncommon trap: reason=unstable_if action=reinterpret pc=0x0000029388797b2c method=com.android.tools.r8.internal.jl.a(C)Z @ 9 c2
Event: 140.284 Thread 0x00000293968dd370 DEOPT PACKING pc=0x0000029388797b2c sp=0x000000e10fff9f70
Event: 140.284 Thread 0x00000293968dd370 DEOPT UNPACKING pc=0x00000293875846a2 sp=0x000000e10fff9e80 mode 2
Event: 140.914 Thread 0x00000293968e07f0 Uncommon trap: trap_request=0xffffff45 fr.pc=0x0000029388777b70 relative=0x0000000000000130
Event: 140.914 Thread 0x00000293968e07f0 Uncommon trap: reason=unstable_if action=reinterpret pc=0x0000029388777b70 method=com.android.tools.r8.internal.Q5.a(Lcom/android/tools/r8/internal/ZD;)Z @ 11 c2
Event: 140.914 Thread 0x00000293968e07f0 DEOPT PACKING pc=0x0000029388777b70 sp=0x000000e10fbf64e0
Event: 140.914 Thread 0x00000293968e07f0 DEOPT UNPACKING pc=0x00000293875846a2 sp=0x000000e10fbf6470 mode 2
Event: 140.949 Thread 0x00000293968dd370 Uncommon trap: trap_request=0xffffffde fr.pc=0x00000293887768ac relative=0x000000000000014c
Event: 140.949 Thread 0x00000293968dd370 Uncommon trap: reason=class_check action=maybe_recompile pc=0x00000293887768ac method=com.android.tools.r8.internal.DG.putAll(Ljava/util/Map;)V @ 48 c2
Event: 140.949 Thread 0x00000293968dd370 DEOPT PACKING pc=0x00000293887768ac sp=0x000000e10fff9ff0
Event: 140.949 Thread 0x00000293968dd370 DEOPT UNPACKING pc=0x00000293875846a2 sp=0x000000e10fff9f80 mode 2
Event: 140.949 Thread 0x00000293968dd370 Uncommon trap: trap_request=0xffffffde fr.pc=0x00000293886bbd8c relative=0x0000000000000c2c
Event: 140.949 Thread 0x00000293968dd370 Uncommon trap: reason=class_check action=maybe_recompile pc=0x00000293886bbd8c method=com.android.tools.r8.internal.T.putAll(Ljava/util/Map;)V @ 3 c2
Event: 140.949 Thread 0x00000293968dd370 DEOPT PACKING pc=0x00000293886bbd8c sp=0x000000e10fff9f00
Event: 140.949 Thread 0x00000293968dd370 DEOPT UNPACKING pc=0x00000293875846a2 sp=0x000000e10fff9ef0 mode 2
Event: 141.036 Thread 0x00000293968e07f0 DEOPT PACKING pc=0x0000029381f3576c sp=0x000000e10fbf5d90
Event: 141.036 Thread 0x00000293968e07f0 DEOPT UNPACKING pc=0x0000029387584e42 sp=0x000000e10fbf54d0 mode 0

Classes loaded (20 events):
Event: 128.850 Loading class java/util/stream/SliceOps
Event: 128.850 Loading class java/util/stream/SliceOps done
Event: 128.850 Loading class java/util/stream/SliceOps$1
Event: 128.850 Loading class java/util/stream/SliceOps$1 done
Event: 128.851 Loading class java/util/stream/SliceOps$1$1
Event: 128.851 Loading class java/util/stream/SliceOps$1$1 done
Event: 132.166 Loading class java/util/concurrent/ConcurrentHashMap$TreeNode
Event: 132.166 Loading class java/util/concurrent/ConcurrentHashMap$TreeNode done
Event: 132.166 Loading class java/util/concurrent/ConcurrentHashMap$TreeBin
Event: 132.167 Loading class java/util/concurrent/ConcurrentHashMap$TreeBin done
Event: 132.755 Loading class java/util/IdentityHashMap$ValueIterator
Event: 132.755 Loading class java/util/IdentityHashMap$ValueIterator done
Event: 135.816 Loading class java/nio/ShortBuffer
Event: 135.817 Loading class java/nio/ShortBuffer done
Event: 136.134 Loading class java/nio/ByteBufferAsShortBufferL
Event: 136.135 Loading class java/nio/ByteBufferAsShortBufferL done
Event: 136.222 Loading class java/util/zip/Adler32
Event: 136.222 Loading class java/util/zip/Adler32 done
Event: 136.282 Loading class java/nio/file/Files$2
Event: 136.282 Loading class java/nio/file/Files$2 done

Classes unloaded (0 events):
No events

Classes redefined (0 events):
No events

Internal exceptions (20 events):
Event: 124.345 Thread 0x00000293968dd370 Exception <a 'java/lang/NoSuchMethodError'{0x0000000098de9ca8}: 'java.lang.Object java.lang.invoke.DirectMethodHandle$Holder.invokeStatic(java.lang.Object, java.lang.Object, int, java.lang.Object, java.lang.Object)'> (0x0000000098de9ca8) 
thrown [s\src\hotspot\share\interpreter\linkResolver.cpp, line 784]
Event: 124.624 Thread 0x00000293968e07f0 Exception <a 'java/lang/NoSuchMethodError'{0x0000000098a9df10}: 'void java.lang.invoke.DirectMethodHandle$Holder.invokeSpecial(java.lang.Object, java.lang.Object, java.lang.Object, java.lang.Object, int)'> (0x0000000098a9df10) 
thrown [s\src\hotspot\share\interpreter\linkResolver.cpp, line 784]
Event: 126.296 Thread 0x00000293968dd370 Exception <a 'java/lang/IncompatibleClassChangeError'{0x00000000964f6ad0}: Found class java.lang.Object, but interface was expected> (0x00000000964f6ad0) 
thrown [s\src\hotspot\share\interpreter\linkResolver.cpp, line 851]
Event: 126.296 Thread 0x00000293968e07f0 Exception <a 'java/lang/IncompatibleClassChangeError'{0x000000009642bc80}: Found class java.lang.Object, but interface was expected> (0x000000009642bc80) 
thrown [s\src\hotspot\share\interpreter\linkResolver.cpp, line 851]
Event: 126.297 Thread 0x00000293968dd370 Exception <a 'java/lang/IncompatibleClassChangeError'{0x0000000095a03f70}: Found class java.lang.Object, but interface was expected> (0x0000000095a03f70) 
thrown [s\src\hotspot\share\interpreter\linkResolver.cpp, line 851]
Event: 126.297 Thread 0x00000293968e07f0 Exception <a 'java/lang/IncompatibleClassChangeError'{0x0000000096430a00}: Found class java.lang.Object, but interface was expected> (0x0000000096430a00) 
thrown [s\src\hotspot\share\interpreter\linkResolver.cpp, line 851]
Event: 127.356 Thread 0x00000293968e07f0 Exception <a 'java/lang/NoSuchMethodError'{0x0000000093c1a8c0}: 'void java.lang.invoke.DirectMethodHandle$Holder.invokeSpecial(java.lang.Object, java.lang.Object, int, java.lang.Object)'> (0x0000000093c1a8c0) 
thrown [s\src\hotspot\share\interpreter\linkResolver.cpp, line 784]
Event: 128.257 Thread 0x0000029397ae3ef0 Exception <a 'java/lang/NoSuchMethodError'{0x0000000093769020}: 'void java.lang.invoke.DirectMethodHandle$Holder.invokeVirtual(java.lang.Object, java.lang.Object, int)'> (0x0000000093769020) 
thrown [s\src\hotspot\share\interpreter\linkResolver.cpp, line 784]
Event: 128.317 Thread 0x00000293968e07f0 Exception <a 'java/lang/NoSuchMethodError'{0x00000000935ddcb0}: 'int java.lang.invoke.DirectMethodHandle$Holder.invokeSpecial(java.lang.Object, java.lang.Object, java.lang.Object, int, java.lang.Object)'> (0x00000000935ddcb0) 
thrown [s\src\hotspot\share\interpreter\linkResolver.cpp, line 784]
Event: 129.413 Thread 0x00000293968dd370 Exception <a 'java/lang/NoSuchMethodError'{0x00000000928076a0}: 'int java.lang.invoke.DirectMethodHandle$Holder.invokeInterface(java.lang.Object, java.lang.Object, int)'> (0x00000000928076a0) 
thrown [s\src\hotspot\share\interpreter\linkResolver.cpp, line 784]
Event: 129.460 Thread 0x00000293968dd370 Exception <a 'java/lang/NoSuchMethodError'{0x00000000928190f8}: 'void java.lang.invoke.DirectMethodHandle$Holder.invokeStatic(java.lang.Object, int)'> (0x00000000928190f8) 
thrown [s\src\hotspot\share\interpreter\linkResolver.cpp, line 784]
Event: 130.570 Thread 0x0000029397ae3ef0 Exception <a 'java/lang/IncompatibleClassChangeError'{0x000000009086ef60}: Found class java.lang.Object, but interface was expected> (0x000000009086ef60) 
thrown [s\src\hotspot\share\interpreter\linkResolver.cpp, line 851]
Event: 134.693 Thread 0x00000293968dd370 Exception <a 'java/lang/NoSuchMethodError'{0x000000009387a3d0}: 'java.lang.Object java.lang.invoke.DirectMethodHandle$Holder.newInvokeSpecial(java.lang.Object, java.lang.Object, int, java.lang.Object, java.lang.Object, java.lang.Object)'> (0x000000009387a3d0) 
thrown [s\src\hotspot\share\interpreter\linkResolver.cpp, line 784]
Event: 134.693 Thread 0x00000293968dd370 Exception <a 'java/lang/NoSuchMethodError'{0x0000000093881f18}: 'java.lang.Object java.lang.invoke.Invokers$Holder.linkToTargetMethod(java.lang.Object, int, java.lang.Object, java.lang.Object, java.lang.Object, java.lang.Object)'> (0x0000000093881f18) 
thrown [s\src\hotspot\share\interpreter\linkResolver.cpp, line 784]
Event: 134.694 Thread 0x00000293968dd370 Exception <a 'java/lang/NoSuchMethodError'{0x0000000093886378}: 'void java.lang.invoke.DirectMethodHandle$Holder.invokeSpecial(java.lang.Object, java.lang.Object, java.lang.Object, int, java.lang.Object, java.lang.Object, java.lang.Object, java.lang.Object)'> (0x0000000093886378) 
thrown [s\src\hotspot\share\interpreter\linkResolver.cpp, line 784]
Event: 134.698 Thread 0x00000293968dd370 Exception <a 'java/lang/NoSuchMethodError'{0x0000000092a203e0}: 'void java.lang.invoke.DirectMethodHandle$Holder.invokeStatic(java.lang.Object, java.lang.Object, java.lang.Object, java.lang.Object, java.lang.Object, java.lang.Object, java.lang.Object, java.lang.Object)'> (0x0000000092a203e0) 
thrown [s\src\hotspot\share\interpreter\linkResolver.cpp, line 784]
Event: 135.534 Thread 0x00000293968dd370 Exception <a 'java/lang/IncompatibleClassChangeError'{0x000000008f0e39f8}: Found class java.lang.Object, but interface was expected> (0x000000008f0e39f8) 
thrown [s\src\hotspot\share\interpreter\linkResolver.cpp, line 851]
Event: 135.975 Thread 0x00000293968dd370 Implicit null exception at 0x0000029387c7c609 to 0x0000029387c7c810
Event: 136.284 Thread 0x00000293968dd370 Exception <a 'sun/nio/fs/WindowsException'{0x00000000994a63e0}> (0x00000000994a63e0) 
thrown [s\src\hotspot\share\prims\jni.cpp, line 535]
Event: 136.292 Thread 0x00000293968e07f0 Implicit null exception at 0x0000029388688fe7 to 0x00000293886908b0

ZGC Phase Switch (0 events):
No events

VM Operations (20 events):
Event: 135.901 Executing VM operation: HandshakeAllThreads (Deoptimize)
Event: 135.936 Executing VM operation: HandshakeAllThreads (Deoptimize) done
Event: 135.936 Executing VM operation: G1CollectForAllocation (G1 Evacuation Pause)
Event: 135.965 Executing VM operation: G1CollectForAllocation (G1 Evacuation Pause) done
Event: 135.978 Executing VM operation: HandshakeAllThreads (Deoptimize)
Event: 135.979 Executing VM operation: HandshakeAllThreads (Deoptimize) done
Event: 136.225 Executing VM operation: HandshakeAllThreads (Deoptimize)
Event: 136.279 Executing VM operation: HandshakeAllThreads (Deoptimize) done
Event: 136.747 Executing VM operation: HandshakeAllThreads (Deoptimize)
Event: 136.753 Executing VM operation: HandshakeAllThreads (Deoptimize) done
Event: 136.765 Executing VM operation: ICBufferFull
Event: 136.765 Executing VM operation: ICBufferFull done
Event: 137.766 Executing VM operation: Cleanup
Event: 137.797 Executing VM operation: Cleanup done
Event: 138.183 Executing VM operation: G1CollectForAllocation (G1 Evacuation Pause)
Event: 138.214 Executing VM operation: G1CollectForAllocation (G1 Evacuation Pause) done
Event: 140.214 Executing VM operation: Cleanup
Event: 140.214 Executing VM operation: Cleanup done
Event: 140.450 Executing VM operation: G1CollectForAllocation (G1 Evacuation Pause)
Event: 140.472 Executing VM operation: G1CollectForAllocation (G1 Evacuation Pause) done

Memory protections (0 events):
No events

Nmethod flushes (20 events):
Event: 132.643 Thread 0x000002939303dc10 flushing  nmethod 0x0000029381054890
Event: 132.643 Thread 0x000002939303dc10 flushing  nmethod 0x00000293811f7410
Event: 132.643 Thread 0x000002939303dc10 flushing  nmethod 0x000002938121b890
Event: 132.643 Thread 0x000002939303dc10 flushing  nmethod 0x0000029381222290
Event: 132.643 Thread 0x000002939303dc10 flushing  nmethod 0x00000293813cfe10
Event: 132.643 Thread 0x000002939303dc10 flushing  nmethod 0x000002938140ec10
Event: 132.643 Thread 0x000002939303dc10 flushing  nmethod 0x0000029381487c90
Event: 132.643 Thread 0x000002939303dc10 flushing  nmethod 0x00000293814f8010
Event: 132.643 Thread 0x000002939303dc10 flushing  nmethod 0x00000293814faf10
Event: 132.643 Thread 0x000002939303dc10 flushing  nmethod 0x000002938160f610
Event: 132.643 Thread 0x000002939303dc10 flushing  nmethod 0x000002938167fa90
Event: 132.643 Thread 0x000002939303dc10 flushing  nmethod 0x0000029380841190
Event: 132.643 Thread 0x000002939303dc10 flushing  nmethod 0x000002938085b590
Event: 132.643 Thread 0x000002939303dc10 flushing  nmethod 0x0000029380b30010
Event: 132.643 Thread 0x000002939303dc10 flushing  nmethod 0x0000029380bb8610
Event: 132.643 Thread 0x000002939303dc10 flushing  nmethod 0x0000029381012290
Event: 132.643 Thread 0x000002939303dc10 flushing  nmethod 0x00000293811a2690
Event: 132.643 Thread 0x000002939303dc10 flushing  nmethod 0x000002938120fe90
Event: 132.643 Thread 0x000002939303dc10 flushing  nmethod 0x0000029381579b90
Event: 132.643 Thread 0x000002939303dc10 flushing  nmethod 0x000002938169e510

Events (20 events):
Event: 104.123 Thread 0x0000029397d11c70 Thread added: 0x00000293937b2220
Event: 104.634 Thread 0x00000293930fff60 Thread added: 0x0000029399f9ead0
Event: 104.871 Thread 0x0000029399f9ead0 Thread exited: 0x0000029399f9ead0
Event: 107.056 Thread 0x00000293937b2220 Thread exited: 0x00000293937b2220
Event: 107.230 Thread 0x0000029397d11c70 Thread added: 0x00000293937b5010
Event: 107.238 Thread 0x0000029397d11c70 Thread added: 0x00000293937b2220
Event: 107.239 Loaded shared library C:\Program Files\Android\Android Studio1\jbr\bin\rmi.dll
Event: 107.240 Thread 0x0000029397d11c70 Thread added: 0x00000293937b2f40
Event: 107.350 Thread 0x0000029397d11c70 Thread added: 0x00000293937aeda0
Event: 107.350 Thread 0x0000029397d11c70 Thread added: 0x00000293937b0150
Event: 107.441 Thread 0x00000293937aeda0 Thread added: 0x0000029398d15000
Event: 117.792 Thread 0x00000293930bd4f0 Thread added: 0x0000029399f9ead0
Event: 119.877 Thread 0x0000029399f9ead0 Thread exited: 0x0000029399f9ead0
Event: 122.333 Thread 0x00000293930fff60 Thread added: 0x0000029399f99fe0
Event: 123.886 Thread 0x0000029399f99fe0 Thread exited: 0x0000029399f99fe0
Event: 125.088 Thread 0x00000293930fff60 Thread added: 0x0000029399f9ead0
Event: 128.138 Thread 0x0000029399f9ead0 Thread exited: 0x0000029399f9ead0
Event: 128.890 Thread 0x00000293930fff60 Thread added: 0x0000029399f9c8c0
Event: 129.037 Thread 0x0000029399f9c8c0 Thread exited: 0x0000029399f9c8c0
Event: 129.381 Thread 0x00000293930fff60 Thread added: 0x0000029399f9ead0


Dynamic libraries:
0x00007ff69b5b0000 - 0x00007ff69b5ba000 	C:\Program Files\Android\Android Studio1\jbr\bin\java.exe
0x00007fffa9bf0000 - 0x00007fffa9de8000 	C:\WINDOWS\SYSTEM32\ntdll.dll
0x00007fffa83a0000 - 0x00007fffa8462000 	C:\WINDOWS\System32\KERNEL32.DLL
0x00007fffa7250000 - 0x00007fffa7546000 	C:\WINDOWS\System32\KERNELBASE.dll
0x00007fffa7580000 - 0x00007fffa7680000 	C:\WINDOWS\System32\ucrtbase.dll
0x00007fffa2ec0000 - 0x00007fffa2edb000 	C:\Program Files\Android\Android Studio1\jbr\bin\VCRUNTIME140.dll
0x00007fff94520000 - 0x00007fff94538000 	C:\Program Files\Android\Android Studio1\jbr\bin\jli.dll
0x00007fffa97f0000 - 0x00007fffa998d000 	C:\WINDOWS\System32\USER32.dll
0x00007fffa7550000 - 0x00007fffa7572000 	C:\WINDOWS\System32\win32u.dll
0x00007fff9bd00000 - 0x00007fff9bf9a000 	C:\WINDOWS\WinSxS\amd64_microsoft.windows.common-controls_6595b64144ccf1df_6.0.19041.4355_none_60b8b9eb71f62e16\COMCTL32.dll
0x00007fffa8470000 - 0x00007fffa849b000 	C:\WINDOWS\System32\GDI32.dll
0x00007fffa9750000 - 0x00007fffa97ee000 	C:\WINDOWS\System32\msvcrt.dll
0x00007fffa79f0000 - 0x00007fffa7b0a000 	C:\WINDOWS\System32\gdi32full.dll
0x00007fffa7680000 - 0x00007fffa771d000 	C:\WINDOWS\System32\msvcp_win.dll
0x00007fffa7c80000 - 0x00007fffa7caf000 	C:\WINDOWS\System32\IMM32.DLL
0x00007fffa2eb0000 - 0x00007fffa2ebc000 	C:\Program Files\Android\Android Studio1\jbr\bin\vcruntime140_1.dll
0x00007fff782c0000 - 0x00007fff7834d000 	C:\Program Files\Android\Android Studio1\jbr\bin\msvcp140.dll
0x00007fff64cb0000 - 0x00007fff6593b000 	C:\Program Files\Android\Android Studio1\jbr\bin\server\jvm.dll
0x00007fffa9180000 - 0x00007fffa922f000 	C:\WINDOWS\System32\ADVAPI32.dll
0x00007fffa96b0000 - 0x00007fffa974f000 	C:\WINDOWS\System32\sechost.dll
0x00007fffa84a0000 - 0x00007fffa85c3000 	C:\WINDOWS\System32\RPCRT4.dll
0x00007fffa77b0000 - 0x00007fffa77d7000 	C:\WINDOWS\System32\bcrypt.dll
0x00007fffa8d50000 - 0x00007fffa8dbb000 	C:\WINDOWS\System32\WS2_32.dll
0x00007fffa7130000 - 0x00007fffa717b000 	C:\WINDOWS\SYSTEM32\POWRPROF.dll
0x00007fffa5ce0000 - 0x00007fffa5d07000 	C:\WINDOWS\SYSTEM32\WINMM.dll
0x00007fff9c000000 - 0x00007fff9c00a000 	C:\WINDOWS\SYSTEM32\VERSION.dll
0x00007fffa7110000 - 0x00007fffa7122000 	C:\WINDOWS\SYSTEM32\UMPDC.dll
0x00007fffa4bd0000 - 0x00007fffa4be2000 	C:\WINDOWS\SYSTEM32\kernel.appcore.dll
0x00007fffa2cf0000 - 0x00007fffa2cfa000 	C:\Program Files\Android\Android Studio1\jbr\bin\jimage.dll
0x00007fff99320000 - 0x00007fff99504000 	C:\WINDOWS\SYSTEM32\DBGHELP.DLL
0x00007fff992e0000 - 0x00007fff99314000 	C:\WINDOWS\SYSTEM32\dbgcore.DLL
0x00007fffa7720000 - 0x00007fffa77a2000 	C:\WINDOWS\System32\bcryptPrimitives.dll
0x00007fff94510000 - 0x00007fff9451e000 	C:\Program Files\Android\Android Studio1\jbr\bin\instrument.dll
0x00007fff9fd70000 - 0x00007fff9fd90000 	C:\Program Files\Android\Android Studio1\jbr\bin\java.dll
0x00007fff9f070000 - 0x00007fff9f088000 	C:\Program Files\Android\Android Studio1\jbr\bin\zip.dll
0x00007fffa85e0000 - 0x00007fffa8d4f000 	C:\WINDOWS\System32\SHELL32.dll
0x00007fffa4dd0000 - 0x00007fffa5573000 	C:\WINDOWS\SYSTEM32\windows.storage.dll
0x00007fffa7fe0000 - 0x00007fffa8335000 	C:\WINDOWS\System32\combase.dll
0x00007fffa6b80000 - 0x00007fffa6bab000 	C:\WINDOWS\SYSTEM32\Wldp.dll
0x00007fffa8fd0000 - 0x00007fffa909d000 	C:\WINDOWS\System32\OLEAUT32.dll
0x00007fffa90d0000 - 0x00007fffa917d000 	C:\WINDOWS\System32\SHCORE.dll
0x00007fffa7f80000 - 0x00007fffa7fd5000 	C:\WINDOWS\System32\shlwapi.dll
0x00007fffa7180000 - 0x00007fffa71a5000 	C:\WINDOWS\SYSTEM32\profapi.dll
0x00007fff9f6a0000 - 0x00007fff9f6b0000 	C:\Program Files\Android\Android Studio1\jbr\bin\net.dll
0x00007fffa1c80000 - 0x00007fffa1d8a000 	C:\WINDOWS\SYSTEM32\WINHTTP.dll
0x00007fffa68b0000 - 0x00007fffa691c000 	C:\WINDOWS\system32\mswsock.dll
0x00007fff97fa0000 - 0x00007fff97fb6000 	C:\Program Files\Android\Android Studio1\jbr\bin\nio.dll
0x00007fffa2f10000 - 0x00007fffa2f20000 	C:\Program Files\Android\Android Studio1\jbr\bin\verify.dll
0x00007fff785d0000 - 0x00007fff785f7000 	C:\Users\Lena\.gradle\native\c067742578af261105cb4f569cf0c3c89f3d7b1fecec35dd04571415982c5e48\windows-amd64\native-platform.dll
0x00007fff71d30000 - 0x00007fff71e74000 	C:\Users\Lena\.gradle\native\100fb08df4bc3b14c8652ba06237920a3bd2aa13389f12d3474272988ae205f9\windows-amd64\native-platform-file-events.dll
0x00007fffa2d00000 - 0x00007fffa2d09000 	C:\Program Files\Android\Android Studio1\jbr\bin\management.dll
0x00007fff9f010000 - 0x00007fff9f01b000 	C:\Program Files\Android\Android Studio1\jbr\bin\management_ext.dll
0x00007fffa7c70000 - 0x00007fffa7c78000 	C:\WINDOWS\System32\PSAPI.DLL
0x00007fffa6ad0000 - 0x00007fffa6ae8000 	C:\WINDOWS\SYSTEM32\CRYPTSP.dll
0x00007fffa6ab0000 - 0x00007fffa6ac7000 	C:\Program Files\Common Files\Crypto Pro\AppCompat\cpadvai.dll
0x00007fffa61d0000 - 0x00007fffa6208000 	C:\WINDOWS\system32\rsaenh.dll
0x00007fffa70d0000 - 0x00007fffa70fe000 	C:\WINDOWS\SYSTEM32\USERENV.dll
0x00007fffa6af0000 - 0x00007fffa6afc000 	C:\WINDOWS\SYSTEM32\CRYPTBASE.dll
0x00007fffa6590000 - 0x00007fffa65cb000 	C:\WINDOWS\SYSTEM32\IPHLPAPI.DLL
0x00007fffa85d0000 - 0x00007fffa85d8000 	C:\WINDOWS\System32\NSI.dll
0x00007fffa2d10000 - 0x00007fffa2d19000 	C:\Program Files\Android\Android Studio1\jbr\bin\extnet.dll
0x00007fffa2ee0000 - 0x00007fffa2ee7000 	C:\WINDOWS\system32\wshunix.dll
0x00007fff9eff0000 - 0x00007fff9f007000 	C:\WINDOWS\system32\napinsp.dll
0x00007fff9efd0000 - 0x00007fff9efeb000 	C:\WINDOWS\system32\pnrpnsp.dll
0x00007fffa3f70000 - 0x00007fffa3f85000 	C:\WINDOWS\system32\wshbth.dll
0x00007fffa2e00000 - 0x00007fffa2e1d000 	C:\WINDOWS\system32\NLAapi.dll
0x00007fffa65d0000 - 0x00007fffa669a000 	C:\WINDOWS\SYSTEM32\DNSAPI.dll
0x00007fff9efb0000 - 0x00007fff9efc2000 	C:\WINDOWS\System32\winrnr.dll
0x00007fff9e5c0000 - 0x00007fff9e5ca000 	C:\Windows\System32\rasadhlp.dll
0x00007fff9e600000 - 0x00007fff9e680000 	C:\WINDOWS\System32\fwpuclnt.dll
0x00007fff79c50000 - 0x00007fff79c6e000 	C:\Users\Lena\AppData\Local\Temp\native-platform4282859067193007156dir\native-platform.dll
0x00007fff92c30000 - 0x00007fff92c37000 	C:\Program Files\Android\Android Studio1\jbr\bin\rmi.dll

dbghelp: loaded successfully - version: 4.0.5 - missing functions: none
symbol engine: initialized successfully - sym options: 0x614 - pdb path: .;C:\Program Files\Android\Android Studio1\jbr\bin;C:\WINDOWS\SYSTEM32;C:\WINDOWS\WinSxS\amd64_microsoft.windows.common-controls_6595b64144ccf1df_6.0.19041.4355_none_60b8b9eb71f62e16;C:\Program Files\Android\Android Studio1\jbr\bin\server;C:\Users\Lena\.gradle\native\c067742578af261105cb4f569cf0c3c89f3d7b1fecec35dd04571415982c5e48\windows-amd64;C:\Users\Lena\.gradle\native\100fb08df4bc3b14c8652ba06237920a3bd2aa13389f12d3474272988ae205f9\windows-amd64;C:\Program Files\Common Files\Crypto Pro\AppCompat;C:\Users\Lena\AppData\Local\Temp\native-platform4282859067193007156dir

VM Arguments:
jvm_args: --add-opens=java.base/java.lang=ALL-UNNAMED --add-opens=java.base/java.lang.invoke=ALL-UNNAMED --add-opens=java.base/java.util=ALL-UNNAMED --add-opens=java.prefs/java.util.prefs=ALL-UNNAMED --add-exports=jdk.compiler/com.sun.tools.javac.api=ALL-UNNAMED --add-exports=jdk.compiler/com.sun.tools.javac.util=ALL-UNNAMED --add-opens=java.base/java.util=ALL-UNNAMED --add-opens=java.prefs/java.util.prefs=ALL-UNNAMED --add-opens=java.base/java.nio.charset=ALL-UNNAMED --add-opens=java.base/java.net=ALL-UNNAMED --add-opens=java.base/java.util.concurrent.atomic=ALL-UNNAMED --add-opens=java.xml/javax.xml.namespace=ALL-UNNAMED -Xmx2048m -Dfile.encoding=UTF-8 -Duser.country=RU -Duser.language=ru -Duser.variant -javaagent:C:\Users\Lena\.gradle\wrapper\dists\gradle-8.11.1-bin\bpt9gzteqjrbo1mjrsomdt32c\gradle-8.11.1\lib\agents\gradle-instrumentation-agent-8.11.1.jar 
java_command: org.gradle.launcher.daemon.bootstrap.GradleDaemon 8.11.1
java_class_path (initial): C:\Users\Lena\.gradle\wrapper\dists\gradle-8.11.1-bin\bpt9gzteqjrbo1mjrsomdt32c\gradle-8.11.1\lib\gradle-daemon-main-8.11.1.jar
Launcher Type: SUN_STANDARD

[Global flags]
     intx CICompilerCount                          = 3                                         {product} {ergonomic}
     uint ConcGCThreads                            = 1                                         {product} {ergonomic}
     uint G1ConcRefinementThreads                  = 4                                         {product} {ergonomic}
   size_t G1HeapRegionSize                         = 1048576                                   {product} {ergonomic}
    uintx GCDrainStackTargetSize                   = 64                                        {product} {ergonomic}
   size_t InitialHeapSize                          = 268435456                                 {product} {ergonomic}
   size_t MarkStackSize                            = 4194304                                   {product} {ergonomic}
   size_t MaxHeapSize                              = 2147483648                                {product} {command line}
   size_t MaxNewSize                               = 1287651328                                {product} {ergonomic}
   size_t MinHeapDeltaBytes                        = 1048576                                   {product} {ergonomic}
   size_t MinHeapSize                              = 8388608                                   {product} {ergonomic}
    uintx NonNMethodCodeHeapSize                   = 5832780                                {pd product} {ergonomic}
    uintx NonProfiledCodeHeapSize                  = 122912730                              {pd product} {ergonomic}
    uintx ProfiledCodeHeapSize                     = 122912730                              {pd product} {ergonomic}
    uintx ReservedCodeCacheSize                    = 251658240                              {pd product} {ergonomic}
     bool SegmentedCodeCache                       = true                                      {product} {ergonomic}
   size_t SoftMaxHeapSize                          = 2147483648                             {manageable} {ergonomic}
     bool UseCompressedOops                        = true                           {product lp64_product} {ergonomic}
     bool UseG1GC                                  = true                                      {product} {ergonomic}
     bool UseLargePagesIndividualAllocation        = false                                  {pd product} {ergonomic}

Logging:
Log output configuration:
 #0: stdout all=warning uptime,level,tags foldmultilines=false
 #1: stderr all=off uptime,level,tags foldmultilines=false

Environment Variables:
PATH=C:\ProgramData\Oracle\Java\javapath;C:\Program Files (x86)\Intel\iCLS Client\;C:\Program Files\Intel\iCLS Client\;C:\WINDOWS\system32;C:\WINDOWS;C:\WINDOWS\System32\Wbem;C:\WINDOWS\System32\WindowsPowerShell\v1.0\;C:\Program Files (x86)\Intel\Intel(R) Management Engine Components\DAL;C:\Program Files\Intel\Intel(R) Management Engine Components\DAL;C:\Program Files (x86)\Intel\Intel(R) Management Engine Components\IPT;C:\Program Files\Intel\Intel(R) Management Engine Components\IPT;C:\WINDOWS\System32\OpenSSH\;C:\Program Files (x86)\PowerShell\7\;C:\Program Files\nodejs\;C:\Program Files\TortoiseGit\bin;C:\Program Files\Git\cmd;C:\OpenServer\bin;C:\Users\Lena\AppData\Local\Microsoft\WindowsApps;C:\Users\Lena\AppData\Roaming\npm
USERNAME=Lena
OS=Windows_NT
PROCESSOR_IDENTIFIER=Intel64 Family 6 Model 78 Stepping 3, GenuineIntel
TMP=C:\Users\Lena\AppData\Local\Temp
TEMP=C:\Users\Lena\AppData\Local\Temp




Periodic native trim disabled

JNI global refs:
JNI global refs: 29, weak refs: 45

JNI global refs memory usage: 835, weak refs: 833

Process memory usage:
Resident Set Size: 859588K (5% of 16670496K total physical memory with 2948716K free physical memory)

OOME stack traces (most recent first):
Classloader memory used:
Loader org.gradle.internal.classloader.VisitableURLClassLoader$InstrumentingVisitableURLClassLoader: 52743K
Loader org.gradle.internal.classloader.VisitableURLClassLoader                         : 44765K
Loader bootstrap                                                                       : 30551K
Loader org.gradle.initialization.MixInLegacyTypesClassLoader                           : 11711K
Loader jdk.internal.loader.ClassLoaders$PlatformClassLoader                            : 540K
Loader jdk.internal.reflect.DelegatingClassLoader                                      : 512K
Loader jdk.internal.loader.ClassLoaders$AppClassLoader                                 : 234K
Loader org.gradle.internal.classloader.VisitableURLClassLoader                         : 168K
Loader sun.reflect.misc.MethodUtil                                                     : 2952B

Classes loaded by more than one classloader:
Class Program                                                                         : loaded 5 times (x 68B)
Class Build_gradle                                                                    : loaded 3 times (x 126B)
Class Build_gradle$1                                                                  : loaded 3 times (x 70B)
Class org.gradle.internal.classloader.FilteringClassLoader                            : loaded 2 times (x 101B)
Class net.rubygrapefruit.platform.internal.Platform$FreeBSD64Bit                      : loaded 2 times (x 78B)
Class [Lcom.google.common.collect.MapMakerInternalMap$Segment;                        : loaded 2 times (x 65B)
Class [Lcom.google.common.base.AbstractIterator$State;                                : loaded 2 times (x 65B)
Class com.google.common.base.CharMatcher$IsEither                                     : loaded 2 times (x 107B)
Class org.gradle.internal.classloader.ClassLoaderHierarchy                            : loaded 2 times (x 66B)
Class net.rubygrapefruit.platform.internal.Platform$FreeBSD                           : loaded 2 times (x 78B)
Class com.google.common.collect.ImmutableEnumSet                                      : loaded 2 times (x 142B)
Class com.google.common.util.concurrent.ExecutionError                                : loaded 2 times (x 78B)
Class com.google.common.collect.ImmutableList$1                                       : loaded 2 times (x 93B)
Class org.gradle.api.internal.classpath.ManifestUtil                                  : loaded 2 times (x 67B)
Class com.google.common.io.ByteArrayDataOutput                                        : loaded 2 times (x 66B)
Class net.rubygrapefruit.platform.NativeException                                     : loaded 2 times (x 78B)
Class com.google.common.collect.RegularImmutableMap                                   : loaded 2 times (x 117B)
Class com.google.common.collect.ImmutableMap$MapViewOfValuesAsSingletonSets           : loaded 2 times (x 121B)
Class [Lorg.objectweb.asm.Symbol;                                                     : loaded 2 times (x 65B)
Class org.objectweb.asm.ClassVisitor                                                  : loaded 2 times (x 84B)
Class com.google.common.collect.UnmodifiableListIterator                              : loaded 2 times (x 91B)
Class com.google.common.collect.MapMakerInternalMap$StrongKeyDummyValueEntry$LinkedStrongKeyDummyValueEntry: loaded 2 times (x 78B)
Class com.google.common.collect.MapMakerInternalMap$Strength                          : loaded 2 times (x 76B)
Class com.google.common.base.Platform$JdkPatternCompiler                              : loaded 2 times (x 71B)
Class org.objectweb.asm.MethodTooLargeException                                       : loaded 2 times (x 79B)
Class [Lcom.google.common.cache.CacheBuilder$OneWeigher;                              : loaded 2 times (x 65B)
Class com.google.common.base.Suppliers                                                : loaded 2 times (x 67B)
Class org.gradle.internal.classloader.DefaultClassLoaderFactory                       : loaded 2 times (x 78B)
Class [Lcom.google.common.collect.AbstractIterator$State;                             : loaded 2 times (x 65B)
Class com.google.common.base.CharMatcher$None                                         : loaded 2 times (x 108B)
Class org.gradle.internal.classloader.ClassLoaderVisitor                              : loaded 2 times (x 72B)
Class net.rubygrapefruit.platform.NativeIntegrationUnavailableException               : loaded 2 times (x 78B)
Class net.rubygrapefruit.platform.internal.Platform                                   : loaded 2 times (x 75B)
Class [Lcom.google.common.collect.ImmutableMapEntry;                                  : loaded 2 times (x 65B)
Class org.gradle.api.internal.classpath.EffectiveClassPath                            : loaded 2 times (x 86B)
Class com.google.common.collect.ImmutableRangeSet                                     : loaded 2 times (x 111B)
Class com.google.common.collect.AbstractIterator$1                                    : loaded 2 times (x 67B)
Class com.google.common.collect.ImmutableEnumMap                                      : loaded 2 times (x 121B)
Class com.google.common.collect.ListMultimap                                          : loaded 2 times (x 66B)
Class com.google.common.collect.Iterators$EmptyModifiableIterator                     : loaded 2 times (x 82B)
Class com.google.common.collect.Sets$1                                                : loaded 2 times (x 135B)
Class org.objectweb.asm.AnnotationVisitor                                             : loaded 2 times (x 74B)
Class com.google.common.base.Splitter                                                 : loaded 2 times (x 68B)
Class org.gradle.api.internal.DefaultClassPathProvider                                : loaded 2 times (x 72B)
Class com.google.common.collect.Maps$ViewCachingAbstractMap                           : loaded 2 times (x 121B)
Class com.google.common.collect.MapMakerInternalMap$Strength$1                        : loaded 2 times (x 76B)
Class com.google.common.collect.Sets$2                                                : loaded 2 times (x 135B)
Class [Lorg.gradle.api.internal.ClassPathProvider;                                    : loaded 2 times (x 65B)
Class org.gradle.api.internal.ClassPathProvider                                       : loaded 2 times (x 66B)
Class com.google.common.collect.MapMakerInternalMap$Strength$2                        : loaded 2 times (x 76B)
Class [Lorg.objectweb.asm.AnnotationVisitor;                                          : loaded 2 times (x 65B)
Class com.google.common.collect.Sets$3                                                : loaded 2 times (x 135B)
Class com.google.common.util.concurrent.AbstractFuture$SafeAtomicHelper               : loaded 2 times (x 75B)
Class com.google.common.cache.LocalCache$LocalLoadingCache                            : loaded 2 times (x 130B)
Class com.google.common.base.AbstractIterator$State                                   : loaded 2 times (x 75B)
Class org.gradle.internal.service.UnknownServiceException                             : loaded 2 times (x 79B)
Class com.google.common.io.ByteArrayDataInput                                         : loaded 2 times (x 66B)
Class com.google.common.collect.MapMakerInternalMap$StrongValueEntry                  : loaded 2 times (x 66B)
Class com.google.common.collect.Sets$4                                                : loaded 2 times (x 135B)
Class org.objectweb.asm.ModuleVisitor                                                 : loaded 2 times (x 77B)
Class com.google.common.cache.LocalCache$Strength$1                                   : loaded 2 times (x 77B)
Class net.rubygrapefruit.platform.internal.Platform$MacOs64Bit                        : loaded 2 times (x 78B)
Class com.google.common.util.concurrent.SettableFuture                                : loaded 2 times (x 110B)
Class com.google.common.cache.LocalCache$Strength$2                                   : loaded 2 times (x 77B)
Class com.google.common.io.ByteStreams                                                : loaded 2 times (x 67B)
Class net.rubygrapefruit.platform.internal.Platform$Posix                             : loaded 2 times (x 77B)
Class com.google.common.collect.Interners$InternerImpl                                : loaded 2 times (x 71B)
Class com.google.common.collect.Interner                                              : loaded 2 times (x 66B)
Class com.google.common.cache.LocalCache$Strength$3                                   : loaded 2 times (x 77B)
Class com.google.common.collect.MapDifference                                         : loaded 2 times (x 66B)
Class com.google.common.base.Splitter$1                                               : loaded 2 times (x 73B)
Class com.google.common.collect.MapMaker$Dummy                                        : loaded 2 times (x 75B)
Class org.objectweb.asm.FieldWriter                                                   : loaded 2 times (x 74B)
Class com.google.common.cache.CacheBuilder$NullListener                               : loaded 2 times (x 78B)
Class org.gradle.internal.classpath.TransformedClassPath                              : loaded 2 times (x 92B)
Class org.gradle.internal.classloader.InstrumentingClassLoader                        : loaded 2 times (x 66B)
Class com.google.common.collect.ImmutableRangeSet$AsSet                               : loaded 2 times (x 295B)
Class com.google.common.cache.CacheLoader$FunctionToCacheLoader                       : loaded 2 times (x 71B)
Class com.google.common.collect.Iterators$ArrayItr                                    : loaded 2 times (x 93B)
Class com.google.common.collect.ImmutableCollection$Builder                           : loaded 2 times (x 72B)
Class com.google.common.base.Joiner                                                   : loaded 2 times (x 75B)
Class com.google.common.base.MoreObjects                                              : loaded 2 times (x 67B)
Class [Lorg.objectweb.asm.Type;                                                       : loaded 2 times (x 65B)
Class com.google.common.collect.Platform                                              : loaded 2 times (x 67B)
Class com.google.common.collect.UnmodifiableIterator                                  : loaded 2 times (x 76B)
Class org.gradle.internal.service.ServiceLocator                                      : loaded 2 times (x 66B)
Class com.google.common.base.Ascii                                                    : loaded 2 times (x 67B)
Class com.google.common.collect.SingletonImmutableBiMap                               : loaded 2 times (x 139B)
Class com.google.common.cache.LocalCache$1                                            : loaded 2 times (x 85B)
Class com.google.common.collect.AbstractMapEntry                                      : loaded 2 times (x 77B)
Class com.google.common.collect.MapMakerInternalMap$AbstractStrongKeyEntry            : loaded 2 times (x 76B)
Class com.google.common.collect.Sets$ImprovedAbstractSet                              : loaded 2 times (x 131B)
Class com.google.common.collect.ImmutableList$Builder                                 : loaded 2 times (x 73B)
Class com.google.common.cache.LocalCache$2                                            : loaded 2 times (x 138B)
Class com.google.common.collect.AbstractMultimap                                      : loaded 2 times (x 119B)
Class com.google.common.collect.ImmutableRangeSet$1                                   : loaded 2 times (x 205B)
Class com.google.common.util.concurrent.AbstractFuture$UnsafeAtomicHelper$1           : loaded 2 times (x 72B)
Class com.google.common.collect.RegularImmutableAsList                                : loaded 2 times (x 212B)
Class com.google.common.collect.Range                                                 : loaded 2 times (x 83B)
Class com.google.common.base.Optional                                                 : loaded 2 times (x 76B)
Class com.google.common.util.concurrent.AbstractFuture$Trusted                        : loaded 2 times (x 66B)
Class com.google.common.collect.Iterators                                             : loaded 2 times (x 67B)
Class com.google.common.base.CharMatcher$RangesMatcher                                : loaded 2 times (x 108B)
Class net.rubygrapefruit.platform.internal.Platform$Linux32Bit                        : loaded 2 times (x 79B)
Class com.google.common.util.concurrent.UncheckedExecutionException                   : loaded 2 times (x 78B)
Class com.google.common.collect.Lists$StringAsImmutableList                           : loaded 2 times (x 203B)
Class org.gradle.kotlin.dsl.VersionCatalogAccessorsKt                                 : loaded 2 times (x 67B)
Class net.rubygrapefruit.platform.Native                                              : loaded 2 times (x 67B)
Class net.rubygrapefruit.platform.NativeIntegration                                   : loaded 2 times (x 66B)
Class com.google.common.collect.ImmutableSortedSetFauxverideShim                      : loaded 2 times (x 143B)
Class com.google.common.base.CharMatcher$JavaLetterOrDigit                            : loaded 2 times (x 107B)
Class org.gradle.internal.InternalTransformer                                         : loaded 2 times (x 66B)
Class [Lnet.rubygrapefruit.platform.internal.FunctionResult$Failure;                  : loaded 2 times (x 65B)
Class com.google.common.collect.AbstractMapBasedMultimap$KeySet$1                     : loaded 2 times (x 78B)
Class org.objectweb.asm.ClassWriter                                                   : loaded 2 times (x 102B)
Class com.google.common.cache.CacheLoader$UnsupportedLoadingOperationException        : loaded 2 times (x 78B)
Class com.google.common.base.CharMatcher$And                                          : loaded 2 times (x 108B)
Class org.gradle.internal.classloader.ClasspathUtil$1                                 : loaded 2 times (x 72B)
Class com.google.common.base.Objects                                                  : loaded 2 times (x 67B)
Class com.google.common.collect.FluentIterable$1                                      : loaded 2 times (x 77B)
Class org.objectweb.asm.FieldVisitor                                                  : loaded 2 times (x 73B)
Class com.google.common.collect.IndexedImmutableSet                                   : loaded 2 times (x 146B)
Class com.google.common.collect.ImmutableMap$1                                        : loaded 2 times (x 77B)
Class com.google.common.collect.BiMap                                                 : loaded 2 times (x 66B)
Class com.google.common.collect.RegularImmutableMap$KeySet                            : loaded 2 times (x 146B)
Class com.google.common.base.Absent                                                   : loaded 2 times (x 76B)
Class com.google.common.collect.FluentIterable$2                                      : loaded 2 times (x 77B)
Class com.google.common.primitives.Ints                                               : loaded 2 times (x 67B)
Class com.google.common.collect.AbstractIterator                                      : loaded 2 times (x 78B)
Class com.google.common.collect.FluentIterable$3                                      : loaded 2 times (x 77B)
Class com.google.common.math.MathPreconditions                                        : loaded 2 times (x 67B)
Class com.google.common.collect.Multiset                                              : loaded 2 times (x 66B)
Class com.google.common.collect.ArrayListMultimapGwtSerializationDependencies         : loaded 2 times (x 168B)
Class com.google.common.collect.ObjectArrays                                          : loaded 2 times (x 67B)
Class com.google.common.collect.AbstractIndexedListIterator                           : loaded 2 times (x 92B)
Class com.google.common.collect.ImmutableMapEntrySet                                  : loaded 2 times (x 147B)
Class org.gradle.api.internal.classpath.Module                                        : loaded 2 times (x 66B)
Class com.google.common.cache.Weigher                                                 : loaded 2 times (x 66B)
Class org.gradle.api.internal.classpath.UnknownModuleException                        : loaded 2 times (x 78B)
Class com.google.common.base.Stopwatch                                                : loaded 2 times (x 68B)
Class com.google.common.cache.LocalCache$Strength                                     : loaded 2 times (x 77B)
Class com.google.common.cache.Cache                                                   : loaded 2 times (x 66B)
Class com.google.common.util.concurrent.AbstractFuture$Cancellation                   : loaded 2 times (x 68B)
Class com.google.common.collect.ImmutableMap$Builder                                  : loaded 2 times (x 78B)
Class com.google.common.base.NullnessCasts                                            : loaded 2 times (x 67B)
Class net.rubygrapefruit.platform.internal.FunctionResult                             : loaded 2 times (x 73B)
Class com.google.common.base.Present                                                  : loaded 2 times (x 77B)
Class com.google.common.cache.RemovalListener                                         : loaded 2 times (x 66B)
Class org.gradle.api.internal.DefaultClassPathRegistry                                : loaded 2 times (x 72B)
Class net.rubygrapefruit.platform.NativeIntegrationLinkageException                   : loaded 2 times (x 78B)
Class com.google.common.primitives.IntsMethodsForWeb                                  : loaded 2 times (x 67B)
Class com.google.common.collect.Multimap                                              : loaded 2 times (x 66B)
Class org.gradle.api.internal.ClassPathRegistry                                       : loaded 2 times (x 66B)
Class org.gradle.internal.classpath.DefaultClassPath$ImmutableUniqueList              : loaded 2 times (x 195B)
Class com.google.common.collect.NullnessCasts                                         : loaded 2 times (x 67B)
Class com.google.common.base.ExtraObjectsMethodsForWeb                                : loaded 2 times (x 67B)
Class com.google.common.collect.MapMakerInternalMap$Segment                           : loaded 2 times (x 138B)
Class com.google.common.base.PairwiseEquivalence                                      : loaded 2 times (x 79B)
Class net.rubygrapefruit.platform.internal.jni.NativeLibraryFunctions                 : loaded 2 times (x 67B)
Class com.google.common.cache.CacheBuilder                                            : loaded 2 times (x 68B)
Class com.google.common.collect.SingletonImmutableList                                : loaded 2 times (x 203B)
Class Settings_gradle$1                                                               : loaded 2 times (x 70B)
Class org.gradle.internal.classpath.ClassPath                                         : loaded 2 times (x 66B)
Class org.gradle.api.UncheckedIOException                                             : loaded 2 times (x 78B)
Class com.google.common.collect.Interners$InternerBuilder                             : loaded 2 times (x 72B)
Class com.google.common.collect.ImmutableList$ReverseImmutableList                    : loaded 2 times (x 204B)
Class com.google.common.base.JdkPattern                                               : loaded 2 times (x 71B)
Class net.rubygrapefruit.platform.internal.Platform$Windows                           : loaded 2 times (x 75B)
Class org.objectweb.asm.SymbolTable$Entry                                             : loaded 2 times (x 70B)
Class com.google.common.util.concurrent.AbstractFuture$AtomicHelper                   : loaded 2 times (x 74B)
Class org.objectweb.asm.Edge                                                          : loaded 2 times (x 68B)
Class com.google.common.base.Suppliers$SupplierOfInstance                             : loaded 2 times (x 75B)
Class com.google.common.collect.Iterators$1                                           : loaded 2 times (x 77B)
Class com.google.common.cache.LocalCache$ComputingValueReference                      : loaded 2 times (x 92B)
Class com.google.common.collect.SingletonImmutableSet                                 : loaded 2 times (x 142B)
Class com.google.common.collect.ImmutableMap$IteratorBasedImmutableMap                : loaded 2 times (x 121B)
Class com.google.common.cache.LocalCache$Segment                                      : loaded 2 times (x 150B)
Class net.rubygrapefruit.platform.internal.LibraryDef                                 : loaded 2 times (x 68B)
Class com.google.common.collect.SortedIterable                                        : loaded 2 times (x 66B)
Class [Lorg.objectweb.asm.SymbolTable$Entry;                                          : loaded 2 times (x 65B)
Class com.google.common.cache.CacheLoader                                             : loaded 2 times (x 70B)
Class com.google.common.collect.Iterators$4                                           : loaded 2 times (x 78B)
Class com.google.common.collect.ImmutableBiMap                                        : loaded 2 times (x 139B)
Class com.google.common.collect.AbstractListMultimap                                  : loaded 2 times (x 168B)
Class org.gradle.internal.installation.GradleInstallation$1                           : loaded 2 times (x 71B)
Class org.gradle.api.internal.classpath.ModuleRegistry                                : loaded 2 times (x 66B)
Class com.google.common.util.concurrent.internal.InternalFutureFailureAccess          : loaded 2 times (x 68B)
Class com.google.common.collect.Iterators$5                                           : loaded 2 times (x 78B)
Class com.google.common.collect.ImmutableSet$JdkBackedSetBuilderImpl                  : loaded 2 times (x 72B)
Class com.google.common.base.Splitter$SplittingIterator                               : loaded 2 times (x 80B)
Class com.google.common.io.Closer$SuppressingSuppressor                               : loaded 2 times (x 71B)
Class com.google.common.util.concurrent.AbstractFuture$UnsafeAtomicHelper             : loaded 2 times (x 74B)
Class com.google.common.cache.LocalCache$LocalManualCache$1                           : loaded 2 times (x 71B)
Class com.google.common.base.CharMatcher$ForPredicate                                 : loaded 2 times (x 108B)
Class net.rubygrapefruit.platform.internal.Platform$Window32Bit                       : loaded 2 times (x 75B)
Class com.google.common.collect.ImmutableCollection                                   : loaded 2 times (x 121B)
Class com.google.common.base.CharMatcher$AnyOf                                        : loaded 2 times (x 108B)
Class org.gradle.api.internal.classpath.DefaultModuleRegistry                         : loaded 2 times (x 82B)
Class com.google.common.util.concurrent.ListenableFuture                              : loaded 2 times (x 66B)
Class com.google.common.cache.ReferenceEntry                                          : loaded 2 times (x 66B)
Class com.google.common.collect.ImmutableSet$CachingAsList                            : loaded 2 times (x 143B)
Class com.google.common.base.Converter                                                : loaded 2 times (x 86B)
Class com.google.common.collect.Lists                                                 : loaded 2 times (x 67B)
Class com.google.common.base.CharMatcher$Any                                          : loaded 2 times (x 108B)
Class com.google.common.util.concurrent.AbstractFuture                                : loaded 2 times (x 102B)
Class com.google.common.base.FunctionalEquivalence                                    : loaded 2 times (x 79B)
Class com.google.common.collect.Iterators$9                                           : loaded 2 times (x 77B)
Class com.google.common.collect.AbstractMapBasedMultimap                              : loaded 2 times (x 135B)
Class com.google.common.collect.ImmutableAsList                                       : loaded 2 times (x 205B)
Class org.objectweb.asm.RecordComponentVisitor                                        : loaded 2 times (x 73B)
Class com.google.common.cache.CacheLoader$SupplierToCacheLoader                       : loaded 2 times (x 71B)
Class com.google.common.collect.Maps$EntryTransformer                                 : loaded 2 times (x 66B)
Class org.gradle.internal.service.ServiceLookupException                              : loaded 2 times (x 78B)
Class com.google.common.collect.ImmutableSortedSet                                    : loaded 2 times (x 295B)
Class [Lcom.google.common.cache.LocalCache$EntryFactory;                              : loaded 2 times (x 65B)
Class com.google.common.base.CharMatcher$JavaLetter                                   : loaded 2 times (x 107B)
Class org.gradle.internal.classloader.ClassLoaderFactory                              : loaded 2 times (x 66B)
Class net.rubygrapefruit.platform.internal.Platform$Linux                             : loaded 2 times (x 79B)
Class com.google.common.cache.LocalCache$LocalManualCache                             : loaded 2 times (x 95B)
Class com.google.common.base.CharMatcher$IsNot                                        : loaded 2 times (x 107B)
Class com.google.common.base.CommonPattern                                            : loaded 2 times (x 70B)
Class org.gradle.internal.service.CachingServiceLocator                               : loaded 2 times (x 78B)
Class com.google.common.collect.RegularImmutableSortedSet                             : loaded 2 times (x 295B)
Class com.google.common.collect.AbstractMapBasedMultimap$KeySet                       : loaded 2 times (x 133B)
Class com.google.common.math.IntMath                                                  : loaded 2 times (x 67B)
Class com.google.common.collect.MapMakerInternalMap$InternalEntry                     : loaded 2 times (x 66B)
Class com.google.common.collect.Iterators$10                                          : loaded 2 times (x 77B)
Class com.google.common.collect.ImmutableMapEntry                                     : loaded 2 times (x 81B)
Class com.google.common.base.CharMatcher$JavaDigit                                    : loaded 2 times (x 107B)
Class com.google.common.base.Equivalence                                              : loaded 2 times (x 78B)
Class com.google.common.collect.ImmutableMapEntry$NonTerminalImmutableMapEntry        : loaded 2 times (x 81B)
Class com.google.common.base.Function                                                 : loaded 2 times (x 66B)
Class com.google.common.collect.IndexedImmutableSet$1                                 : loaded 2 times (x 208B)
Class com.google.common.cache.CacheBuilder$OneWeigher                                 : loaded 2 times (x 78B)
Class com.google.common.collect.RegularImmutableList                                  : loaded 2 times (x 208B)
Class net.rubygrapefruit.platform.internal.Platform$Unsupported                       : loaded 2 times (x 75B)
Class net.rubygrapefruit.platform.internal.Platform$FreeBSD32Bit                      : loaded 2 times (x 78B)
Class com.google.common.collect.ImmutableBiMapFauxverideShim                          : loaded 2 times (x 116B)
Class org.gradle.internal.classloader.ClasspathUtil                                   : loaded 2 times (x 67B)
Class net.rubygrapefruit.platform.internal.Platform$Unix                              : loaded 2 times (x 78B)
Class com.google.common.base.Charsets                                                 : loaded 2 times (x 67B)
Class com.google.common.util.concurrent.Uninterruptibles                              : loaded 2 times (x 67B)
Class com.google.common.collect.Maps                                                  : loaded 2 times (x 67B)
Class com.google.common.base.CharMatcher$JavaUpperCase                                : loaded 2 times (x 107B)
Class org.gradle.api.specs.Spec                                                       : loaded 2 times (x 66B)
Class com.google.common.collect.MapMaker                                              : loaded 2 times (x 68B)
Class [Lcom.google.common.collect.ImmutableEntry;                                     : loaded 2 times (x 65B)
Class com.google.common.cache.LocalCache$LoadingValueReference                        : loaded 2 times (x 92B)
Class org.gradle.api.internal.classpath.DefaultModuleRegistry$DefaultModule           : loaded 2 times (x 82B)
Class com.google.common.collect.MapMakerInternalMap$StrongKeyDummyValueEntry          : loaded 2 times (x 78B)
Class com.google.common.base.Platform                                                 : loaded 2 times (x 67B)
Class [Lorg.objectweb.asm.AnnotationWriter;                                           : loaded 2 times (x 65B)
Class com.google.common.primitives.Ints$IntConverter                                  : loaded 2 times (x 86B)
Class com.google.common.collect.Maps$8                                                : loaded 2 times (x 78B)
Class [Lcom.google.common.collect.Iterators$EmptyModifiableIterator;                  : loaded 2 times (x 65B)
Class com.google.common.collect.ImmutableRangeSet$Builder                             : loaded 2 times (x 73B)
Class com.google.common.collect.Sets$SetView                                          : loaded 2 times (x 134B)
Class com.google.common.cache.LocalCache$StrongValueReference                         : loaded 2 times (x 86B)
Class com.google.common.util.concurrent.AbstractFuture$SynchronizedHelper             : loaded 2 times (x 74B)
Class com.google.common.base.CharMatcher$Invisible                                    : loaded 2 times (x 108B)
Class org.objectweb.asm.Type                                                          : loaded 2 times (x 68B)
Class org.gradle.internal.classloader.VisitableURLClassLoader$InstrumentingVisitableURLClassLoader: loaded 2 times (x 119B)
Class com.google.common.collect.MapMakerInternalMap$StrongKeyDummyValueEntry$Helper   : loaded 2 times (x 75B)
Class org.objectweb.asm.ByteVector                                                    : loaded 2 times (x 75B)
Class [Lcom.google.common.cache.CacheBuilder$NullListener;                            : loaded 2 times (x 65B)
Class com.google.common.math.IntMath$1                                                : loaded 2 times (x 67B)
Class org.gradle.internal.classloader.VisitableURLClassLoader$Spec                    : loaded 2 times (x 70B)
Class org.gradle.internal.classpath.DefaultClassPath                                  : loaded 2 times (x 86B)
Class org.objectweb.asm.Symbol                                                        : loaded 2 times (x 69B)
Class com.google.common.base.AbstractIterator                                         : loaded 2 times (x 76B)
Class com.google.common.io.Closer                                                     : loaded 2 times (x 74B)
Class com.google.common.collect.ImmutableSet                                          : loaded 2 times (x 141B)
Class com.google.common.collect.RegularImmutableMap$Values                            : loaded 2 times (x 203B)
Class com.google.common.base.CharMatcher$Ascii                                        : loaded 2 times (x 108B)
Class com.google.common.base.CharMatcher$BitSetMatcher                                : loaded 2 times (x 108B)
Class org.gradle.internal.classloader.ClassLoaderSpec                                 : loaded 2 times (x 67B)
Class net.rubygrapefruit.platform.internal.Platform$MacOs32Bit                        : loaded 2 times (x 78B)
Class net.rubygrapefruit.platform.internal.Platform$Linux64Bit                        : loaded 2 times (x 79B)
Class org.objectweb.asm.AnnotationWriter                                              : loaded 2 times (x 75B)
Class com.google.common.cache.CacheStats                                              : loaded 2 times (x 67B)
Class com.google.common.collect.Interners                                             : loaded 2 times (x 67B)
Class com.google.common.io.Closer$Suppressor                                          : loaded 2 times (x 66B)
Class org.objectweb.asm.RecordComponentWriter                                         : loaded 2 times (x 74B)
Class com.google.common.util.concurrent.AbstractFuture$Listener                       : loaded 2 times (x 68B)
Class com.google.common.base.CharMatcher$Or                                           : loaded 2 times (x 108B)
Class Settings_gradle$1$1                                                             : loaded 2 times (x 70B)
Class org.objectweb.asm.Attribute                                                     : loaded 2 times (x 73B)
Class com.google.common.base.Supplier                                                 : loaded 2 times (x 66B)
Class org.gradle.internal.classloader.VisitableURLClassLoader                         : loaded 2 times (x 113B)
Class net.rubygrapefruit.platform.internal.FunctionResult$Failure                     : loaded 2 times (x 75B)
Class net.rubygrapefruit.platform.internal.NativeLibraryLoader                        : loaded 2 times (x 69B)
Class com.google.common.collect.ImmutableList$SerializedForm                          : loaded 2 times (x 69B)
Class com.google.common.util.concurrent.AbstractFuture$Waiter                         : loaded 2 times (x 68B)
Class Settings_gradle                                                                 : loaded 2 times (x 124B)
Class org.gradle.internal.Cast                                                        : loaded 2 times (x 67B)
Class org.gradle.api.Action                                                           : loaded 2 times (x 66B)
Class com.google.common.collect.MapMakerInternalMap                                   : loaded 2 times (x 157B)
Class com.google.common.base.Strings                                                  : loaded 2 times (x 67B)
Class com.google.common.collect.Sets                                                  : loaded 2 times (x 67B)
Class org.objectweb.asm.Handler                                                       : loaded 2 times (x 68B)
Class com.google.common.base.Ticker                                                   : loaded 2 times (x 68B)
Class com.google.common.base.CharMatcher$FastMatcher                                  : loaded 2 times (x 107B)
Class [Lcom.google.common.cache.LocalCache$Segment;                                   : loaded 2 times (x 65B)
Class [Lcom.google.common.cache.LocalCache$Strength;                                  : loaded 2 times (x 65B)
Class com.google.common.cache.CacheBuilder$1                                          : loaded 2 times (x 81B)
Class com.google.common.collect.ImmutableMap                                          : loaded 2 times (x 116B)
Class com.google.common.base.Predicate                                                : loaded 2 times (x 66B)
Class org.gradle.internal.classpath.DefaultClassPath$ImmutableUniqueList$Builder      : loaded 2 times (x 71B)
Class com.google.common.collect.AbstractRangeSet                                      : loaded 2 times (x 110B)
Class com.google.common.collect.MapMakerInternalMap$WeakValueReference                : loaded 2 times (x 66B)
Class com.google.common.cache.LocalCache                                              : loaded 2 times (x 183B)
Class com.google.common.cache.CacheBuilder$2                                          : loaded 2 times (x 68B)
Class com.google.common.base.CharMatcher$NegatedFastMatcher                           : loaded 2 times (x 109B)
Class [Lcom.google.common.collect.AbstractMapEntry;                                   : loaded 2 times (x 65B)
Class com.google.common.collect.ImmutableEntry                                        : loaded 2 times (x 78B)
Class com.google.common.collect.ArrayListMultimap                                     : loaded 2 times (x 168B)
Class com.google.common.base.AbstractIterator$1                                       : loaded 2 times (x 67B)
Class com.google.common.base.CharMatcher$Digit                                        : loaded 2 times (x 108B)
Class org.gradle.api.GradleException                                                  : loaded 2 times (x 78B)
Class com.google.common.base.Suppliers$MemoizingSupplier                              : loaded 2 times (x 75B)
Class com.google.common.collect.CollectPreconditions                                  : loaded 2 times (x 67B)
Class com.google.common.base.CharMatcher$JavaIsoControl                               : loaded 2 times (x 108B)
Class [Lcom.google.common.collect.MapMakerInternalMap$Strength;                       : loaded 2 times (x 65B)
Class com.google.common.collect.SortedMapDifference                                   : loaded 2 times (x 66B)
Class com.google.common.base.CharMatcher$JavaLowerCase                                : loaded 2 times (x 107B)
Class net.rubygrapefruit.platform.internal.NativeLibraryLocator                       : loaded 2 times (x 69B)
Class net.rubygrapefruit.platform.Process                                             : loaded 2 times (x 66B)
Class com.google.common.collect.MapMakerInternalMap$StrongKeyDummyValueSegment        : loaded 2 times (x 138B)
Class com.google.common.collect.Iterables$4                                           : loaded 2 times (x 77B)
Class com.google.common.cache.LocalCache$EntryFactory                                 : loaded 2 times (x 79B)
Class [Lcom.google.common.collect.MapMaker$Dummy;                                     : loaded 2 times (x 65B)
Class com.google.common.cache.LocalCache$AbstractReferenceEntry                       : loaded 2 times (x 103B)
Class com.google.common.base.Splitter$1$1                                             : loaded 2 times (x 82B)
Class com.google.common.base.CharMatcher$Whitespace                                   : loaded 2 times (x 108B)
Class org.gradle.internal.IoActions                                                   : loaded 2 times (x 67B)
Class com.google.common.collect.ImmutableMapKeySet                                    : loaded 2 times (x 146B)
Class com.google.common.collect.ImmutableRangeSet$ComplementRanges                    : loaded 2 times (x 203B)
Class org.objectweb.asm.SymbolTable                                                   : loaded 2 times (x 68B)
Class com.google.common.cache.CacheLoader$InvalidCacheLoadException                   : loaded 2 times (x 78B)
Class com.google.common.collect.ImmutableSet$RegularSetBuilderImpl                    : loaded 2 times (x 73B)
Class com.google.common.base.CharMatcher$SingleWidth                                  : loaded 2 times (x 108B)
Class org.gradle.internal.classloader.SystemClassLoaderSpec                           : loaded 2 times (x 67B)
Class com.google.common.collect.FluentIterable                                        : loaded 2 times (x 77B)
Class com.google.common.cache.LocalCache$StrongEntry                                  : loaded 2 times (x 104B)
Class com.google.common.util.concurrent.AbstractFuture$TrustedFuture                  : loaded 2 times (x 110B)
Class com.google.common.cache.LoadingCache                                            : loaded 2 times (x 66B)
Class com.google.common.io.ByteStreams$LimitedInputStream                             : loaded 2 times (x 88B)
Class com.google.common.base.Suppliers$NonSerializableMemoizingSupplier               : loaded 2 times (x 75B)
Class net.rubygrapefruit.platform.ProcessLauncher                                     : loaded 2 times (x 66B)
Class org.objectweb.asm.MethodWriter                                                  : loaded 2 times (x 102B)
Class [Lcom.google.common.cache.Weigher;                                              : loaded 2 times (x 65B)
Class com.google.common.collect.RegularImmutableMap$BucketOverflowException           : loaded 2 times (x 78B)
Class com.google.common.collect.AbstractIterator$State                                : loaded 2 times (x 75B)
Class com.google.common.collect.RegularImmutableBiMap                                 : loaded 2 times (x 144B)
Class com.google.common.cache.LocalCache$ValueReference                               : loaded 2 times (x 66B)
Class com.google.common.base.CharMatcher$Negated                                      : loaded 2 times (x 109B)
Class com.google.common.base.CharMatcher$Is                                           : loaded 2 times (x 107B)
Class com.google.common.base.PatternCompiler                                          : loaded 2 times (x 66B)
Class com.google.common.util.concurrent.AbstractFuture$Failure                        : loaded 2 times (x 68B)
Class com.google.common.base.Equivalence$Equals                                       : loaded 2 times (x 78B)
Class com.google.common.collect.Hashing                                               : loaded 2 times (x 67B)
Class com.google.common.base.Preconditions                                            : loaded 2 times (x 67B)
Class com.google.common.base.Joiner$1                                                 : loaded 2 times (x 76B)
Class org.objectweb.asm.Label                                                         : loaded 2 times (x 69B)
Class org.objectweb.asm.CurrentFrame                                                  : loaded 2 times (x 69B)
Class org.objectweb.asm.ClassTooLargeException                                        : loaded 2 times (x 79B)
Class com.google.common.collect.PeekingIterator                                       : loaded 2 times (x 66B)
Class com.google.common.base.CharMatcher                                              : loaded 2 times (x 107B)
Class com.google.common.collect.Maps$IteratorBasedAbstractMap                         : loaded 2 times (x 121B)
Class com.google.common.collect.RangeGwtSerializationDependencies                     : loaded 2 times (x 67B)
Class com.google.common.collect.Table                                                 : loaded 2 times (x 66B)
Class com.google.common.collect.MapMakerInternalMap$InternalEntryHelper               : loaded 2 times (x 66B)
Class com.google.common.base.Joiner$2                                                 : loaded 2 times (x 75B)
Class org.objectweb.asm.Frame                                                         : loaded 2 times (x 69B)
Class org.objectweb.asm.MethodVisitor                                                 : loaded 2 times (x 101B)
Class com.google.common.cache.LocalCache$EntryFactory$1                               : loaded 2 times (x 79B)
Class [Lcom.google.common.cache.RemovalListener;                                      : loaded 2 times (x 65B)
Class com.google.common.base.CharMatcher$1                                            : loaded 2 times (x 109B)
Class com.google.common.base.CharMatcher$NamedFastMatcher                             : loaded 2 times (x 108B)
Class com.google.common.collect.RangeSet                                              : loaded 2 times (x 66B)
Class com.google.common.cache.LocalCache$EntryFactory$2                               : loaded 2 times (x 79B)
Class org.gradle.api.internal.classpath.GlobalCacheRootsProvider                      : loaded 2 times (x 66B)
Class com.google.common.collect.CollectCollectors                                     : loaded 2 times (x 67B)
Class org.objectweb.asm.ModuleWriter                                                  : loaded 2 times (x 78B)
Class com.google.common.cache.LocalCache$EntryFactory$3                               : loaded 2 times (x 79B)
Class com.google.common.base.Ticker$1                                                 : loaded 2 times (x 68B)
Class com.google.common.collect.ImmutableMapEntrySet$RegularEntrySet                  : loaded 2 times (x 147B)
Class com.google.common.collect.Maps$BiMapConverter                                   : loaded 2 times (x 86B)
Class net.rubygrapefruit.platform.internal.Platform$MacOs                             : loaded 2 times (x 78B)
Class net.rubygrapefruit.platform.internal.Platform$Window64Bit                       : loaded 2 times (x 75B)
Class com.google.common.cache.LocalCache$EntryFactory$4                               : loaded 2 times (x 79B)
Class com.google.common.collect.ImmutableSet$Builder                                  : loaded 2 times (x 81B)
Class com.google.common.base.CharMatcher$InRange                                      : loaded 2 times (x 107B)
Class com.google.common.io.ByteStreams$1                                              : loaded 2 times (x 81B)
Class com.google.common.cache.LocalCache$EntryFactory$5                               : loaded 2 times (x 79B)
Class com.google.common.base.Equivalence$Identity                                     : loaded 2 times (x 78B)
Class com.google.common.cache.LocalCache$EntryFactory$6                               : loaded 2 times (x 79B)
Class org.gradle.internal.installation.CurrentGradleInstallationLocator               : loaded 2 times (x 67B)
Class com.google.common.collect.Maps$KeySet                                           : loaded 2 times (x 133B)
Class com.google.common.cache.LocalCache$EntryFactory$7                               : loaded 2 times (x 79B)
Class com.google.common.collect.ImmutableSet$EmptySetBuilderImpl                      : loaded 2 times (x 72B)
Class com.google.common.collect.ImmutableList                                         : loaded 2 times (x 202B)
Class org.gradle.internal.service.DefaultServiceLocator                               : loaded 2 times (x 79B)
Class com.google.common.cache.LocalCache$EntryFactory$8                               : loaded 2 times (x 79B)
Class com.google.common.collect.ImmutableSet$SetBuilderImpl                           : loaded 2 times (x 72B)
Class org.gradle.internal.installation.CurrentGradleInstallation                      : loaded 2 times (x 69B)
Class com.google.common.cache.CacheLoader$1                                           : loaded 2 times (x 71B)
Class com.google.common.collect.ForwardingObject                                      : loaded 2 times (x 68B)
Class com.google.common.collect.ImmutableList$SubList                                 : loaded 2 times (x 204B)
Class org.gradle.util.internal.GUtil                                                  : loaded 2 times (x 67B)
Class com.google.common.util.concurrent.AbstractFuture$SetFuture                      : loaded 2 times (x 71B)
Class com.google.common.cache.AbstractCache$StatsCounter                              : loaded 2 times (x 66B)
Class com.google.common.collect.MapMakerInternalMap$1                                 : loaded 2 times (x 79B)
Class com.google.common.collect.Iterators$MergingIterator                             : loaded 2 times (x 77B)
Class com.google.common.collect.RegularImmutableSet                                   : loaded 2 times (x 144B)
Class org.gradle.internal.installation.GradleInstallation                             : loaded 2 times (x 71B)
Class com.google.common.collect.Iterables                                             : loaded 2 times (x 67B)
Class com.google.common.base.Splitter$Strategy                                        : loaded 2 times (x 66B)

---------------  S Y S T E M  ---------------

OS:
 Windows 10 , 64 bit Build 19041 (10.0.19041.5678)
OS uptime: 2 days 1:36 hours

CPU: total 4 (initial active 4) (2 cores per cpu, 2 threads per core) family 6 model 78 stepping 3 microcode 0xcc, cx8, cmov, fxsr, ht, mmx, 3dnowpref, sse, sse2, sse3, ssse3, sse4.1, sse4.2, popcnt, lzcnt, tsc, tscinvbit, avx, avx2, aes, erms, clmul, bmi1, bmi2, adx, fma, vzeroupper, clflush, clflushopt, rdtscp, f16c
Processor Information for the first 4 processors :
  Max Mhz: 2401, Current Mhz: 2200, Mhz Limit: 2184

Memory: 4k page, system-wide physical 16279M (2877M free)
TotalPageFile size 27031M (AvailPageFile size 10870M)
current process WorkingSet (physical memory assigned to process): 844M, peak: 849M
current process commit charge ("private bytes"): 871M, peak: 877M

vm_info: OpenJDK 64-Bit Server VM (21.0.6+-13355223-b631.42) for windows-amd64 JRE (21.0.6+-13355223-b631.42), built on 2025-04-14T18:21:23Z by "builder" with MS VC++ 16.10 / 16.11 (VS2019)

END.
