#
# A fatal error has been detected by the Java Runtime Environment:
#
#  Internal Error (utilities/concurrentHashTable.inline.hpp:682), pid=15732, tid=13784
#  fatal error: aux_index does not match even or odd indices
#
# JRE version: OpenJDK Runtime Environment (21.0.6) (build 21.0.6+-13355223-b631.42)
# Java VM: OpenJDK 64-Bit Server VM (21.0.6+-13355223-b631.42, mixed mode, tiered, compressed oops, compressed class ptrs, g1 gc, windows-amd64)
# No core dump will be written. Minidumps are not enabled by default on client versions of Windows
#
# If you would like to submit a bug report, please visit:
#   https://youtrack.jetbrains.com/issues/JBR
#

---------------  S U M M A R Y ------------

Command Line: --add-opens=java.base/java.lang=ALL-UNNAMED --add-opens=java.base/java.lang.invoke=ALL-UNNAMED --add-opens=java.base/java.util=ALL-UNNAMED --add-opens=java.prefs/java.util.prefs=ALL-UNNAMED --add-exports=jdk.compiler/com.sun.tools.javac.api=ALL-UNNAMED --add-exports=jdk.compiler/com.sun.tools.javac.util=ALL-UNNAMED --add-opens=java.base/java.util=ALL-UNNAMED --add-opens=java.prefs/java.util.prefs=ALL-UNNAMED --add-opens=java.base/java.nio.charset=ALL-UNNAMED --add-opens=java.base/java.net=ALL-UNNAMED --add-opens=java.base/java.util.concurrent.atomic=ALL-UNNAMED --add-opens=java.xml/javax.xml.namespace=ALL-UNNAMED -Xmx2048m -Dfile.encoding=UTF-8 -Duser.country=RU -Duser.language=ru -Duser.variant -javaagent:C:\Users\Lena\.gradle\wrapper\dists\gradle-8.11.1-bin\bpt9gzteqjrbo1mjrsomdt32c\gradle-8.11.1\lib\agents\gradle-instrumentation-agent-8.11.1.jar org.gradle.launcher.daemon.bootstrap.GradleDaemon 8.11.1

Host: Intel(R) Core(TM) i5-6200U CPU @ 2.30GHz, 4 cores, 15G,  Windows 10 , 64 bit Build 19041 (10.0.19041.5678)
Time: Thu May  8 19:25:55 2025 RTZ 2 (s 10 , 64 bit Build 19041 (10.0.19041.5678) elapsed time: 381.390272 seconds (0d 0h 6m 21s)

---------------  T H R E A D  ---------------

Current thread (0x000002724e9ea3a0):  JavaThread "Service Thread" daemon [_thread_in_vm, id=13784, stack(0x000000d1db900000,0x000000d1dba00000) (1024K)]

Stack: [0x000000d1db900000,0x000000d1dba00000]
Native frames: (J=compiled Java code, j=interpreted, Vv=VM code, C=native code)
V  [jvm.dll+0x6d05a9]
V  [jvm.dll+0x85ea73]
V  [jvm.dll+0x860fce]
V  [jvm.dll+0x27e4d1]
V  [jvm.dll+0x7cd2a8]
V  [jvm.dll+0x7cbbca]
V  [jvm.dll+0x7cb099]
V  [jvm.dll+0x735ac9]
V  [jvm.dll+0x3f0e56]
V  [jvm.dll+0x806e48]
V  [jvm.dll+0x6cee7d]
C  [ucrtbase.dll+0x21bb2]
C  [KERNEL32.DLL+0x17374]
C  [ntdll.dll+0x4cc91]


---------------  P R O C E S S  ---------------

Threads class SMR info:
_java_thread_list=0x0000027263fde480, length=92, elements={
0x0000027235651fb0, 0x000002724ea08910, 0x000002724ea0bb10, 0x000002724e9e8f00,
0x000002724e9e9950, 0x000002724e9ea3a0, 0x000002724e9ed5a0, 0x000002724ea13480,
0x000002724ea166c0, 0x000002724eb37550, 0x000002724ecf0750, 0x00000272548c9a50,
0x0000027254979bd0, 0x0000027253951d80, 0x00000272548c92e0, 0x000002725498fbb0,
0x000002725499e0d0, 0x00000272549bb080, 0x0000027254a45000, 0x0000027254a6ebc0,
0x0000027254a72040, 0x0000027254a6f8e0, 0x0000027254a6f250, 0x0000027254a6ff70,
0x0000027254a70600, 0x0000027254a70c90, 0x0000027254a71320, 0x0000027254a719b0,
0x00000272554cd510, 0x00000272554cadb0, 0x00000272554cb440, 0x00000272554ca720,
0x00000272554cbad0, 0x0000027259d2fb70, 0x0000027259d33680, 0x0000027259d31c40,
0x0000027259d2e7c0, 0x0000027259d32960, 0x0000027259d30200, 0x0000027259d32ff0,
0x0000027259d2d410, 0x0000027259d2daa0, 0x000002726188c690, 0x0000027261889210,
0x000002726188da40, 0x00000272618898a0, 0x00000272630bcaa0, 0x00000272630be4e0,
0x00000272630b8f90, 0x00000272630bde50, 0x00000272630b9620, 0x00000272630bd130,
0x00000272630bd7c0, 0x00000272630b9cb0, 0x00000272554cc160, 0x00000272587c7e90,
0x0000027268ae0e20, 0x0000027268adf3e0, 0x00000272629c4a90, 0x00000272629c3d70,
0x00000272629c6b60, 0x00000272629c5e40, 0x00000272629c1610, 0x00000272629c0f80,
0x00000272629c36e0, 0x00000272688a4d30, 0x00000272688a7b20, 0x00000272688a6e00,
0x00000272688a53c0, 0x00000272688a7490, 0x00000272688a81b0, 0x00000272688a8840,
0x00000272688a46a0, 0x00000272688a9bf0, 0x00000272688aa280, 0x00000272688abcc0,
0x00000272688aa910, 0x0000027259afcc00, 0x0000027268cdabe0, 0x0000027268cd5000,
0x0000027268cd91a0, 0x0000027268cd6a40, 0x0000027268cd8b10, 0x0000027268cd70d0,
0x0000027268cd7760, 0x0000027268cd5690, 0x0000027268cdb270, 0x0000027268cd7df0,
0x0000027263065a00, 0x00000272630604b0, 0x0000027263064650, 0x00000272638dd6d0
}

Java Threads: ( => current thread )
  0x0000027235651fb0 JavaThread "main"                              [_thread_blocked, id=11996, stack(0x000000d1dad00000,0x000000d1dae00000) (1024K)]
  0x000002724ea08910 JavaThread "Reference Handler"          daemon [_thread_blocked, id=14040, stack(0x000000d1db500000,0x000000d1db600000) (1024K)]
  0x000002724ea0bb10 JavaThread "Finalizer"                  daemon [_thread_blocked, id=13776, stack(0x000000d1db600000,0x000000d1db700000) (1024K)]
  0x000002724e9e8f00 JavaThread "Signal Dispatcher"          daemon [_thread_blocked, id=13320, stack(0x000000d1db700000,0x000000d1db800000) (1024K)]
  0x000002724e9e9950 JavaThread "Attach Listener"            daemon [_thread_blocked, id=8808, stack(0x000000d1db800000,0x000000d1db900000) (1024K)]
=>0x000002724e9ea3a0 JavaThread "Service Thread"             daemon [_thread_in_vm, id=13784, stack(0x000000d1db900000,0x000000d1dba00000) (1024K)]
  0x000002724e9ed5a0 JavaThread "Monitor Deflation Thread"   daemon [_thread_blocked, id=11868, stack(0x000000d1dba00000,0x000000d1dbb00000) (1024K)]
  0x000002724ea13480 JavaThread "C2 CompilerThread0"         daemon [_thread_blocked, id=1776, stack(0x000000d1dbb00000,0x000000d1dbc00000) (1024K)]
  0x000002724ea166c0 JavaThread "C1 CompilerThread0"         daemon [_thread_blocked, id=5608, stack(0x000000d1dbc00000,0x000000d1dbd00000) (1024K)]
  0x000002724eb37550 JavaThread "Common-Cleaner"             daemon [_thread_blocked, id=14696, stack(0x000000d1dbd00000,0x000000d1dbe00000) (1024K)]
  0x000002724ecf0750 JavaThread "Notification Thread"        daemon [_thread_blocked, id=13232, stack(0x000000d1dbe00000,0x000000d1dbf00000) (1024K)]
  0x00000272548c9a50 JavaThread "Daemon health stats"               [_thread_blocked, id=9784, stack(0x000000d1dc300000,0x000000d1dc400000) (1024K)]
  0x0000027254979bd0 JavaThread "Incoming local TCP Connector on port 56270"        [_thread_in_native, id=15008, stack(0x000000d1dc200000,0x000000d1dc300000) (1024K)]
  0x0000027253951d80 JavaThread "Daemon periodic checks"            [_thread_blocked, id=12752, stack(0x000000d1dc400000,0x000000d1dc500000) (1024K)]
  0x00000272548c92e0 JavaThread "Daemon"                            [_thread_blocked, id=7488, stack(0x000000d1dc500000,0x000000d1dc600000) (1024K)]
  0x000002725498fbb0 JavaThread "Handler for socket connection from /127.0.0.1:56270 to /127.0.0.1:56271"        [_thread_in_native, id=4932, stack(0x000000d1dc600000,0x000000d1dc700000) (1024K)]
  0x000002725499e0d0 JavaThread "Cancel handler"                    [_thread_blocked, id=13180, stack(0x000000d1dc700000,0x000000d1dc800000) (1024K)]
  0x00000272549bb080 JavaThread "Daemon worker"                     [_thread_blocked, id=10996, stack(0x000000d1dc800000,0x000000d1dc900000) (1024K)]
  0x0000027254a45000 JavaThread "Asynchronous log dispatcher for DefaultDaemonConnection: socket connection from /127.0.0.1:56270 to /127.0.0.1:56271"        [_thread_blocked, id=2004, stack(0x000000d1dc900000,0x000000d1dca00000) (1024K)]
  0x0000027254a6ebc0 JavaThread "Stdin handler"                     [_thread_blocked, id=10652, stack(0x000000d1dca00000,0x000000d1dcb00000) (1024K)]
  0x0000027254a72040 JavaThread "Daemon client event forwarder"        [_thread_blocked, id=12048, stack(0x000000d1dcb00000,0x000000d1dcc00000) (1024K)]
  0x0000027254a6f8e0 JavaThread "Cache worker for journal cache (C:\Users\Lena\.gradle\caches\journal-1)"        [_thread_blocked, id=11936, stack(0x000000d1dcc00000,0x000000d1dcd00000) (1024K)]
  0x0000027254a6f250 JavaThread "File lock request listener"        [_thread_in_native, id=14952, stack(0x000000d1dcd00000,0x000000d1dce00000) (1024K)]
  0x0000027254a6ff70 JavaThread "Cache worker for file hash cache (C:\Users\Lena\.gradle\caches\8.11.1\fileHashes)"        [_thread_blocked, id=11812, stack(0x000000d1dce00000,0x000000d1dcf00000) (1024K)]
  0x0000027254a70600 JavaThread "Cache worker for file content cache (C:\Users\Lena\.gradle\caches\8.11.1\fileContent)"        [_thread_blocked, id=8452, stack(0x000000d1dd000000,0x000000d1dd100000) (1024K)]
  0x0000027254a70c90 JavaThread "Cache worker for file hash cache (C:\Users\Lena\AndroidStudioProjects\PlaylistMaker\.gradle\8.11.1\fileHashes)"        [_thread_blocked, id=14804, stack(0x000000d1dd100000,0x000000d1dd200000) (1024K)]
  0x0000027254a71320 JavaThread "Cache worker for Build Output Cleanup Cache (C:\Users\Lena\AndroidStudioProjects\PlaylistMaker\.gradle\buildOutputCleanup)"        [_thread_blocked, id=16124, stack(0x000000d1dd200000,0x000000d1dd300000) (1024K)]
  0x0000027254a719b0 JavaThread "File watcher server"        daemon [_thread_blocked, id=6976, stack(0x000000d1dd300000,0x000000d1dd400000) (1024K)]
  0x00000272554cd510 JavaThread "File watcher consumer"      daemon [_thread_blocked, id=13524, stack(0x000000d1dd400000,0x000000d1dd500000) (1024K)]
  0x00000272554cadb0 JavaThread "Cache worker for checksums cache (C:\Users\Lena\AndroidStudioProjects\PlaylistMaker\.gradle\8.11.1\checksums)"        [_thread_blocked, id=12356, stack(0x000000d1dd500000,0x000000d1dd600000) (1024K)]
  0x00000272554cb440 JavaThread "Cache worker for cache directory md-rule (C:\Users\Lena\.gradle\caches\8.11.1\md-rule)"        [_thread_blocked, id=3052, stack(0x000000d1dcf00000,0x000000d1dd000000) (1024K)]
  0x00000272554ca720 JavaThread "Cache worker for cache directory md-supplier (C:\Users\Lena\.gradle\caches\8.11.1\md-supplier)"        [_thread_blocked, id=9116, stack(0x000000d1dd600000,0x000000d1dd700000) (1024K)]
  0x00000272554cbad0 JavaThread "Kotlin DSL Writer"                 [_thread_blocked, id=6804, stack(0x000000d1dd800000,0x000000d1dd900000) (1024K)]
  0x0000027259d2fb70 JavaThread "Unconstrained build operations"        [_thread_blocked, id=6968, stack(0x000000d1dd700000,0x000000d1dd800000) (1024K)]
  0x0000027259d33680 JavaThread "Unconstrained build operations Thread 2"        [_thread_blocked, id=13980, stack(0x000000d1dda00000,0x000000d1ddb00000) (1024K)]
  0x0000027259d31c40 JavaThread "Unconstrained build operations Thread 3"        [_thread_blocked, id=12584, stack(0x000000d1ddb00000,0x000000d1ddc00000) (1024K)]
  0x0000027259d2e7c0 JavaThread "Unconstrained build operations Thread 4"        [_thread_blocked, id=13760, stack(0x000000d1ddd00000,0x000000d1dde00000) (1024K)]
  0x0000027259d32960 JavaThread "Unconstrained build operations Thread 5"        [_thread_blocked, id=13904, stack(0x000000d1dde00000,0x000000d1ddf00000) (1024K)]
  0x0000027259d30200 JavaThread "Unconstrained build operations Thread 6"        [_thread_blocked, id=5204, stack(0x000000d1ddf00000,0x000000d1de000000) (1024K)]
  0x0000027259d32ff0 JavaThread "Unconstrained build operations Thread 7"        [_thread_blocked, id=14984, stack(0x000000d1ddc00000,0x000000d1ddd00000) (1024K)]
  0x0000027259d2d410 JavaThread "Unconstrained build operations Thread 8"        [_thread_blocked, id=8932, stack(0x000000d1de000000,0x000000d1de100000) (1024K)]
  0x0000027259d2daa0 JavaThread "Unconstrained build operations Thread 9"        [_thread_blocked, id=15984, stack(0x000000d1de100000,0x000000d1de200000) (1024K)]
  0x000002726188c690 JavaThread "build event listener"              [_thread_blocked, id=6172, stack(0x000000d1daa00000,0x000000d1dab00000) (1024K)]
  0x0000027261889210 JavaThread "Memory manager"                    [_thread_blocked, id=9544, stack(0x000000d1dab00000,0x000000d1dac00000) (1024K)]
  0x000002726188da40 JavaThread "build event listener"              [_thread_blocked, id=15992, stack(0x000000d1de400000,0x000000d1de500000) (1024K)]
  0x00000272618898a0 JavaThread "Problems report writer"            [_thread_blocked, id=10020, stack(0x000000d1dac00000,0x000000d1dad00000) (1024K)]
  0x00000272630bcaa0 JavaThread "included builds"                   [_thread_blocked, id=1540, stack(0x000000d1de700000,0x000000d1de800000) (1024K)]
  0x00000272630be4e0 JavaThread "Execution worker"                  [_thread_blocked, id=1596, stack(0x000000d1de800000,0x000000d1de900000) (1024K)]
  0x00000272630b8f90 JavaThread "Execution worker Thread 2"         [_thread_blocked, id=7888, stack(0x000000d1de900000,0x000000d1dea00000) (1024K)]
  0x00000272630bde50 JavaThread "Execution worker Thread 3"         [_thread_blocked, id=12756, stack(0x000000d1dea00000,0x000000d1deb00000) (1024K)]
  0x00000272630b9620 JavaThread "Cache worker for execution history cache (C:\Users\Lena\AndroidStudioProjects\PlaylistMaker\.gradle\8.11.1\executionHistory)"        [_thread_blocked, id=11704, stack(0x000000d1deb00000,0x000000d1dec00000) (1024K)]
  0x00000272630bd130 JavaThread "Unconstrained build operations Thread 10"        [_thread_blocked, id=13092, stack(0x000000d1dec00000,0x000000d1ded00000) (1024K)]
  0x00000272630bd7c0 JavaThread "Unconstrained build operations Thread 11"        [_thread_blocked, id=11216, stack(0x000000d1ded00000,0x000000d1dee00000) (1024K)]
  0x00000272630b9cb0 JavaThread "Unconstrained build operations Thread 12"        [_thread_blocked, id=14776, stack(0x000000d1dee00000,0x000000d1def00000) (1024K)]
  0x00000272554cc160 JavaThread "WorkerExecutor Queue"              [_thread_blocked, id=15760, stack(0x000000d1de500000,0x000000d1de600000) (1024K)]
  0x00000272587c7e90 JavaThread "Unconstrained build operations Thread 13"        [_thread_blocked, id=12224, stack(0x000000d1de600000,0x000000d1de700000) (1024K)]
  0x0000027268ae0e20 JavaThread "Unconstrained build operations Thread 14"        [_thread_blocked, id=7400, stack(0x000000d1def00000,0x000000d1df000000) (1024K)]
  0x0000027268adf3e0 JavaThread "Unconstrained build operations Thread 15"        [_thread_blocked, id=856, stack(0x000000d1df000000,0x000000d1df100000) (1024K)]
  0x00000272629c4a90 JavaThread "WorkerExecutor Queue Thread 2"        [_thread_blocked, id=16008, stack(0x000000d1df200000,0x000000d1df300000) (1024K)]
  0x00000272629c3d70 JavaThread "WorkerExecutor Queue Thread 3"        [_thread_blocked, id=13748, stack(0x000000d1df300000,0x000000d1df400000) (1024K)]
  0x00000272629c6b60 JavaThread "WorkerExecutor Queue Thread 4"        [_thread_blocked, id=15820, stack(0x000000d1df400000,0x000000d1df500000) (1024K)]
  0x00000272629c5e40 JavaThread "Unconstrained build operations Thread 16"        [_thread_blocked, id=14396, stack(0x000000d1df100000,0x000000d1df200000) (1024K)]
  0x00000272629c1610 JavaThread "Unconstrained build operations Thread 17"        [_thread_blocked, id=12456, stack(0x000000d1df500000,0x000000d1df600000) (1024K)]
  0x00000272629c0f80 JavaThread "Unconstrained build operations Thread 18"        [_thread_blocked, id=14520, stack(0x000000d1df600000,0x000000d1df700000) (1024K)]
  0x00000272629c36e0 JavaThread "Unconstrained build operations Thread 19"        [_thread_blocked, id=13672, stack(0x000000d1df800000,0x000000d1df900000) (1024K)]
  0x00000272688a4d30 JavaThread "Unconstrained build operations Thread 20"        [_thread_blocked, id=8928, stack(0x000000d1df900000,0x000000d1dfa00000) (1024K)]
  0x00000272688a7b20 JavaThread "Unconstrained build operations Thread 21"        [_thread_blocked, id=8640, stack(0x000000d1dfa00000,0x000000d1dfb00000) (1024K)]
  0x00000272688a6e00 JavaThread "Unconstrained build operations Thread 22"        [_thread_blocked, id=15432, stack(0x000000d1dfb00000,0x000000d1dfc00000) (1024K)]
  0x00000272688a53c0 JavaThread "Unconstrained build operations Thread 23"        [_thread_blocked, id=8264, stack(0x000000d1dfc00000,0x000000d1dfd00000) (1024K)]
  0x00000272688a7490 JavaThread "Unconstrained build operations Thread 24"        [_thread_blocked, id=5180, stack(0x000000d1dfd00000,0x000000d1dfe00000) (1024K)]
  0x00000272688a81b0 JavaThread "Unconstrained build operations Thread 25"        [_thread_blocked, id=13520, stack(0x000000d1df700000,0x000000d1df800000) (1024K)]
  0x00000272688a8840 JavaThread "Unconstrained build operations Thread 26"        [_thread_blocked, id=11884, stack(0x000000d1dfe00000,0x000000d1dff00000) (1024K)]
  0x00000272688a46a0 JavaThread "Unconstrained build operations Thread 27"        [_thread_blocked, id=10316, stack(0x000000d1dff00000,0x000000d1e0000000) (1024K)]
  0x00000272688a9bf0 JavaThread "Unconstrained build operations Thread 28"        [_thread_blocked, id=12884, stack(0x000000d1e0000000,0x000000d1e0100000) (1024K)]
  0x00000272688aa280 JavaThread "Unconstrained build operations Thread 29"        [_thread_blocked, id=8460, stack(0x000000d1e0100000,0x000000d1e0200000) (1024K)]
  0x00000272688abcc0 JavaThread "Unconstrained build operations Thread 30"        [_thread_blocked, id=8920, stack(0x000000d1e0200000,0x000000d1e0300000) (1024K)]
  0x00000272688aa910 JavaThread "Unconstrained build operations Thread 31"        [_thread_blocked, id=14568, stack(0x000000d1e0300000,0x000000d1e0400000) (1024K)]
  0x0000027259afcc00 JavaThread "pool-3-thread-1"                   [_thread_blocked, id=7164, stack(0x000000d1e0400000,0x000000d1e0500000) (1024K)]
  0x0000027268cdabe0 JavaThread "stderr"                            [_thread_in_native, id=9588, stack(0x000000d1e0500000,0x000000d1e0600000) (1024K)]
  0x0000027268cd5000 JavaThread "stdout"                            [_thread_in_native, id=4396, stack(0x000000d1e0600000,0x000000d1e0700000) (1024K)]
  0x0000027268cd91a0 JavaThread "stderr"                            [_thread_in_native, id=8056, stack(0x000000d1e0700000,0x000000d1e0800000) (1024K)]
  0x0000027268cd6a40 JavaThread "stdout"                            [_thread_in_native, id=12724, stack(0x000000d1e0800000,0x000000d1e0900000) (1024K)]
  0x0000027268cd8b10 JavaThread "Unconstrained build operations Thread 32"        [_thread_blocked, id=5728, stack(0x000000d1e0900000,0x000000d1e0a00000) (1024K)]
  0x0000027268cd70d0 JavaThread "Unconstrained build operations Thread 33"        [_thread_blocked, id=15192, stack(0x000000d1e0a00000,0x000000d1e0b00000) (1024K)]
  0x0000027268cd7760 JavaThread "Unconstrained build operations Thread 34"        [_thread_blocked, id=15400, stack(0x000000d1e0b00000,0x000000d1e0c00000) (1024K)]
  0x0000027268cd5690 JavaThread "Unconstrained build operations Thread 35"        [_thread_blocked, id=16188, stack(0x000000d1e0c00000,0x000000d1e0d00000) (1024K)]
  0x0000027268cdb270 JavaThread "Unconstrained build operations Thread 36"        [_thread_blocked, id=4496, stack(0x000000d1e0d00000,0x000000d1e0e00000) (1024K)]
  0x0000027268cd7df0 JavaThread "Unconstrained build operations Thread 37"        [_thread_blocked, id=3396, stack(0x000000d1e0e00000,0x000000d1e0f00000) (1024K)]
  0x0000027263065a00 JavaThread "Unconstrained build operations Thread 38"        [_thread_blocked, id=12368, stack(0x000000d1dd900000,0x000000d1dda00000) (1024K)]
  0x00000272630604b0 JavaThread "Unconstrained build operations Thread 39"        [_thread_blocked, id=11980, stack(0x000000d1e0f00000,0x000000d1e1000000) (1024K)]
  0x0000027263064650 JavaThread "Unconstrained build operations Thread 40"        [_thread_blocked, id=10340, stack(0x000000d1e1000000,0x000000d1e1100000) (1024K)]
  0x00000272638dd6d0 JavaThread "C2 CompilerThread1"         daemon [_thread_blocked, id=11352, stack(0x000000d1e1100000,0x000000d1e1200000) (1024K)]
Total: 92

Other Threads:
  0x000002724e99ba40 VMThread "VM Thread"                           [id=8712, stack(0x000000d1db400000,0x000000d1db500000) (1024K)] _threads_hazard_ptr=0x0000027263fde480
  0x000002724e7db7f0 WatcherThread "VM Periodic Task Thread"        [id=9900, stack(0x000000d1db300000,0x000000d1db400000) (1024K)]
  0x00000272379c7750 WorkerThread "GC Thread#0"                     [id=15792, stack(0x000000d1dae00000,0x000000d1daf00000) (1024K)]
  0x0000027253180ff0 WorkerThread "GC Thread#1"                     [id=14728, stack(0x000000d1dbf00000,0x000000d1dc000000) (1024K)]
  0x0000027253181390 WorkerThread "GC Thread#2"                     [id=14940, stack(0x000000d1dc000000,0x000000d1dc100000) (1024K)]
  0x0000027253181730 WorkerThread "GC Thread#3"                     [id=13984, stack(0x000000d1dc100000,0x000000d1dc200000) (1024K)]
  0x00000272379d8640 ConcurrentGCThread "G1 Main Marker"            [id=9548, stack(0x000000d1daf00000,0x000000d1db000000) (1024K)]
  0x00000272379d9050 WorkerThread "G1 Conc#0"                       [id=5296, stack(0x000000d1db000000,0x000000d1db100000) (1024K)]
  0x0000027237a3e7d0 ConcurrentGCThread "G1 Refine#0"               [id=9484, stack(0x000000d1db100000,0x000000d1db200000) (1024K)]
  0x000002724e6ada30 ConcurrentGCThread "G1 Service"                [id=16072, stack(0x000000d1db200000,0x000000d1db300000) (1024K)]
Total: 10

Threads with active compile tasks:
Total: 0

VM state: synchronizing (normal execution)

VM Mutex/Monitor currently owned by a thread:  ([mutex/lock_event])
[0x00007fff6585e3a0] Threads_lock - owner thread: 0x000002724e99ba40
[0x00007fff6585e4a0] Heap_lock - owner thread: 0x00000272630bde50

Heap address: 0x0000000080000000, size: 2048 MB, Compressed Oops mode: 32-bit

CDS archive(s) not mapped
Compressed class space mapped at: 0x0000000100000000-0x0000000140000000, reserved size: 1073741824
Narrow klass base: 0x0000000000000000, Narrow klass shift: 3, Narrow klass range: 0x140000000

GC Precious Log:
 CardTable entry size: 512
 Card Set container configuration: InlinePtr #cards 5 size 8 Array Of Cards #cards 12 size 40 Howl #buckets 4 coarsen threshold 1843 Howl Bitmap #cards 512 size 80 coarsen threshold 460 Card regions per heap region 1 cards per card region 2048
 CPUs: 4 total, 4 available
 Memory: 16279M
 Large Page Support: Disabled
 NUMA Support: Disabled
 Compressed Oops: Enabled (32-bit)
 Heap Region Size: 1M
 Heap Min Capacity: 8M
 Heap Initial Capacity: 256M
 Heap Max Capacity: 2G
 Pre-touch: Disabled
 Parallel Workers: 4
 Concurrent Workers: 1
 Concurrent Refinement Workers: 4
 Periodic GC: Disabled

Heap:
 garbage-first heap   total 372736K, used 341553K [0x0000000080000000, 0x0000000100000000)
  region size 1024K, 166 young (169984K), 10 survivors (10240K)
 Metaspace       used 209579K, committed 212352K, reserved 1245184K
  class space    used 26498K, committed 27904K, reserved 1048576K

Heap Regions: E=young(eden), S=young(survivor), O=old, HS=humongous(starts), HC=humongous(continues), CS=collection set, F=free, TAMS=top-at-mark-start, PB=parsable bottom
|   0|0x0000000080000000, 0x0000000080100000, 0x0000000080100000|100%|HS|  |TAMS 0x0000000080000000| PB 0x0000000080000000| Complete 
|   1|0x0000000080100000, 0x0000000080200000, 0x0000000080200000|100%|HC|  |TAMS 0x0000000080100000| PB 0x0000000080100000| Complete 
|   2|0x0000000080200000, 0x0000000080300000, 0x0000000080300000|100%|HC|  |TAMS 0x0000000080200000| PB 0x0000000080200000| Complete 
|   3|0x0000000080300000, 0x0000000080400000, 0x0000000080400000|100%| O|  |TAMS 0x0000000080300000| PB 0x0000000080300000| Untracked 
|   4|0x0000000080400000, 0x0000000080500000, 0x0000000080500000|100%| O|  |TAMS 0x0000000080400000| PB 0x0000000080400000| Untracked 
|   5|0x0000000080500000, 0x0000000080600000, 0x0000000080600000|100%| O|  |TAMS 0x0000000080500000| PB 0x0000000080500000| Untracked 
|   6|0x0000000080600000, 0x0000000080700000, 0x0000000080700000|100%|HS|  |TAMS 0x0000000080600000| PB 0x0000000080600000| Complete 
|   7|0x0000000080700000, 0x0000000080800000, 0x0000000080800000|100%| O|  |TAMS 0x0000000080700000| PB 0x0000000080700000| Untracked 
|   8|0x0000000080800000, 0x0000000080900000, 0x0000000080900000|100%| O|  |TAMS 0x0000000080800000| PB 0x0000000080800000| Untracked 
|   9|0x0000000080900000, 0x0000000080a00000, 0x0000000080a00000|100%| O|  |TAMS 0x0000000080900000| PB 0x0000000080900000| Untracked 
|  10|0x0000000080a00000, 0x0000000080b00000, 0x0000000080b00000|100%| O|  |TAMS 0x0000000080a00000| PB 0x0000000080a00000| Untracked 
|  11|0x0000000080b00000, 0x0000000080c00000, 0x0000000080c00000|100%| O|  |TAMS 0x0000000080b00000| PB 0x0000000080b00000| Untracked 
|  12|0x0000000080c00000, 0x0000000080d00000, 0x0000000080d00000|100%| O|  |TAMS 0x0000000080c00000| PB 0x0000000080c00000| Untracked 
|  13|0x0000000080d00000, 0x0000000080e00000, 0x0000000080e00000|100%| O|  |TAMS 0x0000000080d00000| PB 0x0000000080d00000| Untracked 
|  14|0x0000000080e00000, 0x0000000080f00000, 0x0000000080f00000|100%| O|  |TAMS 0x0000000080e00000| PB 0x0000000080e00000| Untracked 
|  15|0x0000000080f00000, 0x0000000081000000, 0x0000000081000000|100%| O|  |TAMS 0x0000000080f00000| PB 0x0000000080f00000| Untracked 
|  16|0x0000000081000000, 0x0000000081100000, 0x0000000081100000|100%| O|  |TAMS 0x0000000081000000| PB 0x0000000081000000| Untracked 
|  17|0x0000000081100000, 0x0000000081200000, 0x0000000081200000|100%| O|  |TAMS 0x0000000081100000| PB 0x0000000081100000| Untracked 
|  18|0x0000000081200000, 0x0000000081300000, 0x0000000081300000|100%| O|  |TAMS 0x0000000081200000| PB 0x0000000081200000| Untracked 
|  19|0x0000000081300000, 0x0000000081400000, 0x0000000081400000|100%| O|  |TAMS 0x0000000081300000| PB 0x0000000081300000| Untracked 
|  20|0x0000000081400000, 0x0000000081500000, 0x0000000081500000|100%| O|  |TAMS 0x0000000081400000| PB 0x0000000081400000| Untracked 
|  21|0x0000000081500000, 0x0000000081600000, 0x0000000081600000|100%| O|  |TAMS 0x0000000081500000| PB 0x0000000081500000| Untracked 
|  22|0x0000000081600000, 0x0000000081700000, 0x0000000081700000|100%| O|  |TAMS 0x0000000081600000| PB 0x0000000081600000| Untracked 
|  23|0x0000000081700000, 0x0000000081800000, 0x0000000081800000|100%| O|  |TAMS 0x0000000081700000| PB 0x0000000081700000| Untracked 
|  24|0x0000000081800000, 0x0000000081900000, 0x0000000081900000|100%| O|  |TAMS 0x0000000081800000| PB 0x0000000081800000| Untracked 
|  25|0x0000000081900000, 0x0000000081a00000, 0x0000000081a00000|100%| O|  |TAMS 0x0000000081900000| PB 0x0000000081900000| Untracked 
|  26|0x0000000081a00000, 0x0000000081b00000, 0x0000000081b00000|100%| O|  |TAMS 0x0000000081a00000| PB 0x0000000081a00000| Untracked 
|  27|0x0000000081b00000, 0x0000000081c00000, 0x0000000081c00000|100%| O|  |TAMS 0x0000000081b00000| PB 0x0000000081b00000| Untracked 
|  28|0x0000000081c00000, 0x0000000081d00000, 0x0000000081d00000|100%| O|  |TAMS 0x0000000081c00000| PB 0x0000000081c00000| Untracked 
|  29|0x0000000081d00000, 0x0000000081e00000, 0x0000000081e00000|100%| O|  |TAMS 0x0000000081d00000| PB 0x0000000081d00000| Untracked 
|  30|0x0000000081e00000, 0x0000000081f00000, 0x0000000081f00000|100%| O|  |TAMS 0x0000000081e00000| PB 0x0000000081e00000| Untracked 
|  31|0x0000000081f00000, 0x0000000082000000, 0x0000000082000000|100%| O|  |TAMS 0x0000000081f00000| PB 0x0000000081f00000| Untracked 
|  32|0x0000000082000000, 0x0000000082100000, 0x0000000082100000|100%| O|  |TAMS 0x0000000082000000| PB 0x0000000082000000| Untracked 
|  33|0x0000000082100000, 0x0000000082200000, 0x0000000082200000|100%| O|  |TAMS 0x0000000082100000| PB 0x0000000082100000| Untracked 
|  34|0x0000000082200000, 0x0000000082300000, 0x0000000082300000|100%| O|  |TAMS 0x0000000082200000| PB 0x0000000082200000| Untracked 
|  35|0x0000000082300000, 0x0000000082400000, 0x0000000082400000|100%| O|  |TAMS 0x0000000082300000| PB 0x0000000082300000| Untracked 
|  36|0x0000000082400000, 0x0000000082500000, 0x0000000082500000|100%| O|  |TAMS 0x0000000082400000| PB 0x0000000082400000| Untracked 
|  37|0x0000000082500000, 0x0000000082600000, 0x0000000082600000|100%| O|  |TAMS 0x0000000082500000| PB 0x0000000082500000| Untracked 
|  38|0x0000000082600000, 0x0000000082700000, 0x0000000082700000|100%| O|  |TAMS 0x0000000082600000| PB 0x0000000082600000| Untracked 
|  39|0x0000000082700000, 0x0000000082800000, 0x0000000082800000|100%| O|  |TAMS 0x0000000082700000| PB 0x0000000082700000| Untracked 
|  40|0x0000000082800000, 0x0000000082900000, 0x0000000082900000|100%| O|  |TAMS 0x0000000082800000| PB 0x0000000082800000| Untracked 
|  41|0x0000000082900000, 0x0000000082a00000, 0x0000000082a00000|100%| O|  |TAMS 0x0000000082900000| PB 0x0000000082900000| Untracked 
|  42|0x0000000082a00000, 0x0000000082b00000, 0x0000000082b00000|100%| O|  |TAMS 0x0000000082a00000| PB 0x0000000082a00000| Untracked 
|  43|0x0000000082b00000, 0x0000000082c00000, 0x0000000082c00000|100%| O|  |TAMS 0x0000000082b00000| PB 0x0000000082b00000| Untracked 
|  44|0x0000000082c00000, 0x0000000082d00000, 0x0000000082d00000|100%| O|  |TAMS 0x0000000082c00000| PB 0x0000000082c00000| Untracked 
|  45|0x0000000082d00000, 0x0000000082e00000, 0x0000000082e00000|100%| O|  |TAMS 0x0000000082d00000| PB 0x0000000082d00000| Untracked 
|  46|0x0000000082e00000, 0x0000000082f00000, 0x0000000082f00000|100%| O|  |TAMS 0x0000000082e00000| PB 0x0000000082e00000| Untracked 
|  47|0x0000000082f00000, 0x0000000083000000, 0x0000000083000000|100%| O|  |TAMS 0x0000000082f00000| PB 0x0000000082f00000| Untracked 
|  48|0x0000000083000000, 0x0000000083100000, 0x0000000083100000|100%| O|  |TAMS 0x0000000083000000| PB 0x0000000083000000| Untracked 
|  49|0x0000000083100000, 0x0000000083200000, 0x0000000083200000|100%| O|  |TAMS 0x0000000083100000| PB 0x0000000083100000| Untracked 
|  50|0x0000000083200000, 0x000000008328c6f0, 0x0000000083300000| 54%| O|  |TAMS 0x0000000083200000| PB 0x0000000083200000| Untracked 
|  51|0x0000000083300000, 0x0000000083400000, 0x0000000083400000|100%| O|  |TAMS 0x0000000083300000| PB 0x0000000083300000| Untracked 
|  52|0x0000000083400000, 0x0000000083500000, 0x0000000083500000|100%| O|  |TAMS 0x0000000083400000| PB 0x0000000083400000| Untracked 
|  53|0x0000000083500000, 0x0000000083600000, 0x0000000083600000|100%| O|  |TAMS 0x0000000083500000| PB 0x0000000083500000| Untracked 
|  54|0x0000000083600000, 0x0000000083700000, 0x0000000083700000|100%| O|  |TAMS 0x0000000083600000| PB 0x0000000083600000| Untracked 
|  55|0x0000000083700000, 0x0000000083800000, 0x0000000083800000|100%| O|  |TAMS 0x0000000083700000| PB 0x0000000083700000| Untracked 
|  56|0x0000000083800000, 0x0000000083900000, 0x0000000083900000|100%| O|  |TAMS 0x0000000083800000| PB 0x0000000083800000| Untracked 
|  57|0x0000000083900000, 0x0000000083a00000, 0x0000000083a00000|100%| O|  |TAMS 0x0000000083900000| PB 0x0000000083900000| Untracked 
|  58|0x0000000083a00000, 0x0000000083b00000, 0x0000000083b00000|100%| O|  |TAMS 0x0000000083a00000| PB 0x0000000083a00000| Untracked 
|  59|0x0000000083b00000, 0x0000000083c00000, 0x0000000083c00000|100%| O|  |TAMS 0x0000000083b00000| PB 0x0000000083b00000| Untracked 
|  60|0x0000000083c00000, 0x0000000083d00000, 0x0000000083d00000|100%| O|  |TAMS 0x0000000083c00000| PB 0x0000000083c00000| Untracked 
|  61|0x0000000083d00000, 0x0000000083d00000, 0x0000000083e00000|  0%| F|  |TAMS 0x0000000083d00000| PB 0x0000000083d00000| Untracked 
|  62|0x0000000083e00000, 0x0000000083f00000, 0x0000000083f00000|100%| O|  |TAMS 0x0000000083e00000| PB 0x0000000083e00000| Untracked 
|  63|0x0000000083f00000, 0x0000000084000000, 0x0000000084000000|100%| O|  |TAMS 0x0000000083f00000| PB 0x0000000083f00000| Untracked 
|  64|0x0000000084000000, 0x0000000084100000, 0x0000000084100000|100%| O|  |TAMS 0x0000000084000000| PB 0x0000000084000000| Untracked 
|  65|0x0000000084100000, 0x0000000084200000, 0x0000000084200000|100%| O|  |TAMS 0x0000000084100000| PB 0x0000000084100000| Untracked 
|  66|0x0000000084200000, 0x0000000084300000, 0x0000000084300000|100%| O|  |TAMS 0x0000000084200000| PB 0x0000000084200000| Untracked 
|  67|0x0000000084300000, 0x0000000084400000, 0x0000000084400000|100%| O|  |TAMS 0x0000000084300000| PB 0x0000000084300000| Untracked 
|  68|0x0000000084400000, 0x0000000084500000, 0x0000000084500000|100%| O|  |TAMS 0x0000000084400000| PB 0x0000000084400000| Untracked 
|  69|0x0000000084500000, 0x0000000084600000, 0x0000000084600000|100%| O|  |TAMS 0x0000000084500000| PB 0x0000000084500000| Untracked 
|  70|0x0000000084600000, 0x0000000084700000, 0x0000000084700000|100%| O|  |TAMS 0x0000000084600000| PB 0x0000000084600000| Untracked 
|  71|0x0000000084700000, 0x0000000084800000, 0x0000000084800000|100%| O|  |TAMS 0x0000000084700000| PB 0x0000000084700000| Untracked 
|  72|0x0000000084800000, 0x0000000084900000, 0x0000000084900000|100%| O|  |TAMS 0x0000000084800000| PB 0x0000000084800000| Untracked 
|  73|0x0000000084900000, 0x0000000084a00000, 0x0000000084a00000|100%| O|  |TAMS 0x0000000084900000| PB 0x0000000084900000| Untracked 
|  74|0x0000000084a00000, 0x0000000084b00000, 0x0000000084b00000|100%| O|  |TAMS 0x0000000084a00000| PB 0x0000000084a00000| Untracked 
|  75|0x0000000084b00000, 0x0000000084c00000, 0x0000000084c00000|100%| O|  |TAMS 0x0000000084b00000| PB 0x0000000084b00000| Untracked 
|  76|0x0000000084c00000, 0x0000000084d00000, 0x0000000084d00000|100%|HS|  |TAMS 0x0000000084c00000| PB 0x0000000084c00000| Complete 
|  77|0x0000000084d00000, 0x0000000084e00000, 0x0000000084e00000|100%| O|  |TAMS 0x0000000084d00000| PB 0x0000000084d00000| Untracked 
|  78|0x0000000084e00000, 0x0000000084f00000, 0x0000000084f00000|100%| O|  |TAMS 0x0000000084e00000| PB 0x0000000084e00000| Untracked 
|  79|0x0000000084f00000, 0x0000000084f00000, 0x0000000085000000|  0%| F|  |TAMS 0x0000000084f00000| PB 0x0000000084f00000| Untracked 
|  80|0x0000000085000000, 0x0000000085100000, 0x0000000085100000|100%| O|  |TAMS 0x0000000085000000| PB 0x0000000085000000| Untracked 
|  81|0x0000000085100000, 0x0000000085200000, 0x0000000085200000|100%| O|  |TAMS 0x0000000085100000| PB 0x0000000085100000| Untracked 
|  82|0x0000000085200000, 0x0000000085300000, 0x0000000085300000|100%| O|  |TAMS 0x0000000085200000| PB 0x0000000085200000| Untracked 
|  83|0x0000000085300000, 0x0000000085400000, 0x0000000085400000|100%| O|  |TAMS 0x0000000085300000| PB 0x0000000085300000| Untracked 
|  84|0x0000000085400000, 0x0000000085500000, 0x0000000085500000|100%| O|  |TAMS 0x0000000085400000| PB 0x0000000085400000| Untracked 
|  85|0x0000000085500000, 0x0000000085600000, 0x0000000085600000|100%| O|  |TAMS 0x0000000085500000| PB 0x0000000085500000| Untracked 
|  86|0x0000000085600000, 0x0000000085700000, 0x0000000085700000|100%| O|  |TAMS 0x0000000085600000| PB 0x0000000085600000| Untracked 
|  87|0x0000000085700000, 0x0000000085800000, 0x0000000085800000|100%| O|  |TAMS 0x0000000085700000| PB 0x0000000085700000| Untracked 
|  88|0x0000000085800000, 0x0000000085900000, 0x0000000085900000|100%|HS|  |TAMS 0x0000000085800000| PB 0x0000000085800000| Complete 
|  89|0x0000000085900000, 0x0000000085a00000, 0x0000000085a00000|100%|HS|  |TAMS 0x0000000085900000| PB 0x0000000085900000| Complete 
|  90|0x0000000085a00000, 0x0000000085b00000, 0x0000000085b00000|100%|HS|  |TAMS 0x0000000085a00000| PB 0x0000000085a00000| Complete 
|  91|0x0000000085b00000, 0x0000000085c00000, 0x0000000085c00000|100%|HS|  |TAMS 0x0000000085b00000| PB 0x0000000085b00000| Complete 
|  92|0x0000000085c00000, 0x0000000085d00000, 0x0000000085d00000|100%|HC|  |TAMS 0x0000000085c00000| PB 0x0000000085c00000| Complete 
|  93|0x0000000085d00000, 0x0000000085e00000, 0x0000000085e00000|100%| O|  |TAMS 0x0000000085d00000| PB 0x0000000085d00000| Untracked 
|  94|0x0000000085e00000, 0x0000000085f00000, 0x0000000085f00000|100%|HS|  |TAMS 0x0000000085e00000| PB 0x0000000085e00000| Complete 
|  95|0x0000000085f00000, 0x0000000086000000, 0x0000000086000000|100%|HC|  |TAMS 0x0000000085f00000| PB 0x0000000085f00000| Complete 
|  96|0x0000000086000000, 0x0000000086100000, 0x0000000086100000|100%|HC|  |TAMS 0x0000000086000000| PB 0x0000000086000000| Complete 
|  97|0x0000000086100000, 0x0000000086200000, 0x0000000086200000|100%|HC|  |TAMS 0x0000000086100000| PB 0x0000000086100000| Complete 
|  98|0x0000000086200000, 0x0000000086300000, 0x0000000086300000|100%|HS|  |TAMS 0x0000000086200000| PB 0x0000000086200000| Complete 
|  99|0x0000000086300000, 0x0000000086400000, 0x0000000086400000|100%| O|  |TAMS 0x0000000086300000| PB 0x0000000086300000| Untracked 
| 100|0x0000000086400000, 0x0000000086500000, 0x0000000086500000|100%| O|  |TAMS 0x0000000086400000| PB 0x0000000086400000| Untracked 
| 101|0x0000000086500000, 0x0000000086600000, 0x0000000086600000|100%| O|  |TAMS 0x0000000086500000| PB 0x0000000086500000| Untracked 
| 102|0x0000000086600000, 0x0000000086700000, 0x0000000086700000|100%| O|  |TAMS 0x0000000086600000| PB 0x0000000086600000| Untracked 
| 103|0x0000000086700000, 0x0000000086800000, 0x0000000086800000|100%| O|  |TAMS 0x0000000086700000| PB 0x0000000086700000| Untracked 
| 104|0x0000000086800000, 0x0000000086900000, 0x0000000086900000|100%|HS|  |TAMS 0x0000000086800000| PB 0x0000000086800000| Complete 
| 105|0x0000000086900000, 0x0000000086a00000, 0x0000000086a00000|100%|HC|  |TAMS 0x0000000086900000| PB 0x0000000086900000| Complete 
| 106|0x0000000086a00000, 0x0000000086b00000, 0x0000000086b00000|100%|HS|  |TAMS 0x0000000086a00000| PB 0x0000000086a00000| Complete 
| 107|0x0000000086b00000, 0x0000000086c00000, 0x0000000086c00000|100%| O|  |TAMS 0x0000000086b00000| PB 0x0000000086b00000| Untracked 
| 108|0x0000000086c00000, 0x0000000086d00000, 0x0000000086d00000|100%| O|  |TAMS 0x0000000086c00000| PB 0x0000000086c00000| Untracked 
| 109|0x0000000086d00000, 0x0000000086e00000, 0x0000000086e00000|100%| O|  |TAMS 0x0000000086d00000| PB 0x0000000086d00000| Untracked 
| 110|0x0000000086e00000, 0x0000000086f00000, 0x0000000086f00000|100%| O|  |TAMS 0x0000000086e00000| PB 0x0000000086e00000| Untracked 
| 111|0x0000000086f00000, 0x0000000087000000, 0x0000000087000000|100%| O|  |TAMS 0x0000000086f00000| PB 0x0000000086f00000| Untracked 
| 112|0x0000000087000000, 0x0000000087100000, 0x0000000087100000|100%| O|  |TAMS 0x0000000087000000| PB 0x0000000087000000| Untracked 
| 113|0x0000000087100000, 0x0000000087200000, 0x0000000087200000|100%| O|  |TAMS 0x0000000087100000| PB 0x0000000087100000| Untracked 
| 114|0x0000000087200000, 0x0000000087300000, 0x0000000087300000|100%| O|  |TAMS 0x0000000087200000| PB 0x0000000087200000| Untracked 
| 115|0x0000000087300000, 0x0000000087400000, 0x0000000087400000|100%|HS|  |TAMS 0x0000000087300000| PB 0x0000000087300000| Complete 
| 116|0x0000000087400000, 0x0000000087500000, 0x0000000087500000|100%|HC|  |TAMS 0x0000000087400000| PB 0x0000000087400000| Complete 
| 117|0x0000000087500000, 0x0000000087600000, 0x0000000087600000|100%|HC|  |TAMS 0x0000000087500000| PB 0x0000000087500000| Complete 
| 118|0x0000000087600000, 0x0000000087700000, 0x0000000087700000|100%|HC|  |TAMS 0x0000000087600000| PB 0x0000000087600000| Complete 
| 119|0x0000000087700000, 0x0000000087800000, 0x0000000087800000|100%|HS|  |TAMS 0x0000000087700000| PB 0x0000000087700000| Complete 
| 120|0x0000000087800000, 0x0000000087900000, 0x0000000087900000|100%| O|  |TAMS 0x0000000087800000| PB 0x0000000087800000| Untracked 
| 121|0x0000000087900000, 0x0000000087a00000, 0x0000000087a00000|100%| O|  |TAMS 0x0000000087900000| PB 0x0000000087900000| Untracked 
| 122|0x0000000087a00000, 0x0000000087b00000, 0x0000000087b00000|100%| O|  |TAMS 0x0000000087a00000| PB 0x0000000087a00000| Untracked 
| 123|0x0000000087b00000, 0x0000000087c00000, 0x0000000087c00000|100%| O|  |TAMS 0x0000000087b00000| PB 0x0000000087b00000| Untracked 
| 124|0x0000000087c00000, 0x0000000087c00000, 0x0000000087d00000|  0%| F|  |TAMS 0x0000000087c00000| PB 0x0000000087c00000| Untracked 
| 125|0x0000000087d00000, 0x0000000087e00000, 0x0000000087e00000|100%| O|  |TAMS 0x0000000087d00000| PB 0x0000000087d00000| Untracked 
| 126|0x0000000087e00000, 0x0000000087f00000, 0x0000000087f00000|100%| O|  |TAMS 0x0000000087e00000| PB 0x0000000087e00000| Untracked 
| 127|0x0000000087f00000, 0x0000000088000000, 0x0000000088000000|100%| O|  |TAMS 0x0000000087f00000| PB 0x0000000087f00000| Untracked 
| 128|0x0000000088000000, 0x0000000088100000, 0x0000000088100000|100%| O|  |TAMS 0x0000000088000000| PB 0x0000000088000000| Untracked 
| 129|0x0000000088100000, 0x0000000088200000, 0x0000000088200000|100%| O|  |TAMS 0x0000000088100000| PB 0x0000000088100000| Untracked 
| 130|0x0000000088200000, 0x0000000088300000, 0x0000000088300000|100%| O|  |TAMS 0x0000000088200000| PB 0x0000000088200000| Untracked 
| 131|0x0000000088300000, 0x0000000088400000, 0x0000000088400000|100%| O|  |TAMS 0x0000000088300000| PB 0x0000000088300000| Untracked 
| 132|0x0000000088400000, 0x0000000088500000, 0x0000000088500000|100%| O|  |TAMS 0x0000000088400000| PB 0x0000000088400000| Untracked 
| 133|0x0000000088500000, 0x0000000088600000, 0x0000000088600000|100%| O|  |TAMS 0x0000000088500000| PB 0x0000000088500000| Untracked 
| 134|0x0000000088600000, 0x0000000088600000, 0x0000000088700000|  0%| F|  |TAMS 0x0000000088600000| PB 0x0000000088600000| Untracked 
| 135|0x0000000088700000, 0x0000000088800000, 0x0000000088800000|100%| O|  |TAMS 0x0000000088700000| PB 0x0000000088700000| Untracked 
| 136|0x0000000088800000, 0x0000000088900000, 0x0000000088900000|100%| O|  |TAMS 0x0000000088800000| PB 0x0000000088800000| Untracked 
| 137|0x0000000088900000, 0x0000000088a00000, 0x0000000088a00000|100%| O|  |TAMS 0x0000000088900000| PB 0x0000000088900000| Untracked 
| 138|0x0000000088a00000, 0x0000000088b00000, 0x0000000088b00000|100%| O|  |TAMS 0x0000000088a00000| PB 0x0000000088a00000| Untracked 
| 139|0x0000000088b00000, 0x0000000088b00000, 0x0000000088c00000|  0%| F|  |TAMS 0x0000000088b00000| PB 0x0000000088b00000| Untracked 
| 140|0x0000000088c00000, 0x0000000088c00000, 0x0000000088d00000|  0%| F|  |TAMS 0x0000000088c00000| PB 0x0000000088c00000| Untracked 
| 141|0x0000000088d00000, 0x0000000088d00000, 0x0000000088e00000|  0%| F|  |TAMS 0x0000000088d00000| PB 0x0000000088d00000| Untracked 
| 142|0x0000000088e00000, 0x0000000088f00000, 0x0000000088f00000|100%| O|  |TAMS 0x0000000088e00000| PB 0x0000000088e00000| Untracked 
| 143|0x0000000088f00000, 0x0000000089000000, 0x0000000089000000|100%| O|  |TAMS 0x0000000088f00000| PB 0x0000000088f00000| Untracked 
| 144|0x0000000089000000, 0x0000000089000000, 0x0000000089100000|  0%| F|  |TAMS 0x0000000089000000| PB 0x0000000089000000| Untracked 
| 145|0x0000000089100000, 0x0000000089100000, 0x0000000089200000|  0%| F|  |TAMS 0x0000000089100000| PB 0x0000000089100000| Untracked 
| 146|0x0000000089200000, 0x0000000089300000, 0x0000000089300000|100%| O|  |TAMS 0x0000000089200000| PB 0x0000000089200000| Untracked 
| 147|0x0000000089300000, 0x0000000089400000, 0x0000000089400000|100%| O|  |TAMS 0x0000000089300000| PB 0x0000000089300000| Untracked 
| 148|0x0000000089400000, 0x0000000089400000, 0x0000000089500000|  0%| F|  |TAMS 0x0000000089400000| PB 0x0000000089400000| Untracked 
| 149|0x0000000089500000, 0x0000000089500000, 0x0000000089600000|  0%| F|  |TAMS 0x0000000089500000| PB 0x0000000089500000| Untracked 
| 150|0x0000000089600000, 0x0000000089700000, 0x0000000089700000|100%| O|  |TAMS 0x0000000089600000| PB 0x0000000089600000| Untracked 
| 151|0x0000000089700000, 0x0000000089700000, 0x0000000089800000|  0%| F|  |TAMS 0x0000000089700000| PB 0x0000000089700000| Untracked 
| 152|0x0000000089800000, 0x0000000089900000, 0x0000000089900000|100%| O|  |TAMS 0x0000000089800000| PB 0x0000000089800000| Untracked 
| 153|0x0000000089900000, 0x0000000089a00000, 0x0000000089a00000|100%| O|  |TAMS 0x0000000089900000| PB 0x0000000089900000| Untracked 
| 154|0x0000000089a00000, 0x0000000089a00000, 0x0000000089b00000|  0%| F|  |TAMS 0x0000000089a00000| PB 0x0000000089a00000| Untracked 
| 155|0x0000000089b00000, 0x0000000089b00000, 0x0000000089c00000|  0%| F|  |TAMS 0x0000000089b00000| PB 0x0000000089b00000| Untracked 
| 156|0x0000000089c00000, 0x0000000089c00000, 0x0000000089d00000|  0%| F|  |TAMS 0x0000000089c00000| PB 0x0000000089c00000| Untracked 
| 157|0x0000000089d00000, 0x0000000089d00000, 0x0000000089e00000|  0%| F|  |TAMS 0x0000000089d00000| PB 0x0000000089d00000| Untracked 
| 158|0x0000000089e00000, 0x0000000089f00000, 0x0000000089f00000|100%| O|  |TAMS 0x0000000089e00000| PB 0x0000000089e00000| Untracked 
| 159|0x0000000089f00000, 0x000000008a000000, 0x000000008a000000|100%| O|  |TAMS 0x0000000089f00000| PB 0x0000000089f00000| Untracked 
| 160|0x000000008a000000, 0x000000008a100000, 0x000000008a100000|100%| O|  |TAMS 0x000000008a000000| PB 0x000000008a000000| Untracked 
| 161|0x000000008a100000, 0x000000008a200000, 0x000000008a200000|100%| O|  |TAMS 0x000000008a100000| PB 0x000000008a100000| Untracked 
| 162|0x000000008a200000, 0x000000008a200000, 0x000000008a300000|  0%| F|  |TAMS 0x000000008a200000| PB 0x000000008a200000| Untracked 
| 163|0x000000008a300000, 0x000000008a300000, 0x000000008a400000|  0%| F|  |TAMS 0x000000008a300000| PB 0x000000008a300000| Untracked 
| 164|0x000000008a400000, 0x000000008a500000, 0x000000008a500000|100%| O|  |TAMS 0x000000008a400000| PB 0x000000008a400000| Untracked 
| 165|0x000000008a500000, 0x000000008a600000, 0x000000008a600000|100%| O|  |TAMS 0x000000008a500000| PB 0x000000008a500000| Untracked 
| 166|0x000000008a600000, 0x000000008a700000, 0x000000008a700000|100%| O|  |TAMS 0x000000008a600000| PB 0x000000008a600000| Untracked 
| 167|0x000000008a700000, 0x000000008a800000, 0x000000008a800000|100%| O|  |TAMS 0x000000008a700000| PB 0x000000008a700000| Untracked 
| 168|0x000000008a800000, 0x000000008a900000, 0x000000008a900000|100%| O|  |TAMS 0x000000008a800000| PB 0x000000008a800000| Untracked 
| 169|0x000000008a900000, 0x000000008a900000, 0x000000008aa00000|  0%| F|  |TAMS 0x000000008a900000| PB 0x000000008a900000| Untracked 
| 170|0x000000008aa00000, 0x000000008aa00000, 0x000000008ab00000|  0%| F|  |TAMS 0x000000008aa00000| PB 0x000000008aa00000| Untracked 
| 171|0x000000008ab00000, 0x000000008ab00000, 0x000000008ac00000|  0%| F|  |TAMS 0x000000008ab00000| PB 0x000000008ab00000| Untracked 
| 172|0x000000008ac00000, 0x000000008ac00000, 0x000000008ad00000|  0%| F|  |TAMS 0x000000008ac00000| PB 0x000000008ac00000| Untracked 
| 173|0x000000008ad00000, 0x000000008ad00000, 0x000000008ae00000|  0%| F|  |TAMS 0x000000008ad00000| PB 0x000000008ad00000| Untracked 
| 174|0x000000008ae00000, 0x000000008ae00000, 0x000000008af00000|  0%| F|  |TAMS 0x000000008ae00000| PB 0x000000008ae00000| Untracked 
| 175|0x000000008af00000, 0x000000008af00000, 0x000000008b000000|  0%| F|  |TAMS 0x000000008af00000| PB 0x000000008af00000| Untracked 
| 176|0x000000008b000000, 0x000000008b100000, 0x000000008b100000|100%| S|CS|TAMS 0x000000008b000000| PB 0x000000008b000000| Complete 
| 177|0x000000008b100000, 0x000000008b200000, 0x000000008b200000|100%| S|CS|TAMS 0x000000008b100000| PB 0x000000008b100000| Complete 
| 178|0x000000008b200000, 0x000000008b300000, 0x000000008b300000|100%| S|CS|TAMS 0x000000008b200000| PB 0x000000008b200000| Complete 
| 179|0x000000008b300000, 0x000000008b400000, 0x000000008b400000|100%| S|CS|TAMS 0x000000008b300000| PB 0x000000008b300000| Complete 
| 180|0x000000008b400000, 0x000000008b500000, 0x000000008b500000|100%| S|CS|TAMS 0x000000008b400000| PB 0x000000008b400000| Complete 
| 181|0x000000008b500000, 0x000000008b600000, 0x000000008b600000|100%| S|CS|TAMS 0x000000008b500000| PB 0x000000008b500000| Complete 
| 182|0x000000008b600000, 0x000000008b700000, 0x000000008b700000|100%| S|CS|TAMS 0x000000008b600000| PB 0x000000008b600000| Complete 
| 183|0x000000008b700000, 0x000000008b800000, 0x000000008b800000|100%| S|CS|TAMS 0x000000008b700000| PB 0x000000008b700000| Complete 
| 184|0x000000008b800000, 0x000000008b900000, 0x000000008b900000|100%| S|CS|TAMS 0x000000008b800000| PB 0x000000008b800000| Complete 
| 185|0x000000008b900000, 0x000000008ba00000, 0x000000008ba00000|100%| S|CS|TAMS 0x000000008b900000| PB 0x000000008b900000| Complete 
| 186|0x000000008ba00000, 0x000000008ba00000, 0x000000008bb00000|  0%| F|  |TAMS 0x000000008ba00000| PB 0x000000008ba00000| Untracked 
| 187|0x000000008bb00000, 0x000000008bb00000, 0x000000008bc00000|  0%| F|  |TAMS 0x000000008bb00000| PB 0x000000008bb00000| Untracked 
| 188|0x000000008bc00000, 0x000000008bc00000, 0x000000008bd00000|  0%| F|  |TAMS 0x000000008bc00000| PB 0x000000008bc00000| Untracked 
| 189|0x000000008bd00000, 0x000000008bd00000, 0x000000008be00000|  0%| F|  |TAMS 0x000000008bd00000| PB 0x000000008bd00000| Untracked 
| 190|0x000000008be00000, 0x000000008bf00000, 0x000000008bf00000|100%| E|CS|TAMS 0x000000008be00000| PB 0x000000008be00000| Complete 
| 191|0x000000008bf00000, 0x000000008c000000, 0x000000008c000000|100%| E|CS|TAMS 0x000000008bf00000| PB 0x000000008bf00000| Complete 
| 192|0x000000008c000000, 0x000000008c100000, 0x000000008c100000|100%| E|CS|TAMS 0x000000008c000000| PB 0x000000008c000000| Complete 
| 193|0x000000008c100000, 0x000000008c200000, 0x000000008c200000|100%| E|CS|TAMS 0x000000008c100000| PB 0x000000008c100000| Complete 
| 194|0x000000008c200000, 0x000000008c300000, 0x000000008c300000|100%| E|CS|TAMS 0x000000008c200000| PB 0x000000008c200000| Complete 
| 195|0x000000008c300000, 0x000000008c400000, 0x000000008c400000|100%| E|CS|TAMS 0x000000008c300000| PB 0x000000008c300000| Complete 
| 196|0x000000008c400000, 0x000000008c500000, 0x000000008c500000|100%| E|CS|TAMS 0x000000008c400000| PB 0x000000008c400000| Complete 
| 197|0x000000008c500000, 0x000000008c600000, 0x000000008c600000|100%| E|CS|TAMS 0x000000008c500000| PB 0x000000008c500000| Complete 
| 198|0x000000008c600000, 0x000000008c700000, 0x000000008c700000|100%| E|CS|TAMS 0x000000008c600000| PB 0x000000008c600000| Complete 
| 199|0x000000008c700000, 0x000000008c800000, 0x000000008c800000|100%| E|CS|TAMS 0x000000008c700000| PB 0x000000008c700000| Complete 
| 200|0x000000008c800000, 0x000000008c900000, 0x000000008c900000|100%| E|CS|TAMS 0x000000008c800000| PB 0x000000008c800000| Complete 
| 201|0x000000008c900000, 0x000000008ca00000, 0x000000008ca00000|100%| E|CS|TAMS 0x000000008c900000| PB 0x000000008c900000| Complete 
| 202|0x000000008ca00000, 0x000000008cb00000, 0x000000008cb00000|100%| E|CS|TAMS 0x000000008ca00000| PB 0x000000008ca00000| Complete 
| 203|0x000000008cb00000, 0x000000008cc00000, 0x000000008cc00000|100%| E|CS|TAMS 0x000000008cb00000| PB 0x000000008cb00000| Complete 
| 204|0x000000008cc00000, 0x000000008cd00000, 0x000000008cd00000|100%| E|CS|TAMS 0x000000008cc00000| PB 0x000000008cc00000| Complete 
| 205|0x000000008cd00000, 0x000000008ce00000, 0x000000008ce00000|100%| E|CS|TAMS 0x000000008cd00000| PB 0x000000008cd00000| Complete 
| 206|0x000000008ce00000, 0x000000008cf00000, 0x000000008cf00000|100%| E|CS|TAMS 0x000000008ce00000| PB 0x000000008ce00000| Complete 
| 207|0x000000008cf00000, 0x000000008d000000, 0x000000008d000000|100%| E|CS|TAMS 0x000000008cf00000| PB 0x000000008cf00000| Complete 
| 208|0x000000008d000000, 0x000000008d100000, 0x000000008d100000|100%| E|CS|TAMS 0x000000008d000000| PB 0x000000008d000000| Complete 
| 209|0x000000008d100000, 0x000000008d200000, 0x000000008d200000|100%| E|CS|TAMS 0x000000008d100000| PB 0x000000008d100000| Complete 
| 210|0x000000008d200000, 0x000000008d300000, 0x000000008d300000|100%| E|CS|TAMS 0x000000008d200000| PB 0x000000008d200000| Complete 
| 211|0x000000008d300000, 0x000000008d400000, 0x000000008d400000|100%| E|CS|TAMS 0x000000008d300000| PB 0x000000008d300000| Complete 
| 212|0x000000008d400000, 0x000000008d500000, 0x000000008d500000|100%| E|CS|TAMS 0x000000008d400000| PB 0x000000008d400000| Complete 
| 213|0x000000008d500000, 0x000000008d600000, 0x000000008d600000|100%| E|CS|TAMS 0x000000008d500000| PB 0x000000008d500000| Complete 
| 214|0x000000008d600000, 0x000000008d700000, 0x000000008d700000|100%| E|CS|TAMS 0x000000008d600000| PB 0x000000008d600000| Complete 
| 215|0x000000008d700000, 0x000000008d800000, 0x000000008d800000|100%| E|CS|TAMS 0x000000008d700000| PB 0x000000008d700000| Complete 
| 216|0x000000008d800000, 0x000000008d900000, 0x000000008d900000|100%| E|CS|TAMS 0x000000008d800000| PB 0x000000008d800000| Complete 
| 217|0x000000008d900000, 0x000000008da00000, 0x000000008da00000|100%| E|CS|TAMS 0x000000008d900000| PB 0x000000008d900000| Complete 
| 218|0x000000008da00000, 0x000000008db00000, 0x000000008db00000|100%| E|CS|TAMS 0x000000008da00000| PB 0x000000008da00000| Complete 
| 219|0x000000008db00000, 0x000000008dc00000, 0x000000008dc00000|100%| E|CS|TAMS 0x000000008db00000| PB 0x000000008db00000| Complete 
| 220|0x000000008dc00000, 0x000000008dd00000, 0x000000008dd00000|100%| E|CS|TAMS 0x000000008dc00000| PB 0x000000008dc00000| Complete 
| 221|0x000000008dd00000, 0x000000008de00000, 0x000000008de00000|100%| E|CS|TAMS 0x000000008dd00000| PB 0x000000008dd00000| Complete 
| 222|0x000000008de00000, 0x000000008df00000, 0x000000008df00000|100%| E|CS|TAMS 0x000000008de00000| PB 0x000000008de00000| Complete 
| 223|0x000000008df00000, 0x000000008e000000, 0x000000008e000000|100%| E|CS|TAMS 0x000000008df00000| PB 0x000000008df00000| Complete 
| 224|0x000000008e000000, 0x000000008e100000, 0x000000008e100000|100%| E|CS|TAMS 0x000000008e000000| PB 0x000000008e000000| Complete 
| 225|0x000000008e100000, 0x000000008e200000, 0x000000008e200000|100%| E|CS|TAMS 0x000000008e100000| PB 0x000000008e100000| Complete 
| 226|0x000000008e200000, 0x000000008e300000, 0x000000008e300000|100%| E|CS|TAMS 0x000000008e200000| PB 0x000000008e200000| Complete 
| 227|0x000000008e300000, 0x000000008e400000, 0x000000008e400000|100%| E|CS|TAMS 0x000000008e300000| PB 0x000000008e300000| Complete 
| 228|0x000000008e400000, 0x000000008e500000, 0x000000008e500000|100%| E|CS|TAMS 0x000000008e400000| PB 0x000000008e400000| Complete 
| 229|0x000000008e500000, 0x000000008e600000, 0x000000008e600000|100%| E|CS|TAMS 0x000000008e500000| PB 0x000000008e500000| Complete 
| 230|0x000000008e600000, 0x000000008e700000, 0x000000008e700000|100%| E|CS|TAMS 0x000000008e600000| PB 0x000000008e600000| Complete 
| 231|0x000000008e700000, 0x000000008e800000, 0x000000008e800000|100%| E|CS|TAMS 0x000000008e700000| PB 0x000000008e700000| Complete 
| 232|0x000000008e800000, 0x000000008e900000, 0x000000008e900000|100%| E|CS|TAMS 0x000000008e800000| PB 0x000000008e800000| Complete 
| 233|0x000000008e900000, 0x000000008ea00000, 0x000000008ea00000|100%| E|CS|TAMS 0x000000008e900000| PB 0x000000008e900000| Complete 
| 234|0x000000008ea00000, 0x000000008eb00000, 0x000000008eb00000|100%| E|CS|TAMS 0x000000008ea00000| PB 0x000000008ea00000| Complete 
| 235|0x000000008eb00000, 0x000000008ec00000, 0x000000008ec00000|100%| E|CS|TAMS 0x000000008eb00000| PB 0x000000008eb00000| Complete 
| 236|0x000000008ec00000, 0x000000008ed00000, 0x000000008ed00000|100%| E|CS|TAMS 0x000000008ec00000| PB 0x000000008ec00000| Complete 
| 237|0x000000008ed00000, 0x000000008ee00000, 0x000000008ee00000|100%| E|CS|TAMS 0x000000008ed00000| PB 0x000000008ed00000| Complete 
| 238|0x000000008ee00000, 0x000000008ef00000, 0x000000008ef00000|100%| E|CS|TAMS 0x000000008ee00000| PB 0x000000008ee00000| Complete 
| 239|0x000000008ef00000, 0x000000008f000000, 0x000000008f000000|100%| E|CS|TAMS 0x000000008ef00000| PB 0x000000008ef00000| Complete 
| 240|0x000000008f000000, 0x000000008f100000, 0x000000008f100000|100%| E|CS|TAMS 0x000000008f000000| PB 0x000000008f000000| Complete 
| 241|0x000000008f100000, 0x000000008f200000, 0x000000008f200000|100%| E|CS|TAMS 0x000000008f100000| PB 0x000000008f100000| Complete 
| 242|0x000000008f200000, 0x000000008f300000, 0x000000008f300000|100%| E|CS|TAMS 0x000000008f200000| PB 0x000000008f200000| Complete 
| 243|0x000000008f300000, 0x000000008f400000, 0x000000008f400000|100%| E|CS|TAMS 0x000000008f300000| PB 0x000000008f300000| Complete 
| 244|0x000000008f400000, 0x000000008f500000, 0x000000008f500000|100%| E|CS|TAMS 0x000000008f400000| PB 0x000000008f400000| Complete 
| 245|0x000000008f500000, 0x000000008f600000, 0x000000008f600000|100%| E|CS|TAMS 0x000000008f500000| PB 0x000000008f500000| Complete 
| 246|0x000000008f600000, 0x000000008f700000, 0x000000008f700000|100%| E|CS|TAMS 0x000000008f600000| PB 0x000000008f600000| Complete 
| 247|0x000000008f700000, 0x000000008f800000, 0x000000008f800000|100%| E|CS|TAMS 0x000000008f700000| PB 0x000000008f700000| Complete 
| 248|0x000000008f800000, 0x000000008f900000, 0x000000008f900000|100%| E|CS|TAMS 0x000000008f800000| PB 0x000000008f800000| Complete 
| 249|0x000000008f900000, 0x000000008fa00000, 0x000000008fa00000|100%| E|CS|TAMS 0x000000008f900000| PB 0x000000008f900000| Complete 
| 250|0x000000008fa00000, 0x000000008fb00000, 0x000000008fb00000|100%| E|CS|TAMS 0x000000008fa00000| PB 0x000000008fa00000| Complete 
| 251|0x000000008fb00000, 0x000000008fc00000, 0x000000008fc00000|100%| E|CS|TAMS 0x000000008fb00000| PB 0x000000008fb00000| Complete 
| 252|0x000000008fc00000, 0x000000008fd00000, 0x000000008fd00000|100%| E|CS|TAMS 0x000000008fc00000| PB 0x000000008fc00000| Complete 
| 253|0x000000008fd00000, 0x000000008fe00000, 0x000000008fe00000|100%| E|CS|TAMS 0x000000008fd00000| PB 0x000000008fd00000| Complete 
| 254|0x000000008fe00000, 0x000000008ff00000, 0x000000008ff00000|100%| E|CS|TAMS 0x000000008fe00000| PB 0x000000008fe00000| Complete 
| 255|0x000000008ff00000, 0x0000000090000000, 0x0000000090000000|100%| E|CS|TAMS 0x000000008ff00000| PB 0x000000008ff00000| Complete 
| 256|0x0000000090000000, 0x0000000090100000, 0x0000000090100000|100%| E|CS|TAMS 0x0000000090000000| PB 0x0000000090000000| Complete 
| 257|0x0000000090100000, 0x0000000090200000, 0x0000000090200000|100%| E|CS|TAMS 0x0000000090100000| PB 0x0000000090100000| Complete 
| 258|0x0000000090200000, 0x0000000090300000, 0x0000000090300000|100%| E|CS|TAMS 0x0000000090200000| PB 0x0000000090200000| Complete 
| 259|0x0000000090300000, 0x0000000090400000, 0x0000000090400000|100%| E|CS|TAMS 0x0000000090300000| PB 0x0000000090300000| Complete 
| 260|0x0000000090400000, 0x0000000090500000, 0x0000000090500000|100%| E|CS|TAMS 0x0000000090400000| PB 0x0000000090400000| Complete 
| 261|0x0000000090500000, 0x0000000090600000, 0x0000000090600000|100%| E|CS|TAMS 0x0000000090500000| PB 0x0000000090500000| Complete 
| 262|0x0000000090600000, 0x0000000090700000, 0x0000000090700000|100%| E|CS|TAMS 0x0000000090600000| PB 0x0000000090600000| Complete 
| 263|0x0000000090700000, 0x0000000090800000, 0x0000000090800000|100%| E|CS|TAMS 0x0000000090700000| PB 0x0000000090700000| Complete 
| 264|0x0000000090800000, 0x0000000090900000, 0x0000000090900000|100%| E|  |TAMS 0x0000000090800000| PB 0x0000000090800000| Complete 
| 265|0x0000000090900000, 0x0000000090a00000, 0x0000000090a00000|100%| E|CS|TAMS 0x0000000090900000| PB 0x0000000090900000| Complete 
| 266|0x0000000090a00000, 0x0000000090b00000, 0x0000000090b00000|100%| E|CS|TAMS 0x0000000090a00000| PB 0x0000000090a00000| Complete 
| 267|0x0000000090b00000, 0x0000000090c00000, 0x0000000090c00000|100%| E|CS|TAMS 0x0000000090b00000| PB 0x0000000090b00000| Complete 
| 268|0x0000000090c00000, 0x0000000090d00000, 0x0000000090d00000|100%| E|CS|TAMS 0x0000000090c00000| PB 0x0000000090c00000| Complete 
| 269|0x0000000090d00000, 0x0000000090e00000, 0x0000000090e00000|100%| E|CS|TAMS 0x0000000090d00000| PB 0x0000000090d00000| Complete 
| 270|0x0000000090e00000, 0x0000000090f00000, 0x0000000090f00000|100%| E|CS|TAMS 0x0000000090e00000| PB 0x0000000090e00000| Complete 
| 271|0x0000000090f00000, 0x0000000091000000, 0x0000000091000000|100%| E|CS|TAMS 0x0000000090f00000| PB 0x0000000090f00000| Complete 
| 272|0x0000000091000000, 0x0000000091100000, 0x0000000091100000|100%| E|CS|TAMS 0x0000000091000000| PB 0x0000000091000000| Complete 
| 273|0x0000000091100000, 0x0000000091200000, 0x0000000091200000|100%| E|CS|TAMS 0x0000000091100000| PB 0x0000000091100000| Complete 
| 274|0x0000000091200000, 0x0000000091300000, 0x0000000091300000|100%| E|CS|TAMS 0x0000000091200000| PB 0x0000000091200000| Complete 
| 275|0x0000000091300000, 0x0000000091400000, 0x0000000091400000|100%| E|CS|TAMS 0x0000000091300000| PB 0x0000000091300000| Complete 
| 276|0x0000000091400000, 0x0000000091500000, 0x0000000091500000|100%| E|CS|TAMS 0x0000000091400000| PB 0x0000000091400000| Complete 
| 277|0x0000000091500000, 0x0000000091600000, 0x0000000091600000|100%| E|CS|TAMS 0x0000000091500000| PB 0x0000000091500000| Complete 
| 278|0x0000000091600000, 0x0000000091700000, 0x0000000091700000|100%| E|CS|TAMS 0x0000000091600000| PB 0x0000000091600000| Complete 
| 279|0x0000000091700000, 0x0000000091800000, 0x0000000091800000|100%| E|CS|TAMS 0x0000000091700000| PB 0x0000000091700000| Complete 
| 280|0x0000000091800000, 0x0000000091900000, 0x0000000091900000|100%| E|CS|TAMS 0x0000000091800000| PB 0x0000000091800000| Complete 
| 281|0x0000000091900000, 0x0000000091a00000, 0x0000000091a00000|100%| E|CS|TAMS 0x0000000091900000| PB 0x0000000091900000| Complete 
| 282|0x0000000091a00000, 0x0000000091b00000, 0x0000000091b00000|100%| E|CS|TAMS 0x0000000091a00000| PB 0x0000000091a00000| Complete 
| 283|0x0000000091b00000, 0x0000000091c00000, 0x0000000091c00000|100%| E|CS|TAMS 0x0000000091b00000| PB 0x0000000091b00000| Complete 
| 284|0x0000000091c00000, 0x0000000091d00000, 0x0000000091d00000|100%| E|CS|TAMS 0x0000000091c00000| PB 0x0000000091c00000| Complete 
| 285|0x0000000091d00000, 0x0000000091e00000, 0x0000000091e00000|100%| E|CS|TAMS 0x0000000091d00000| PB 0x0000000091d00000| Complete 
| 286|0x0000000091e00000, 0x0000000091f00000, 0x0000000091f00000|100%| E|CS|TAMS 0x0000000091e00000| PB 0x0000000091e00000| Complete 
| 287|0x0000000091f00000, 0x0000000092000000, 0x0000000092000000|100%| E|CS|TAMS 0x0000000091f00000| PB 0x0000000091f00000| Complete 
| 288|0x0000000092000000, 0x0000000092100000, 0x0000000092100000|100%| E|CS|TAMS 0x0000000092000000| PB 0x0000000092000000| Complete 
| 289|0x0000000092100000, 0x0000000092200000, 0x0000000092200000|100%| E|CS|TAMS 0x0000000092100000| PB 0x0000000092100000| Complete 
| 290|0x0000000092200000, 0x0000000092300000, 0x0000000092300000|100%| E|CS|TAMS 0x0000000092200000| PB 0x0000000092200000| Complete 
| 291|0x0000000092300000, 0x0000000092400000, 0x0000000092400000|100%| E|CS|TAMS 0x0000000092300000| PB 0x0000000092300000| Complete 
| 292|0x0000000092400000, 0x0000000092500000, 0x0000000092500000|100%| E|CS|TAMS 0x0000000092400000| PB 0x0000000092400000| Complete 
| 293|0x0000000092500000, 0x0000000092600000, 0x0000000092600000|100%| E|CS|TAMS 0x0000000092500000| PB 0x0000000092500000| Complete 
| 294|0x0000000092600000, 0x0000000092700000, 0x0000000092700000|100%| E|CS|TAMS 0x0000000092600000| PB 0x0000000092600000| Complete 
| 295|0x0000000092700000, 0x0000000092800000, 0x0000000092800000|100%| E|CS|TAMS 0x0000000092700000| PB 0x0000000092700000| Complete 
| 296|0x0000000092800000, 0x0000000092900000, 0x0000000092900000|100%| E|CS|TAMS 0x0000000092800000| PB 0x0000000092800000| Complete 
| 297|0x0000000092900000, 0x0000000092a00000, 0x0000000092a00000|100%| E|CS|TAMS 0x0000000092900000| PB 0x0000000092900000| Complete 
| 298|0x0000000092a00000, 0x0000000092b00000, 0x0000000092b00000|100%| E|CS|TAMS 0x0000000092a00000| PB 0x0000000092a00000| Complete 
| 299|0x0000000092b00000, 0x0000000092c00000, 0x0000000092c00000|100%| E|CS|TAMS 0x0000000092b00000| PB 0x0000000092b00000| Complete 
| 300|0x0000000092c00000, 0x0000000092d00000, 0x0000000092d00000|100%| E|CS|TAMS 0x0000000092c00000| PB 0x0000000092c00000| Complete 
| 301|0x0000000092d00000, 0x0000000092e00000, 0x0000000092e00000|100%| E|CS|TAMS 0x0000000092d00000| PB 0x0000000092d00000| Complete 
| 302|0x0000000092e00000, 0x0000000092f00000, 0x0000000092f00000|100%| E|CS|TAMS 0x0000000092e00000| PB 0x0000000092e00000| Complete 
| 303|0x0000000092f00000, 0x0000000093000000, 0x0000000093000000|100%| E|CS|TAMS 0x0000000092f00000| PB 0x0000000092f00000| Complete 
| 304|0x0000000093000000, 0x0000000093100000, 0x0000000093100000|100%| E|CS|TAMS 0x0000000093000000| PB 0x0000000093000000| Complete 
| 305|0x0000000093100000, 0x0000000093200000, 0x0000000093200000|100%| E|CS|TAMS 0x0000000093100000| PB 0x0000000093100000| Complete 
| 306|0x0000000093200000, 0x0000000093300000, 0x0000000093300000|100%| E|CS|TAMS 0x0000000093200000| PB 0x0000000093200000| Complete 
| 307|0x0000000093300000, 0x0000000093400000, 0x0000000093400000|100%| E|CS|TAMS 0x0000000093300000| PB 0x0000000093300000| Complete 
| 308|0x0000000093400000, 0x0000000093500000, 0x0000000093500000|100%| E|CS|TAMS 0x0000000093400000| PB 0x0000000093400000| Complete 
| 309|0x0000000093500000, 0x0000000093600000, 0x0000000093600000|100%| E|CS|TAMS 0x0000000093500000| PB 0x0000000093500000| Complete 
| 310|0x0000000093600000, 0x0000000093700000, 0x0000000093700000|100%| E|CS|TAMS 0x0000000093600000| PB 0x0000000093600000| Complete 
| 311|0x0000000093700000, 0x0000000093800000, 0x0000000093800000|100%| E|CS|TAMS 0x0000000093700000| PB 0x0000000093700000| Complete 
| 312|0x0000000093800000, 0x0000000093900000, 0x0000000093900000|100%| E|CS|TAMS 0x0000000093800000| PB 0x0000000093800000| Complete 
| 313|0x0000000093900000, 0x0000000093a00000, 0x0000000093a00000|100%| E|CS|TAMS 0x0000000093900000| PB 0x0000000093900000| Complete 
| 314|0x0000000093a00000, 0x0000000093b00000, 0x0000000093b00000|100%| E|CS|TAMS 0x0000000093a00000| PB 0x0000000093a00000| Complete 
| 315|0x0000000093b00000, 0x0000000093c00000, 0x0000000093c00000|100%| E|CS|TAMS 0x0000000093b00000| PB 0x0000000093b00000| Complete 
| 316|0x0000000093c00000, 0x0000000093d00000, 0x0000000093d00000|100%| E|CS|TAMS 0x0000000093c00000| PB 0x0000000093c00000| Complete 
|2001|0x00000000fd100000, 0x00000000fd200000, 0x00000000fd200000|100%| O|  |TAMS 0x00000000fd100000| PB 0x00000000fd100000| Untracked 
|2002|0x00000000fd200000, 0x00000000fd300000, 0x00000000fd300000|100%| E|CS|TAMS 0x00000000fd200000| PB 0x00000000fd200000| Complete 
|2003|0x00000000fd300000, 0x00000000fd400000, 0x00000000fd400000|100%| E|CS|TAMS 0x00000000fd300000| PB 0x00000000fd300000| Complete 
|2004|0x00000000fd400000, 0x00000000fd500000, 0x00000000fd500000|100%| E|CS|TAMS 0x00000000fd400000| PB 0x00000000fd400000| Complete 
|2005|0x00000000fd500000, 0x00000000fd600000, 0x00000000fd600000|100%| E|CS|TAMS 0x00000000fd500000| PB 0x00000000fd500000| Complete 
|2006|0x00000000fd600000, 0x00000000fd700000, 0x00000000fd700000|100%| E|CS|TAMS 0x00000000fd600000| PB 0x00000000fd600000| Complete 
|2007|0x00000000fd700000, 0x00000000fd800000, 0x00000000fd800000|100%| E|CS|TAMS 0x00000000fd700000| PB 0x00000000fd700000| Complete 
|2008|0x00000000fd800000, 0x00000000fd900000, 0x00000000fd900000|100%| E|CS|TAMS 0x00000000fd800000| PB 0x00000000fd800000| Complete 
|2009|0x00000000fd900000, 0x00000000fda00000, 0x00000000fda00000|100%| E|CS|TAMS 0x00000000fd900000| PB 0x00000000fd900000| Complete 
|2010|0x00000000fda00000, 0x00000000fdb00000, 0x00000000fdb00000|100%| E|CS|TAMS 0x00000000fda00000| PB 0x00000000fda00000| Complete 
|2011|0x00000000fdb00000, 0x00000000fdc00000, 0x00000000fdc00000|100%| E|CS|TAMS 0x00000000fdb00000| PB 0x00000000fdb00000| Complete 
|2012|0x00000000fdc00000, 0x00000000fdd00000, 0x00000000fdd00000|100%| E|CS|TAMS 0x00000000fdc00000| PB 0x00000000fdc00000| Complete 
|2013|0x00000000fdd00000, 0x00000000fde00000, 0x00000000fde00000|100%| E|CS|TAMS 0x00000000fdd00000| PB 0x00000000fdd00000| Complete 
|2014|0x00000000fde00000, 0x00000000fdf00000, 0x00000000fdf00000|100%| E|CS|TAMS 0x00000000fde00000| PB 0x00000000fde00000| Complete 
|2015|0x00000000fdf00000, 0x00000000fe000000, 0x00000000fe000000|100%| E|CS|TAMS 0x00000000fdf00000| PB 0x00000000fdf00000| Complete 
|2016|0x00000000fe000000, 0x00000000fe100000, 0x00000000fe100000|100%| E|CS|TAMS 0x00000000fe000000| PB 0x00000000fe000000| Complete 
|2017|0x00000000fe100000, 0x00000000fe200000, 0x00000000fe200000|100%| E|CS|TAMS 0x00000000fe100000| PB 0x00000000fe100000| Complete 
|2018|0x00000000fe200000, 0x00000000fe300000, 0x00000000fe300000|100%| E|CS|TAMS 0x00000000fe200000| PB 0x00000000fe200000| Complete 
|2019|0x00000000fe300000, 0x00000000fe400000, 0x00000000fe400000|100%| E|CS|TAMS 0x00000000fe300000| PB 0x00000000fe300000| Complete 
|2020|0x00000000fe400000, 0x00000000fe500000, 0x00000000fe500000|100%| E|CS|TAMS 0x00000000fe400000| PB 0x00000000fe400000| Complete 
|2021|0x00000000fe500000, 0x00000000fe600000, 0x00000000fe600000|100%| E|CS|TAMS 0x00000000fe500000| PB 0x00000000fe500000| Complete 
|2022|0x00000000fe600000, 0x00000000fe700000, 0x00000000fe700000|100%| E|CS|TAMS 0x00000000fe600000| PB 0x00000000fe600000| Complete 
|2023|0x00000000fe700000, 0x00000000fe800000, 0x00000000fe800000|100%| E|CS|TAMS 0x00000000fe700000| PB 0x00000000fe700000| Complete 
|2024|0x00000000fe800000, 0x00000000fe900000, 0x00000000fe900000|100%| E|CS|TAMS 0x00000000fe800000| PB 0x00000000fe800000| Complete 
|2025|0x00000000fe900000, 0x00000000fea00000, 0x00000000fea00000|100%| E|CS|TAMS 0x00000000fe900000| PB 0x00000000fe900000| Complete 
|2026|0x00000000fea00000, 0x00000000feb00000, 0x00000000feb00000|100%| E|CS|TAMS 0x00000000fea00000| PB 0x00000000fea00000| Complete 
|2027|0x00000000feb00000, 0x00000000fec00000, 0x00000000fec00000|100%| E|CS|TAMS 0x00000000feb00000| PB 0x00000000feb00000| Complete 
|2028|0x00000000fec00000, 0x00000000fed00000, 0x00000000fed00000|100%| O|  |TAMS 0x00000000fec00000| PB 0x00000000fec00000| Untracked 
|2029|0x00000000fed00000, 0x00000000fee00000, 0x00000000fee00000|100%| O|  |TAMS 0x00000000fed00000| PB 0x00000000fed00000| Untracked 
|2030|0x00000000fee00000, 0x00000000fef00000, 0x00000000fef00000|100%| O|  |TAMS 0x00000000fee00000| PB 0x00000000fee00000| Untracked 
|2031|0x00000000fef00000, 0x00000000ff000000, 0x00000000ff000000|100%| O|  |TAMS 0x00000000fef00000| PB 0x00000000fef00000| Untracked 
|2032|0x00000000ff000000, 0x00000000ff100000, 0x00000000ff100000|100%| O|  |TAMS 0x00000000ff000000| PB 0x00000000ff000000| Untracked 
|2033|0x00000000ff100000, 0x00000000ff200000, 0x00000000ff200000|100%| O|  |TAMS 0x00000000ff100000| PB 0x00000000ff100000| Untracked 
|2034|0x00000000ff200000, 0x00000000ff300000, 0x00000000ff300000|100%| O|  |TAMS 0x00000000ff200000| PB 0x00000000ff200000| Untracked 
|2035|0x00000000ff300000, 0x00000000ff400000, 0x00000000ff400000|100%| O|  |TAMS 0x00000000ff300000| PB 0x00000000ff300000| Untracked 
|2036|0x00000000ff400000, 0x00000000ff500000, 0x00000000ff500000|100%| O|  |TAMS 0x00000000ff400000| PB 0x00000000ff400000| Untracked 
|2037|0x00000000ff500000, 0x00000000ff600000, 0x00000000ff600000|100%| O|  |TAMS 0x00000000ff500000| PB 0x00000000ff500000| Untracked 
|2038|0x00000000ff600000, 0x00000000ff700000, 0x00000000ff700000|100%| O|  |TAMS 0x00000000ff600000| PB 0x00000000ff600000| Untracked 
|2039|0x00000000ff700000, 0x00000000ff800000, 0x00000000ff800000|100%| O|  |TAMS 0x00000000ff700000| PB 0x00000000ff700000| Untracked 
|2040|0x00000000ff800000, 0x00000000ff900000, 0x00000000ff900000|100%| O|  |TAMS 0x00000000ff800000| PB 0x00000000ff800000| Untracked 
|2041|0x00000000ff900000, 0x00000000ffa00000, 0x00000000ffa00000|100%| E|CS|TAMS 0x00000000ff900000| PB 0x00000000ff900000| Complete 
|2042|0x00000000ffa00000, 0x00000000ffb00000, 0x00000000ffb00000|100%| E|CS|TAMS 0x00000000ffa00000| PB 0x00000000ffa00000| Complete 
|2043|0x00000000ffb00000, 0x00000000ffc00000, 0x00000000ffc00000|100%| E|CS|TAMS 0x00000000ffb00000| PB 0x00000000ffb00000| Complete 
|2044|0x00000000ffc00000, 0x00000000ffd00000, 0x00000000ffd00000|100%| O|  |TAMS 0x00000000ffc00000| PB 0x00000000ffc00000| Untracked 
|2045|0x00000000ffd00000, 0x00000000ffe00000, 0x00000000ffe00000|100%| O|  |TAMS 0x00000000ffd00000| PB 0x00000000ffd00000| Untracked 
|2046|0x00000000ffe00000, 0x00000000fff00000, 0x00000000fff00000|100%| O|  |TAMS 0x00000000ffe00000| PB 0x00000000ffe00000| Untracked 
|2047|0x00000000fff00000, 0x0000000100000000, 0x0000000100000000|100%| O|  |TAMS 0x00000000fff00000| PB 0x00000000fff00000| Untracked 

Card table byte_map: [0x0000027249ed0000,0x000002724a2d0000] _byte_map_base: 0x0000027249ad0000

Marking Bits: (CMBitMap*) 0x00000272379c7d60
 Bits: [0x000002724a2d0000, 0x000002724c2d0000)

Polling page: 0x0000027235a00000

Metaspace:

Usage:
  Non-class:    178.79 MB used.
      Class:     25.88 MB used.
       Both:    204.67 MB used.

Virtual space:
  Non-class space:      192.00 MB reserved,     180.12 MB ( 94%) committed,  3 nodes.
      Class space:        1.00 GB reserved,      27.25 MB (  3%) committed,  1 nodes.
             Both:        1.19 GB reserved,     207.38 MB ( 17%) committed. 

Chunk freelists:
   Non-Class:  11.45 MB
       Class:  4.61 MB
        Both:  16.06 MB

MaxMetaspaceSize: unlimited
CompressedClassSpaceSize: 1.00 GB
Initial GC threshold: 21.00 MB
Current GC threshold: 335.31 MB
CDS: off
 - commit_granule_bytes: 65536.
 - commit_granule_words: 8192.
 - virtual_space_node_default_size: 8388608.
 - enlarge_chunks_in_place: 1.
 - use_allocation_guard: 0.


Internal statistics:

num_allocs_failed_limit: 6.
num_arena_births: 5402.
num_arena_deaths: 0.
num_vsnodes_births: 4.
num_vsnodes_deaths: 0.
num_space_committed: 3311.
num_space_uncommitted: 0.
num_chunks_returned_to_freelist: 6.
num_chunks_taken_from_freelist: 13638.
num_chunk_merges: 6.
num_chunk_splits: 9541.
num_chunks_enlarged: 6681.
num_inconsistent_stats: 0.

CodeHeap 'non-profiled nmethods': size=120000Kb used=15207Kb max_used=15207Kb free=104792Kb
 bounds [0x00000272425a0000, 0x0000027243480000, 0x0000027249ad0000]
CodeHeap 'profiled nmethods': size=120000Kb used=41576Kb max_used=42160Kb free=78423Kb
 bounds [0x000002723aad0000, 0x000002723d420000, 0x0000027242000000]
CodeHeap 'non-nmethods': size=5760Kb used=2537Kb max_used=2609Kb free=3222Kb
 bounds [0x0000027242000000, 0x00000272422a0000, 0x00000272425a0000]
 total_blobs=19639 nmethods=18468 adapters=1071
 compilation: enabled
              stopped_count=0, restarted_count=0
 full_count=0

Compilation events (20 events):
Event: 380.440 Thread 0x00000272638dd6d0 nmethod 27106 0x0000027243472390 code [0x00000272434725a0, 0x0000027243472c08]
Event: 380.440 Thread 0x00000272638dd6d0 27107       4       com.android.tools.r8.graph.j1$a::<init> (107 bytes)
Event: 380.447 Thread 0x000002724ea13480 nmethod 27103 0x0000027243473310 code [0x0000027243473520, 0x0000027243474818]
Event: 380.447 Thread 0x000002724ea13480 27063       4       com.android.tools.r8.graph.o4::a (37 bytes)
Event: 380.447 Thread 0x00000272638dd6d0 nmethod 27107 0x0000027243474a90 code [0x0000027243474c80, 0x0000027243475760]
Event: 380.447 Thread 0x00000272638dd6d0 27082       4       com.android.tools.r8.graph.L4::a (31 bytes)
Event: 380.448 Thread 0x00000272638dd6d0 nmethod 27082 0x0000027243475890 code [0x0000027243475a20, 0x0000027243475b18]
Event: 380.448 Thread 0x00000272638dd6d0 27097   !   4       com.android.tools.r8.graph.H3::c (53 bytes)
Event: 380.449 Thread 0x000002724ea13480 nmethod 27063 0x0000027243475c10 code [0x0000027243475da0, 0x00000272434760f8]
Event: 380.449 Thread 0x000002724ea13480 27072   !   4       com.android.tools.r8.graph.B2::<init> (61 bytes)
Event: 380.451 Thread 0x00000272638dd6d0 nmethod 27097 0x0000027243476210 code [0x00000272434763c0, 0x0000027243476578]
Event: 380.451 Thread 0x00000272638dd6d0 27060       4       com.android.tools.r8.internal.jl::t (40 bytes)
Event: 380.457 Thread 0x00000272638dd6d0 nmethod 27060 0x0000027243476710 code [0x0000027243476900, 0x0000027243477058]
Event: 380.457 Thread 0x00000272638dd6d0 26968       4       com.android.tools.r8.internal.wb::E (2 bytes)
Event: 380.457 Thread 0x00000272638dd6d0 nmethod 26968 0x0000027243477490 code [0x0000027243477620, 0x00000272434776a8]
Event: 380.457 Thread 0x00000272638dd6d0 27108       4       com.android.tools.r8.graph.I2::d0 (2 bytes)
Event: 380.457 Thread 0x00000272638dd6d0 nmethod 27108 0x0000027243477790 code [0x0000027243477920, 0x00000272434779a8]
Event: 380.457 Thread 0x00000272638dd6d0 27101       4       com.android.tools.r8.internal.fe0::size (6 bytes)
Event: 380.458 Thread 0x00000272638dd6d0 nmethod 27101 0x0000027243477a90 code [0x0000027243477c20, 0x0000027243477cc8]
Event: 380.469 Thread 0x000002724ea13480 nmethod 27072 0x0000027243477d90 code [0x0000027243478000, 0x0000027243479260]

GC Heap History (20 events):
Event: 133.618 GC heap before
{Heap before GC invocations=61 (full 0):
 garbage-first heap   total 290816K, used 263676K [0x0000000080000000, 0x0000000100000000)
  region size 1024K, 91 young (93184K), 4 survivors (4096K)
 Metaspace       used 184804K, committed 187456K, reserved 1245184K
  class space    used 23680K, committed 25024K, reserved 1048576K
}
Event: 133.636 GC heap after
{Heap after GC invocations=62 (full 0):
 garbage-first heap   total 290816K, used 170747K [0x0000000080000000, 0x0000000100000000)
  region size 1024K, 9 young (9216K), 9 survivors (9216K)
 Metaspace       used 184804K, committed 187456K, reserved 1245184K
  class space    used 23680K, committed 25024K, reserved 1048576K
}
Event: 144.118 GC heap before
{Heap before GC invocations=62 (full 0):
 garbage-first heap   total 290816K, used 263931K [0x0000000080000000, 0x0000000100000000)
  region size 1024K, 101 young (103424K), 9 survivors (9216K)
 Metaspace       used 191052K, committed 193728K, reserved 1245184K
  class space    used 24526K, committed 25856K, reserved 1048576K
}
Event: 144.142 GC heap after
{Heap after GC invocations=63 (full 0):
 garbage-first heap   total 290816K, used 177494K [0x0000000080000000, 0x0000000100000000)
  region size 1024K, 12 young (12288K), 12 survivors (12288K)
 Metaspace       used 191052K, committed 193728K, reserved 1245184K
  class space    used 24526K, committed 25856K, reserved 1048576K
}
Event: 172.770 GC heap before
{Heap before GC invocations=64 (full 0):
 garbage-first heap   total 290816K, used 261462K [0x0000000080000000, 0x0000000100000000)
  region size 1024K, 95 young (97280K), 12 survivors (12288K)
 Metaspace       used 192912K, committed 195648K, reserved 1245184K
  class space    used 24722K, committed 26048K, reserved 1048576K
}
Event: 172.794 GC heap after
{Heap after GC invocations=65 (full 0):
 garbage-first heap   total 290816K, used 176091K [0x0000000080000000, 0x0000000100000000)
  region size 1024K, 5 young (5120K), 5 survivors (5120K)
 Metaspace       used 192912K, committed 195648K, reserved 1245184K
  class space    used 24722K, committed 26048K, reserved 1048576K
}
Event: 176.166 GC heap before
{Heap before GC invocations=65 (full 0):
 garbage-first heap   total 290816K, used 284635K [0x0000000080000000, 0x0000000100000000)
  region size 1024K, 96 young (98304K), 5 survivors (5120K)
 Metaspace       used 194902K, committed 197632K, reserved 1245184K
  class space    used 24890K, committed 26240K, reserved 1048576K
}
Event: 176.204 GC heap after
{Heap after GC invocations=66 (full 0):
 garbage-first heap   total 320512K, used 199168K [0x0000000080000000, 0x0000000100000000)
  region size 1024K, 12 young (12288K), 12 survivors (12288K)
 Metaspace       used 194902K, committed 197632K, reserved 1245184K
  class space    used 24890K, committed 26240K, reserved 1048576K
}
Event: 177.098 GC heap before
{Heap before GC invocations=66 (full 0):
 garbage-first heap   total 320512K, used 222720K [0x0000000080000000, 0x0000000100000000)
  region size 1024K, 37 young (37888K), 12 survivors (12288K)
 Metaspace       used 195013K, committed 197696K, reserved 1245184K
  class space    used 24900K, committed 26240K, reserved 1048576K
}
Event: 177.127 GC heap after
{Heap after GC invocations=67 (full 0):
 garbage-first heap   total 320512K, used 207872K [0x0000000080000000, 0x0000000100000000)
  region size 1024K, 8 young (8192K), 8 survivors (8192K)
 Metaspace       used 195013K, committed 197696K, reserved 1245184K
  class space    used 24900K, committed 26240K, reserved 1048576K
}
Event: 181.686 GC heap before
{Heap before GC invocations=68 (full 0):
 garbage-first heap   total 372736K, used 295936K [0x0000000080000000, 0x0000000100000000)
  region size 1024K, 79 young (80896K), 8 survivors (8192K)
 Metaspace       used 196793K, committed 199616K, reserved 1245184K
  class space    used 25034K, committed 26432K, reserved 1048576K
}
Event: 181.701 GC heap after
{Heap after GC invocations=69 (full 0):
 garbage-first heap   total 372736K, used 212480K [0x0000000080000000, 0x0000000100000000)
  region size 1024K, 10 young (10240K), 10 survivors (10240K)
 Metaspace       used 196793K, committed 199616K, reserved 1245184K
  class space    used 25034K, committed 26432K, reserved 1048576K
}
Event: 191.601 GC heap before
{Heap before GC invocations=69 (full 0):
 garbage-first heap   total 372736K, used 327168K [0x0000000080000000, 0x0000000100000000)
  region size 1024K, 121 young (123904K), 10 survivors (10240K)
 Metaspace       used 200391K, committed 203200K, reserved 1245184K
  class space    used 25362K, committed 26752K, reserved 1048576K
}
Event: 191.614 GC heap after
{Heap after GC invocations=70 (full 0):
 garbage-first heap   total 372736K, used 208108K [0x0000000080000000, 0x0000000100000000)
  region size 1024K, 3 young (3072K), 3 survivors (3072K)
 Metaspace       used 200391K, committed 203200K, reserved 1245184K
  class space    used 25362K, committed 26752K, reserved 1048576K
}
Event: 232.220 GC heap before
{Heap before GC invocations=70 (full 0):
 garbage-first heap   total 372736K, used 330988K [0x0000000080000000, 0x0000000100000000)
  region size 1024K, 124 young (126976K), 3 survivors (3072K)
 Metaspace       used 203275K, committed 206016K, reserved 1245184K
  class space    used 25665K, committed 27072K, reserved 1048576K
}
Event: 232.235 GC heap after
{Heap after GC invocations=71 (full 0):
 garbage-first heap   total 372736K, used 212120K [0x0000000080000000, 0x0000000100000000)
  region size 1024K, 7 young (7168K), 7 survivors (7168K)
 Metaspace       used 203275K, committed 206016K, reserved 1245184K
  class space    used 25665K, committed 27072K, reserved 1048576K
}
Event: 350.842 GC heap before
{Heap before GC invocations=72 (full 0):
 garbage-first heap   total 372736K, used 312235K [0x0000000080000000, 0x0000000100000000)
  region size 1024K, 129 young (132096K), 7 survivors (7168K)
 Metaspace       used 204332K, committed 207104K, reserved 1245184K
  class space    used 25782K, committed 27136K, reserved 1048576K
}
Event: 350.870 GC heap after
{Heap after GC invocations=73 (full 0):
 garbage-first heap   total 372736K, used 190464K [0x0000000080000000, 0x0000000100000000)
  region size 1024K, 9 young (9216K), 9 survivors (9216K)
 Metaspace       used 204332K, committed 207104K, reserved 1245184K
  class space    used 25782K, committed 27136K, reserved 1048576K
}
Event: 357.084 GC heap before
{Heap before GC invocations=73 (full 0):
 garbage-first heap   total 372736K, used 343040K [0x0000000080000000, 0x0000000100000000)
  region size 1024K, 159 young (162816K), 9 survivors (9216K)
 Metaspace       used 204383K, committed 207168K, reserved 1245184K
  class space    used 25787K, committed 27136K, reserved 1048576K
}
Event: 357.099 GC heap after
{Heap after GC invocations=74 (full 0):
 garbage-first heap   total 372736K, used 182833K [0x0000000080000000, 0x0000000100000000)
  region size 1024K, 10 young (10240K), 10 survivors (10240K)
 Metaspace       used 204383K, committed 207168K, reserved 1245184K
  class space    used 25787K, committed 27136K, reserved 1048576K
}

Dll operation events (3 events):
Event: 0.066 Loaded shared library C:\Program Files\Android\Android Studio1\jbr\bin\java.dll
Event: 0.073 Loaded shared library C:\Program Files\Android\Android Studio1\jbr\bin\zip.dll
Event: 0.939 Loaded shared library C:\Program Files\Android\Android Studio1\jbr\bin\verify.dll

Deoptimization events (20 events):
Event: 380.290 Thread 0x0000027259d31c40 Uncommon trap: trap_request=0xffffffbe fr.pc=0x0000027243459110 relative=0x0000000000000c50
Event: 380.290 Thread 0x0000027259d31c40 Uncommon trap: reason=profile_predicate action=maybe_recompile pc=0x0000027243459110 method=com.android.tools.r8.internal.J20.put(Ljava/lang/Object;Ljava/lang/Object;)Ljava/lang/Object; @ 92 c2
Event: 380.290 Thread 0x0000027259d31c40 DEOPT PACKING pc=0x0000027243459110 sp=0x000000d1ddbf9d60
Event: 380.290 Thread 0x0000027259d31c40 DEOPT UNPACKING pc=0x00000272420546a2 sp=0x000000d1ddbf9d40 mode 2
Event: 380.290 Thread 0x0000027259d31c40 Uncommon trap: trap_request=0xffffffbe fr.pc=0x0000027243459110 relative=0x0000000000000c50
Event: 380.290 Thread 0x0000027259d31c40 Uncommon trap: reason=profile_predicate action=maybe_recompile pc=0x0000027243459110 method=com.android.tools.r8.internal.J20.put(Ljava/lang/Object;Ljava/lang/Object;)Ljava/lang/Object; @ 92 c2
Event: 380.290 Thread 0x0000027259d31c40 DEOPT PACKING pc=0x0000027243459110 sp=0x000000d1ddbf9d60
Event: 380.290 Thread 0x0000027259d31c40 DEOPT UNPACKING pc=0x00000272420546a2 sp=0x000000d1ddbf9d40 mode 2
Event: 380.290 Thread 0x0000027259d31c40 Uncommon trap: trap_request=0xffffffbe fr.pc=0x0000027243459110 relative=0x0000000000000c50
Event: 380.290 Thread 0x0000027259d31c40 Uncommon trap: reason=profile_predicate action=maybe_recompile pc=0x0000027243459110 method=com.android.tools.r8.internal.J20.put(Ljava/lang/Object;Ljava/lang/Object;)Ljava/lang/Object; @ 92 c2
Event: 380.290 Thread 0x0000027259d31c40 DEOPT PACKING pc=0x0000027243459110 sp=0x000000d1ddbf9d60
Event: 380.290 Thread 0x0000027259d31c40 DEOPT UNPACKING pc=0x00000272420546a2 sp=0x000000d1ddbf9d40 mode 2
Event: 380.290 Thread 0x0000027259d31c40 Uncommon trap: trap_request=0xffffffbe fr.pc=0x0000027243459110 relative=0x0000000000000c50
Event: 380.290 Thread 0x0000027259d31c40 Uncommon trap: reason=profile_predicate action=maybe_recompile pc=0x0000027243459110 method=com.android.tools.r8.internal.J20.put(Ljava/lang/Object;Ljava/lang/Object;)Ljava/lang/Object; @ 92 c2
Event: 380.290 Thread 0x0000027259d31c40 DEOPT PACKING pc=0x0000027243459110 sp=0x000000d1ddbf9d60
Event: 380.290 Thread 0x0000027259d31c40 DEOPT UNPACKING pc=0x00000272420546a2 sp=0x000000d1ddbf9d40 mode 2
Event: 380.321 Thread 0x0000027259d31c40 Uncommon trap: trap_request=0xffffff45 fr.pc=0x00000272431b4a44 relative=0x00000000000000a4
Event: 380.321 Thread 0x0000027259d31c40 Uncommon trap: reason=unstable_if action=reinterpret pc=0x00000272431b4a44 method=com.android.tools.r8.internal.ZA.a(I)Z @ 45 c2
Event: 380.321 Thread 0x0000027259d31c40 DEOPT PACKING pc=0x00000272431b4a44 sp=0x000000d1ddbf9dc0
Event: 380.321 Thread 0x0000027259d31c40 DEOPT UNPACKING pc=0x00000272420546a2 sp=0x000000d1ddbf9d50 mode 2

Classes loaded (20 events):
Event: 229.934 Loading class java/util/concurrent/Executors$DelegatedExecutorService done
Event: 229.934 Loading class java/util/concurrent/Executors$DelegatedScheduledExecutorService done
Event: 229.958 Loading class java/lang/ProcessImpl
Event: 229.959 Loading class java/lang/ProcessImpl done
Event: 236.507 Loading class java/lang/ProcessHandleImpl
Event: 236.508 Loading class java/lang/ProcessHandleImpl done
Event: 236.509 Loading class java/lang/ProcessImpl$2
Event: 236.509 Loading class java/lang/ProcessImpl$2 done
Event: 236.509 Loading class java/lang/Process$PipeInputStream
Event: 236.509 Loading class java/lang/Process$PipeInputStream done
Event: 236.513 Loading class jdk/internal/event/ProcessStartEvent
Event: 236.513 Loading class jdk/internal/event/ProcessStartEvent done
Event: 345.151 Loading class java/io/BufferedReader$1
Event: 345.151 Loading class java/io/BufferedReader$1 done
Event: 350.836 Loading class java/util/zip/ZipFile$EntrySpliterator
Event: 350.836 Loading class java/util/Spliterators$AbstractSpliterator
Event: 350.836 Loading class java/util/Spliterators$AbstractSpliterator done
Event: 350.836 Loading class java/util/zip/ZipFile$EntrySpliterator done
Event: 380.065 Loading class java/util/concurrent/ConcurrentLinkedQueue$Itr
Event: 380.065 Loading class java/util/concurrent/ConcurrentLinkedQueue$Itr done

Classes unloaded (0 events):
No events

Classes redefined (0 events):
No events

Internal exceptions (20 events):
Event: 357.043 Thread 0x0000027263065a00 Exception <a 'sun/nio/fs/WindowsException'{0x000000008bc78d78}> (0x000000008bc78d78) 
thrown [s\src\hotspot\share\prims\jni.cpp, line 535]
Event: 357.055 Thread 0x00000272630bcaa0 Exception <a 'sun/nio/fs/WindowsException'{0x000000008bb25920}> (0x000000008bb25920) 
thrown [s\src\hotspot\share\prims\jni.cpp, line 535]
Event: 357.074 Thread 0x00000272630604b0 Exception <a 'sun/nio/fs/WindowsException'{0x000000008ba07ad0}> (0x000000008ba07ad0) 
thrown [s\src\hotspot\share\prims\jni.cpp, line 535]
Event: 357.083 Thread 0x0000027263065a00 Exception <a 'sun/nio/fs/WindowsException'{0x000000008ba304c8}> (0x000000008ba304c8) 
thrown [s\src\hotspot\share\prims\jni.cpp, line 535]
Event: 357.100 Thread 0x00000272630bcaa0 Exception <a 'sun/nio/fs/WindowsException'{0x00000000ffb1f7f8}> (0x00000000ffb1f7f8) 
thrown [s\src\hotspot\share\prims\jni.cpp, line 535]
Event: 357.137 Thread 0x00000272630604b0 Exception <a 'sun/nio/fs/WindowsException'{0x00000000ffa8e028}> (0x00000000ffa8e028) 
thrown [s\src\hotspot\share\prims\jni.cpp, line 535]
Event: 357.158 Thread 0x00000272630bcaa0 Exception <a 'sun/nio/fs/WindowsException'{0x00000000ff93fc88}> (0x00000000ff93fc88) 
thrown [s\src\hotspot\share\prims\jni.cpp, line 535]
Event: 357.161 Thread 0x0000027263065a00 Exception <a 'sun/nio/fs/WindowsException'{0x00000000feb10100}> (0x00000000feb10100) 
thrown [s\src\hotspot\share\prims\jni.cpp, line 535]
Event: 357.226 Thread 0x00000272630bcaa0 Exception <a 'sun/nio/fs/WindowsException'{0x00000000feb9bbd8}> (0x00000000feb9bbd8) 
thrown [s\src\hotspot\share\prims\jni.cpp, line 535]
Event: 357.262 Thread 0x00000272630604b0 Exception <a 'sun/nio/fs/WindowsException'{0x00000000fea5c460}> (0x00000000fea5c460) 
thrown [s\src\hotspot\share\prims\jni.cpp, line 535]
Event: 357.281 Thread 0x0000027263065a00 Exception <a 'sun/nio/fs/WindowsException'{0x00000000fe910e78}> (0x00000000fe910e78) 
thrown [s\src\hotspot\share\prims\jni.cpp, line 535]
Event: 357.290 Thread 0x00000272630bcaa0 Exception <a 'sun/nio/fs/WindowsException'{0x00000000feafb1d0}> (0x00000000feafb1d0) 
thrown [s\src\hotspot\share\prims\jni.cpp, line 535]
Event: 357.302 Thread 0x0000027263065a00 Exception <a 'sun/nio/fs/WindowsException'{0x00000000fe847540}> (0x00000000fe847540) 
thrown [s\src\hotspot\share\prims\jni.cpp, line 535]
Event: 357.303 Thread 0x0000027263064650 Exception <a 'sun/nio/fs/WindowsException'{0x00000000fe807f88}> (0x00000000fe807f88) 
thrown [s\src\hotspot\share\prims\jni.cpp, line 535]
Event: 357.303 Thread 0x0000027263064650 Exception <a 'sun/nio/fs/WindowsException'{0x00000000fe808170}> (0x00000000fe808170) 
thrown [s\src\hotspot\share\prims\jni.cpp, line 535]
Event: 357.367 Thread 0x0000027263064650 Exception <a 'sun/nio/fs/WindowsException'{0x00000000fd9e0380}> (0x00000000fd9e0380) 
thrown [s\src\hotspot\share\prims\jni.cpp, line 535]
Event: 376.711 Thread 0x0000027259d31c40 Exception <a 'java/lang/NoSuchMethodError'{0x000000008ff08a70}: 'java.lang.Object java.lang.invoke.DirectMethodHandle$Holder.invokeStaticInit(java.lang.Object, java.lang.Object, java.lang.Object, java.lang.Object, java.lang.Object, java.lang.Object, java.lang.Object, java.lang.Object, java.lang.Object, java.lang.Object, java.lang.Object, java.lang.Object, java.lang.Object, java.lang.Object, java.lang.Object, java.lang.Object, java.lang.Object, java.lang.Object, java.lang.Object, java.lang.Object, int, java
Event: 377.247 Thread 0x0000027259d2fb70 Exception <a 'java/lang/IncompatibleClassChangeError'{0x000000008fd9dfa0}: Found class java.lang.Object, but interface was expected> (0x000000008fd9dfa0) 
thrown [s\src\hotspot\share\interpreter\linkResolver.cpp, line 851]
Event: 377.247 Thread 0x0000027259d31c40 Exception <a 'java/lang/IncompatibleClassChangeError'{0x000000008ff8c7c8}: Found class java.lang.Object, but interface was expected> (0x000000008ff8c7c8) 
thrown [s\src\hotspot\share\interpreter\linkResolver.cpp, line 851]
Event: 377.247 Thread 0x00000272630bde50 Exception <a 'java/lang/IncompatibleClassChangeError'{0x000000008fdb4110}: Found class java.lang.Object, but interface was expected> (0x000000008fdb4110) 
thrown [s\src\hotspot\share\interpreter\linkResolver.cpp, line 851]

ZGC Phase Switch (0 events):
No events

VM Operations (20 events):
Event: 370.020 Executing VM operation: Cleanup done
Event: 371.021 Executing VM operation: Cleanup
Event: 371.021 Executing VM operation: Cleanup done
Event: 372.022 Executing VM operation: Cleanup
Event: 372.022 Executing VM operation: Cleanup done
Event: 374.023 Executing VM operation: Cleanup
Event: 374.023 Executing VM operation: Cleanup done
Event: 374.559 Executing VM operation: HandshakeAllThreads (Deoptimize)
Event: 374.559 Executing VM operation: HandshakeAllThreads (Deoptimize) done
Event: 376.560 Executing VM operation: Cleanup
Event: 376.560 Executing VM operation: Cleanup done
Event: 376.918 Executing VM operation: HandshakeAllThreads (Deoptimize)
Event: 376.918 Executing VM operation: HandshakeAllThreads (Deoptimize) done
Event: 377.918 Executing VM operation: Cleanup
Event: 377.918 Executing VM operation: Cleanup done
Event: 379.919 Executing VM operation: Cleanup
Event: 379.919 Executing VM operation: Cleanup done
Event: 380.920 Executing VM operation: Cleanup
Event: 380.920 Executing VM operation: Cleanup done
Event: 381.092 Executing VM operation: G1CollectForAllocation (G1 Evacuation Pause)

Memory protections (0 events):
No events

Nmethod flushes (20 events):
Event: 232.514 Thread 0x000002724e99ba40 flushing  nmethod 0x000002723ce2fe90
Event: 232.514 Thread 0x000002724e99ba40 flushing  nmethod 0x000002723ce53d10
Event: 232.514 Thread 0x000002724e99ba40 flushing  nmethod 0x000002723ce54790
Event: 232.514 Thread 0x000002724e99ba40 flushing  nmethod 0x000002723ce56f90
Event: 232.514 Thread 0x000002724e99ba40 flushing  nmethod 0x000002723ce57490
Event: 232.514 Thread 0x000002724e99ba40 flushing  nmethod 0x000002723ce58610
Event: 232.514 Thread 0x000002724e99ba40 flushing  nmethod 0x000002723ce58b90
Event: 232.514 Thread 0x000002724e99ba40 flushing  nmethod 0x000002723ce59510
Event: 232.514 Thread 0x000002724e99ba40 flushing  nmethod 0x000002723ce59890
Event: 232.514 Thread 0x000002724e99ba40 flushing  nmethod 0x000002723ce59c10
Event: 232.514 Thread 0x000002724e99ba40 flushing  nmethod 0x000002723ce59f90
Event: 232.514 Thread 0x000002724e99ba40 flushing  nmethod 0x000002723ce5a390
Event: 232.514 Thread 0x000002724e99ba40 flushing  nmethod 0x000002723ce5ab10
Event: 232.514 Thread 0x000002724e99ba40 flushing  nmethod 0x000002723ce5c810
Event: 232.514 Thread 0x000002724e99ba40 flushing  nmethod 0x000002723ce61310
Event: 232.514 Thread 0x000002724e99ba40 flushing  nmethod 0x000002723cee8290
Event: 232.514 Thread 0x000002724e99ba40 flushing  nmethod 0x000002723cee9390
Event: 232.514 Thread 0x000002724e99ba40 flushing  nmethod 0x000002723ceecc10
Event: 232.514 Thread 0x000002724e99ba40 flushing  nmethod 0x000002723cef0690
Event: 232.514 Thread 0x000002724e99ba40 flushing  nmethod 0x000002723cef1b90

Events (20 events):
Event: 236.604 Thread 0x00000272688abcc0 Thread added: 0x0000027268cd91a0
Event: 236.604 Thread 0x00000272688abcc0 Thread added: 0x0000027268cd6a40
Event: 331.845 Thread 0x000002724ea166c0 Thread added: 0x00000272638deb40
Event: 331.885 Thread 0x00000272630b8f90 Thread added: 0x0000027268cd8b10
Event: 331.885 Thread 0x00000272630b8f90 Thread added: 0x0000027268cd70d0
Event: 331.886 Thread 0x00000272630b8f90 Thread added: 0x0000027268cd7760
Event: 334.092 Thread 0x00000272638deb40 Thread exited: 0x00000272638deb40
Event: 348.777 Thread 0x000002724ea13480 Thread added: 0x00000272638dadf0
Event: 349.095 Thread 0x00000272630bde50 Thread added: 0x0000027268cd5690
Event: 349.095 Thread 0x00000272630bde50 Thread added: 0x0000027268cdb270
Event: 349.096 Thread 0x00000272630bde50 Thread added: 0x0000027268cd7df0
Event: 349.622 Thread 0x00000272638dadf0 Thread exited: 0x00000272638dadf0
Event: 350.351 Thread 0x00000272630bcaa0 Thread added: 0x0000027263065a00
Event: 350.352 Thread 0x00000272630bcaa0 Thread added: 0x00000272630604b0
Event: 350.352 Thread 0x00000272630bcaa0 Thread added: 0x0000027263064650
Event: 351.021 Thread 0x000002724ea166c0 Thread added: 0x00000272638dd6d0
Event: 351.557 Thread 0x00000272638dd6d0 Thread exited: 0x00000272638dd6d0
Event: 357.678 Thread 0x000002724ea13480 Thread added: 0x00000272638dd6d0
Event: 357.855 Thread 0x00000272638dd6d0 Thread exited: 0x00000272638dd6d0
Event: 379.993 Thread 0x000002724ea166c0 Thread added: 0x00000272638dd6d0


Dynamic libraries:
0x00007ff69b5b0000 - 0x00007ff69b5ba000 	C:\Program Files\Android\Android Studio1\jbr\bin\java.exe
0x00007fffa9bf0000 - 0x00007fffa9de8000 	C:\WINDOWS\SYSTEM32\ntdll.dll
0x00007fffa83a0000 - 0x00007fffa8462000 	C:\WINDOWS\System32\KERNEL32.DLL
0x00007fffa7250000 - 0x00007fffa7546000 	C:\WINDOWS\System32\KERNELBASE.dll
0x00007fffa7580000 - 0x00007fffa7680000 	C:\WINDOWS\System32\ucrtbase.dll
0x00007fffa2ec0000 - 0x00007fffa2edb000 	C:\Program Files\Android\Android Studio1\jbr\bin\VCRUNTIME140.dll
0x00007fff78d50000 - 0x00007fff78d68000 	C:\Program Files\Android\Android Studio1\jbr\bin\jli.dll
0x00007fffa97f0000 - 0x00007fffa998d000 	C:\WINDOWS\System32\USER32.dll
0x00007fffa7550000 - 0x00007fffa7572000 	C:\WINDOWS\System32\win32u.dll
0x00007fffa8470000 - 0x00007fffa849b000 	C:\WINDOWS\System32\GDI32.dll
0x00007fffa79f0000 - 0x00007fffa7b0a000 	C:\WINDOWS\System32\gdi32full.dll
0x00007fff9bd00000 - 0x00007fff9bf9a000 	C:\WINDOWS\WinSxS\amd64_microsoft.windows.common-controls_6595b64144ccf1df_6.0.19041.4355_none_60b8b9eb71f62e16\COMCTL32.dll
0x00007fffa7680000 - 0x00007fffa771d000 	C:\WINDOWS\System32\msvcp_win.dll
0x00007fffa9750000 - 0x00007fffa97ee000 	C:\WINDOWS\System32\msvcrt.dll
0x00007fffa7c80000 - 0x00007fffa7caf000 	C:\WINDOWS\System32\IMM32.DLL
0x00007fffa2eb0000 - 0x00007fffa2ebc000 	C:\Program Files\Android\Android Studio1\jbr\bin\vcruntime140_1.dll
0x00007fff71aa0000 - 0x00007fff71b2d000 	C:\Program Files\Android\Android Studio1\jbr\bin\msvcp140.dll
0x00007fff64cb0000 - 0x00007fff6593b000 	C:\Program Files\Android\Android Studio1\jbr\bin\server\jvm.dll
0x00007fffa9180000 - 0x00007fffa922f000 	C:\WINDOWS\System32\ADVAPI32.dll
0x00007fffa96b0000 - 0x00007fffa974f000 	C:\WINDOWS\System32\sechost.dll
0x00007fffa84a0000 - 0x00007fffa85c3000 	C:\WINDOWS\System32\RPCRT4.dll
0x00007fffa77b0000 - 0x00007fffa77d7000 	C:\WINDOWS\System32\bcrypt.dll
0x00007fffa8d50000 - 0x00007fffa8dbb000 	C:\WINDOWS\System32\WS2_32.dll
0x00007fffa7130000 - 0x00007fffa717b000 	C:\WINDOWS\SYSTEM32\POWRPROF.dll
0x00007fffa5ce0000 - 0x00007fffa5d07000 	C:\WINDOWS\SYSTEM32\WINMM.dll
0x00007fff9c000000 - 0x00007fff9c00a000 	C:\WINDOWS\SYSTEM32\VERSION.dll
0x00007fffa7110000 - 0x00007fffa7122000 	C:\WINDOWS\SYSTEM32\UMPDC.dll
0x00007fffa4bd0000 - 0x00007fffa4be2000 	C:\WINDOWS\SYSTEM32\kernel.appcore.dll
0x00007fffa2cf0000 - 0x00007fffa2cfa000 	C:\Program Files\Android\Android Studio1\jbr\bin\jimage.dll
0x00007fff99320000 - 0x00007fff99504000 	C:\WINDOWS\SYSTEM32\DBGHELP.DLL
0x00007fff992e0000 - 0x00007fff99314000 	C:\WINDOWS\SYSTEM32\dbgcore.DLL
0x00007fffa7720000 - 0x00007fffa77a2000 	C:\WINDOWS\System32\bcryptPrimitives.dll
0x00007fff92c30000 - 0x00007fff92c3e000 	C:\Program Files\Android\Android Studio1\jbr\bin\instrument.dll
0x00007fff9fd70000 - 0x00007fff9fd90000 	C:\Program Files\Android\Android Studio1\jbr\bin\java.dll
0x00007fff9f070000 - 0x00007fff9f088000 	C:\Program Files\Android\Android Studio1\jbr\bin\zip.dll
0x00007fffa85e0000 - 0x00007fffa8d4f000 	C:\WINDOWS\System32\SHELL32.dll
0x00007fffa4dd0000 - 0x00007fffa5573000 	C:\WINDOWS\SYSTEM32\windows.storage.dll
0x00007fffa7fe0000 - 0x00007fffa8335000 	C:\WINDOWS\System32\combase.dll
0x00007fffa6b80000 - 0x00007fffa6bab000 	C:\WINDOWS\SYSTEM32\Wldp.dll
0x00007fffa8fd0000 - 0x00007fffa909d000 	C:\WINDOWS\System32\OLEAUT32.dll
0x00007fffa90d0000 - 0x00007fffa917d000 	C:\WINDOWS\System32\SHCORE.dll
0x00007fffa7f80000 - 0x00007fffa7fd5000 	C:\WINDOWS\System32\shlwapi.dll
0x00007fffa7180000 - 0x00007fffa71a5000 	C:\WINDOWS\SYSTEM32\profapi.dll
0x00007fff9f6a0000 - 0x00007fff9f6b0000 	C:\Program Files\Android\Android Studio1\jbr\bin\net.dll
0x00007fffa1c80000 - 0x00007fffa1d8a000 	C:\WINDOWS\SYSTEM32\WINHTTP.dll
0x00007fffa68b0000 - 0x00007fffa691c000 	C:\WINDOWS\system32\mswsock.dll
0x00007fff97fa0000 - 0x00007fff97fb6000 	C:\Program Files\Android\Android Studio1\jbr\bin\nio.dll
0x00007fffa2f10000 - 0x00007fffa2f20000 	C:\Program Files\Android\Android Studio1\jbr\bin\verify.dll
0x00007fff785d0000 - 0x00007fff785f7000 	C:\Users\Lena\.gradle\native\c067742578af261105cb4f569cf0c3c89f3d7b1fecec35dd04571415982c5e48\windows-amd64\native-platform.dll
0x00007fff6eb80000 - 0x00007fff6ecc4000 	C:\Users\Lena\.gradle\native\100fb08df4bc3b14c8652ba06237920a3bd2aa13389f12d3474272988ae205f9\windows-amd64\native-platform-file-events.dll
0x00007fffa2d00000 - 0x00007fffa2d09000 	C:\Program Files\Android\Android Studio1\jbr\bin\management.dll
0x00007fff9f010000 - 0x00007fff9f01b000 	C:\Program Files\Android\Android Studio1\jbr\bin\management_ext.dll
0x00007fffa7c70000 - 0x00007fffa7c78000 	C:\WINDOWS\System32\PSAPI.DLL
0x00007fffa6ad0000 - 0x00007fffa6ae8000 	C:\WINDOWS\SYSTEM32\CRYPTSP.dll
0x00007fffa6ab0000 - 0x00007fffa6ac7000 	C:\Program Files\Common Files\Crypto Pro\AppCompat\cpadvai.dll
0x00007fffa61d0000 - 0x00007fffa6208000 	C:\WINDOWS\system32\rsaenh.dll
0x00007fffa70d0000 - 0x00007fffa70fe000 	C:\WINDOWS\SYSTEM32\USERENV.dll
0x00007fffa6af0000 - 0x00007fffa6afc000 	C:\WINDOWS\SYSTEM32\CRYPTBASE.dll
0x00007fffa6590000 - 0x00007fffa65cb000 	C:\WINDOWS\SYSTEM32\IPHLPAPI.DLL
0x00007fffa85d0000 - 0x00007fffa85d8000 	C:\WINDOWS\System32\NSI.dll
0x00007fffa2d10000 - 0x00007fffa2d19000 	C:\Program Files\Android\Android Studio1\jbr\bin\extnet.dll
0x00007fffa2ee0000 - 0x00007fffa2ee7000 	C:\WINDOWS\system32\wshunix.dll
0x00007fffa65d0000 - 0x00007fffa669a000 	C:\WINDOWS\SYSTEM32\DNSAPI.dll
0x00007fff9e5c0000 - 0x00007fff9e5ca000 	C:\Windows\System32\rasadhlp.dll
0x00007fff9e600000 - 0x00007fff9e680000 	C:\WINDOWS\System32\fwpuclnt.dll
0x00007fffa6420000 - 0x00007fffa6453000 	C:\WINDOWS\SYSTEM32\ntmarta.dll
0x00007fff9eff0000 - 0x00007fff9f007000 	C:\WINDOWS\system32\napinsp.dll
0x00007fff9efd0000 - 0x00007fff9efeb000 	C:\WINDOWS\system32\pnrpnsp.dll
0x00007fffa3f70000 - 0x00007fffa3f85000 	C:\WINDOWS\system32\wshbth.dll
0x00007fffa2e00000 - 0x00007fffa2e1d000 	C:\WINDOWS\system32\NLAapi.dll
0x00007fff9efb0000 - 0x00007fff9efc2000 	C:\WINDOWS\System32\winrnr.dll
0x00007fffa3a10000 - 0x00007fffa3aa4000 	C:\WINDOWS\system32\apphelp.dll

dbghelp: loaded successfully - version: 4.0.5 - missing functions: none
symbol engine: initialized successfully - sym options: 0x614 - pdb path: .;C:\Program Files\Android\Android Studio1\jbr\bin;C:\WINDOWS\SYSTEM32;C:\WINDOWS\WinSxS\amd64_microsoft.windows.common-controls_6595b64144ccf1df_6.0.19041.4355_none_60b8b9eb71f62e16;C:\Program Files\Android\Android Studio1\jbr\bin\server;C:\Users\Lena\.gradle\native\c067742578af261105cb4f569cf0c3c89f3d7b1fecec35dd04571415982c5e48\windows-amd64;C:\Users\Lena\.gradle\native\100fb08df4bc3b14c8652ba06237920a3bd2aa13389f12d3474272988ae205f9\windows-amd64;C:\Program Files\Common Files\Crypto Pro\AppCompat

VM Arguments:
jvm_args: --add-opens=java.base/java.lang=ALL-UNNAMED --add-opens=java.base/java.lang.invoke=ALL-UNNAMED --add-opens=java.base/java.util=ALL-UNNAMED --add-opens=java.prefs/java.util.prefs=ALL-UNNAMED --add-exports=jdk.compiler/com.sun.tools.javac.api=ALL-UNNAMED --add-exports=jdk.compiler/com.sun.tools.javac.util=ALL-UNNAMED --add-opens=java.base/java.util=ALL-UNNAMED --add-opens=java.prefs/java.util.prefs=ALL-UNNAMED --add-opens=java.base/java.nio.charset=ALL-UNNAMED --add-opens=java.base/java.net=ALL-UNNAMED --add-opens=java.base/java.util.concurrent.atomic=ALL-UNNAMED --add-opens=java.xml/javax.xml.namespace=ALL-UNNAMED -Xmx2048m -Dfile.encoding=UTF-8 -Duser.country=RU -Duser.language=ru -Duser.variant -javaagent:C:\Users\Lena\.gradle\wrapper\dists\gradle-8.11.1-bin\bpt9gzteqjrbo1mjrsomdt32c\gradle-8.11.1\lib\agents\gradle-instrumentation-agent-8.11.1.jar 
java_command: org.gradle.launcher.daemon.bootstrap.GradleDaemon 8.11.1
java_class_path (initial): C:\Users\Lena\.gradle\wrapper\dists\gradle-8.11.1-bin\bpt9gzteqjrbo1mjrsomdt32c\gradle-8.11.1\lib\gradle-daemon-main-8.11.1.jar
Launcher Type: SUN_STANDARD

[Global flags]
     intx CICompilerCount                          = 3                                         {product} {ergonomic}
     uint ConcGCThreads                            = 1                                         {product} {ergonomic}
     uint G1ConcRefinementThreads                  = 4                                         {product} {ergonomic}
   size_t G1HeapRegionSize                         = 1048576                                   {product} {ergonomic}
    uintx GCDrainStackTargetSize                   = 64                                        {product} {ergonomic}
   size_t InitialHeapSize                          = 268435456                                 {product} {ergonomic}
   size_t MarkStackSize                            = 4194304                                   {product} {ergonomic}
   size_t MaxHeapSize                              = 2147483648                                {product} {command line}
   size_t MaxNewSize                               = 1287651328                                {product} {ergonomic}
   size_t MinHeapDeltaBytes                        = 1048576                                   {product} {ergonomic}
   size_t MinHeapSize                              = 8388608                                   {product} {ergonomic}
    uintx NonNMethodCodeHeapSize                   = 5832780                                {pd product} {ergonomic}
    uintx NonProfiledCodeHeapSize                  = 122912730                              {pd product} {ergonomic}
    uintx ProfiledCodeHeapSize                     = 122912730                              {pd product} {ergonomic}
    uintx ReservedCodeCacheSize                    = 251658240                              {pd product} {ergonomic}
     bool SegmentedCodeCache                       = true                                      {product} {ergonomic}
   size_t SoftMaxHeapSize                          = 2147483648                             {manageable} {ergonomic}
     bool UseCompressedOops                        = true                           {product lp64_product} {ergonomic}
     bool UseG1GC                                  = true                                      {product} {ergonomic}
     bool UseLargePagesIndividualAllocation        = false                                  {pd product} {ergonomic}

Logging:
Log output configuration:
 #0: stdout all=warning uptime,level,tags foldmultilines=false
 #1: stderr all=off uptime,level,tags foldmultilines=false

Environment Variables:
PATH=C:\ProgramData\Oracle\Java\javapath;C:\Program Files (x86)\Intel\iCLS Client\;C:\Program Files\Intel\iCLS Client\;C:\WINDOWS\system32;C:\WINDOWS;C:\WINDOWS\System32\Wbem;C:\WINDOWS\System32\WindowsPowerShell\v1.0\;C:\Program Files (x86)\Intel\Intel(R) Management Engine Components\DAL;C:\Program Files\Intel\Intel(R) Management Engine Components\DAL;C:\Program Files (x86)\Intel\Intel(R) Management Engine Components\IPT;C:\Program Files\Intel\Intel(R) Management Engine Components\IPT;C:\WINDOWS\System32\OpenSSH\;C:\Program Files (x86)\PowerShell\7\;C:\Program Files\nodejs\;C:\Program Files\TortoiseGit\bin;C:\Program Files\Git\cmd;C:\OpenServer\bin;C:\Users\Lena\AppData\Local\Microsoft\WindowsApps;C:\Users\Lena\AppData\Roaming\npm
USERNAME=Lena
OS=Windows_NT
PROCESSOR_IDENTIFIER=Intel64 Family 6 Model 78 Stepping 3, GenuineIntel
TMP=C:\Users\Lena\AppData\Local\Temp
TEMP=C:\Users\Lena\AppData\Local\Temp




Periodic native trim disabled

JNI global refs:
JNI global refs: 28, weak refs: 0

JNI global refs memory usage: 835, weak refs: 201

Process memory usage:
Resident Set Size: 861848K (5% of 16670496K total physical memory with 3257668K free physical memory)

OOME stack traces (most recent first):
Classloader memory used:
Loader org.gradle.internal.classloader.VisitableURLClassLoader                         : 105M
Loader org.gradle.internal.classloader.VisitableURLClassLoader$InstrumentingVisitableURLClassLoader: 42366K
Loader bootstrap                                                                       : 36569K
Loader org.gradle.initialization.MixInLegacyTypesClassLoader                           : 13292K
Loader jdk.internal.loader.ClassLoaders$AppClassLoader                                 : 7652K
Loader jdk.internal.loader.ClassLoaders$PlatformClassLoader                            : 1018K
Loader jdk.internal.reflect.DelegatingClassLoader                                      : 443K
Loader jdk.internal.jrtfs.JrtFileSystemProvider$JrtFsLoader                            : 339K
Loader org.gradle.internal.classloader.VisitableURLClassLoader                         : 167K
Loader sun.reflect.misc.MethodUtil                                                     : 2952B

Classes loaded by more than one classloader:
Class Program                                                                         : loaded 5 times (x 68B)
Class Build_gradle                                                                    : loaded 3 times (x 126B)
Class Build_gradle$1                                                                  : loaded 3 times (x 70B)
Class com.google.common.collect.RegularImmutableMap$KeySet                            : loaded 2 times (x 146B)
Class org.gradle.internal.classloader.FilteringClassLoader                            : loaded 2 times (x 101B)
Class [Lcom.google.common.collect.MapMakerInternalMap$Segment;                        : loaded 2 times (x 65B)
Class com.google.common.io.FileWriteMode                                              : loaded 2 times (x 75B)
Class [Lcom.google.common.base.AbstractIterator$State;                                : loaded 2 times (x 65B)
Class com.google.common.base.CharMatcher$IsEither                                     : loaded 2 times (x 107B)
Class jdk.internal.jimage.BasicImageReader                                            : loaded 2 times (x 91B)
Class org.gradle.internal.classloader.ClassLoaderHierarchy                            : loaded 2 times (x 66B)
Class com.google.common.collect.AbstractMapBasedMultimap$WrappedCollection            : loaded 2 times (x 120B)
Class com.google.common.collect.ImmutableEnumSet                                      : loaded 2 times (x 142B)
Class com.google.common.util.concurrent.ExecutionError                                : loaded 2 times (x 78B)
Class com.google.common.collect.ImmutableList$1                                       : loaded 2 times (x 93B)
Class org.gradle.api.internal.classpath.ManifestUtil                                  : loaded 2 times (x 67B)
Class com.google.common.io.ByteArrayDataOutput                                        : loaded 2 times (x 66B)
Class com.google.common.collect.RegularImmutableMap                                   : loaded 2 times (x 117B)
Class com.google.common.collect.ImmutableMap$MapViewOfValuesAsSingletonSets           : loaded 2 times (x 121B)
Class com.google.common.collect.TransformedListIterator                               : loaded 2 times (x 89B)
Class [Lorg.objectweb.asm.Symbol;                                                     : loaded 2 times (x 65B)
Class org.objectweb.asm.ClassVisitor                                                  : loaded 2 times (x 84B)
Class com.google.common.collect.UnmodifiableListIterator                              : loaded 2 times (x 91B)
Class jdk.internal.jimage.decompressor.StringSharingDecompressorFactory               : loaded 2 times (x 70B)
Class com.google.common.collect.MapMakerInternalMap$StrongKeyDummyValueEntry$LinkedStrongKeyDummyValueEntry: loaded 2 times (x 78B)
Class com.google.common.collect.MapMakerInternalMap$Strength                          : loaded 2 times (x 76B)
Class com.google.common.base.Platform$JdkPatternCompiler                              : loaded 2 times (x 71B)
Class org.objectweb.asm.MethodTooLargeException                                       : loaded 2 times (x 79B)
Class [Lcom.google.common.cache.CacheBuilder$OneWeigher;                              : loaded 2 times (x 65B)
Class com.google.common.base.Suppliers                                                : loaded 2 times (x 67B)
Class org.gradle.internal.classloader.DefaultClassLoaderFactory                       : loaded 2 times (x 78B)
Class [Lcom.google.common.collect.AbstractIterator$State;                             : loaded 2 times (x 65B)
Class com.google.common.base.CharMatcher$None                                         : loaded 2 times (x 108B)
Class org.gradle.internal.classloader.ClassLoaderVisitor                              : loaded 2 times (x 72B)
Class [Lcom.google.common.collect.ImmutableMapEntry;                                  : loaded 2 times (x 65B)
Class org.gradle.api.internal.classpath.EffectiveClassPath                            : loaded 2 times (x 86B)
Class com.google.common.collect.AbstractIterator$1                                    : loaded 2 times (x 67B)
Class com.google.common.collect.ImmutableRangeSet                                     : loaded 2 times (x 111B)
Class [Lorg.jetbrains.kotlin.config.LanguageOrApiVersion;                             : loaded 2 times (x 65B)
Class com.google.common.collect.ImmutableEnumMap                                      : loaded 2 times (x 121B)
Class com.google.common.collect.ListMultimap                                          : loaded 2 times (x 66B)
Class com.google.common.collect.Iterators$EmptyModifiableIterator                     : loaded 2 times (x 82B)
Class com.google.common.collect.Sets$1                                                : loaded 2 times (x 135B)
Class org.objectweb.asm.AnnotationVisitor                                             : loaded 2 times (x 74B)
Class com.google.common.base.Splitter                                                 : loaded 2 times (x 68B)
Class org.gradle.api.internal.DefaultClassPathProvider                                : loaded 2 times (x 72B)
Class com.google.common.collect.MapMakerInternalMap$Strength$1                        : loaded 2 times (x 76B)
Class com.google.common.collect.Maps$ViewCachingAbstractMap                           : loaded 2 times (x 121B)
Class com.google.common.collect.Sets$2                                                : loaded 2 times (x 135B)
Class [Lorg.gradle.api.internal.ClassPathProvider;                                    : loaded 2 times (x 65B)
Class org.gradle.api.internal.ClassPathProvider                                       : loaded 2 times (x 66B)
Class com.google.common.collect.MapMakerInternalMap$Strength$2                        : loaded 2 times (x 76B)
Class org.jetbrains.kotlin.cli.common.CompilerSystemProperties                        : loaded 2 times (x 76B)
Class org.jetbrains.kotlin.config.LanguageVersion$Companion                           : loaded 2 times (x 67B)
Class [Lorg.objectweb.asm.AnnotationVisitor;                                          : loaded 2 times (x 65B)
Class com.google.common.collect.Sets$3                                                : loaded 2 times (x 135B)
Class com.google.common.util.concurrent.AbstractFuture$SafeAtomicHelper               : loaded 2 times (x 75B)
Class com.google.common.cache.LocalCache$LocalLoadingCache                            : loaded 2 times (x 130B)
Class com.google.common.base.AbstractIterator$State                                   : loaded 2 times (x 75B)
Class jdk.internal.jrtfs.SystemImage                                                  : loaded 2 times (x 70B)
Class org.gradle.internal.service.UnknownServiceException                             : loaded 2 times (x 79B)
Class com.google.common.collect.MapMakerInternalMap$StrongValueEntry                  : loaded 2 times (x 66B)
Class com.google.common.io.ByteArrayDataInput                                         : loaded 2 times (x 66B)
Class com.google.common.collect.Sets$4                                                : loaded 2 times (x 135B)
Class org.objectweb.asm.ModuleVisitor                                                 : loaded 2 times (x 77B)
Class com.google.common.cache.LocalCache$Strength$1                                   : loaded 2 times (x 77B)
Class com.google.common.util.concurrent.SettableFuture                                : loaded 2 times (x 110B)
Class com.google.common.cache.LocalCache$Strength$2                                   : loaded 2 times (x 77B)
Class com.google.common.collect.Interners$InternerImpl                                : loaded 2 times (x 71B)
Class com.google.common.collect.Interner                                              : loaded 2 times (x 66B)
Class com.google.common.collect.TransformedIterator                                   : loaded 2 times (x 76B)
Class com.google.common.io.ByteStreams                                                : loaded 2 times (x 67B)
Class com.google.common.cache.LocalCache$Strength$3                                   : loaded 2 times (x 77B)
Class com.google.common.collect.MapDifference                                         : loaded 2 times (x 66B)
Class com.google.common.base.Splitter$1                                               : loaded 2 times (x 73B)
Class com.google.common.collect.MapMaker$Dummy                                        : loaded 2 times (x 75B)
Class org.objectweb.asm.FieldWriter                                                   : loaded 2 times (x 74B)
Class com.google.common.cache.CacheBuilder$NullListener                               : loaded 2 times (x 78B)
Class jdk.internal.jimage.ImageReader$LinkNode                                        : loaded 2 times (x 80B)
Class org.gradle.internal.classpath.TransformedClassPath                              : loaded 2 times (x 92B)
Class org.gradle.internal.classloader.InstrumentingClassLoader                        : loaded 2 times (x 66B)
Class com.google.common.collect.ImmutableListMultimap                                 : loaded 2 times (x 172B)
Class com.google.common.collect.ImmutableRangeSet$AsSet                               : loaded 2 times (x 295B)
Class com.google.common.cache.CacheLoader$FunctionToCacheLoader                       : loaded 2 times (x 71B)
Class com.google.common.collect.Iterators$ArrayItr                                    : loaded 2 times (x 93B)
Class com.google.common.collect.ImmutableCollection$Builder                           : loaded 2 times (x 72B)
Class jdk.internal.jrtfs.SystemImage$1                                                : loaded 2 times (x 74B)
Class com.google.common.collect.EmptyImmutableListMultimap                            : loaded 2 times (x 172B)
Class com.google.common.collect.BaseImmutableMultimap                                 : loaded 2 times (x 119B)
Class com.google.common.base.Joiner                                                   : loaded 2 times (x 75B)
Class com.google.common.base.MoreObjects                                              : loaded 2 times (x 67B)
Class jdk.internal.jrtfs.SystemImage$2                                                : loaded 2 times (x 72B)
Class [Lorg.objectweb.asm.Attribute;                                                  : loaded 2 times (x 65B)
Class org.jetbrains.kotlin.config.LanguageOrApiVersion                                : loaded 2 times (x 66B)
Class [Lorg.objectweb.asm.Type;                                                       : loaded 2 times (x 65B)
Class com.google.common.collect.Platform                                              : loaded 2 times (x 67B)
Class com.google.common.collect.UnmodifiableIterator                                  : loaded 2 times (x 76B)
Class com.google.common.base.Splitter$5                                               : loaded 2 times (x 76B)
Class org.gradle.internal.service.ServiceLocator                                      : loaded 2 times (x 66B)
Class com.google.common.base.Ascii                                                    : loaded 2 times (x 67B)
Class com.google.common.collect.SingletonImmutableBiMap                               : loaded 2 times (x 139B)
Class com.google.common.cache.LocalCache$1                                            : loaded 2 times (x 85B)
Class com.google.common.collect.AbstractMapEntry                                      : loaded 2 times (x 77B)
Class jdk.internal.jrtfs.JrtFileSystemProvider                                        : loaded 2 times (x 97B)
Class com.google.common.collect.MapMakerInternalMap$AbstractStrongKeyEntry            : loaded 2 times (x 76B)
Class com.google.common.collect.Sets$ImprovedAbstractSet                              : loaded 2 times (x 131B)
Class com.google.common.collect.ImmutableList$Builder                                 : loaded 2 times (x 73B)
Class com.google.common.cache.LocalCache$2                                            : loaded 2 times (x 138B)
Class com.google.common.collect.AbstractMultimap                                      : loaded 2 times (x 119B)
Class com.google.common.collect.ImmutableRangeSet$1                                   : loaded 2 times (x 205B)
Class org.jetbrains.kotlin.config.MavenComparableVersion$IntegerItem                  : loaded 2 times (x 76B)
Class com.google.common.util.concurrent.AbstractFuture$UnsafeAtomicHelper$1           : loaded 2 times (x 72B)
Class com.google.common.collect.RegularImmutableAsList                                : loaded 2 times (x 212B)
Class com.google.common.base.Optional                                                 : loaded 2 times (x 76B)
Class com.google.common.collect.Range                                                 : loaded 2 times (x 83B)
Class com.google.common.util.concurrent.AbstractFuture$Trusted                        : loaded 2 times (x 66B)
Class com.google.common.collect.Iterators                                             : loaded 2 times (x 67B)
Class com.google.common.base.CharMatcher$RangesMatcher                                : loaded 2 times (x 108B)
Class com.google.common.io.ByteSink$AsCharSink                                        : loaded 2 times (x 76B)
Class com.google.common.util.concurrent.UncheckedExecutionException                   : loaded 2 times (x 78B)
Class com.google.common.collect.Lists$StringAsImmutableList                           : loaded 2 times (x 203B)
Class org.gradle.kotlin.dsl.VersionCatalogAccessorsKt                                 : loaded 2 times (x 67B)
Class jdk.internal.jimage.ImageLocation                                               : loaded 2 times (x 86B)
Class jdk.internal.jrtfs.JrtDirectoryStream$1                                         : loaded 2 times (x 79B)
Class com.google.common.collect.ImmutableSortedSetFauxverideShim                      : loaded 2 times (x 143B)
Class org.jetbrains.kotlin.config.MavenComparableVersion                              : loaded 2 times (x 74B)
Class com.google.common.base.CharMatcher$JavaLetterOrDigit                            : loaded 2 times (x 107B)
Class org.gradle.internal.InternalTransformer                                         : loaded 2 times (x 66B)
Class com.google.common.collect.AbstractMapBasedMultimap$KeySet$1                     : loaded 2 times (x 78B)
Class org.objectweb.asm.ClassWriter                                                   : loaded 2 times (x 102B)
Class com.google.common.cache.CacheLoader$UnsupportedLoadingOperationException        : loaded 2 times (x 78B)
Class com.google.common.base.CharMatcher$And                                          : loaded 2 times (x 108B)
Class jdk.internal.jimage.ImageBufferCache$1                                          : loaded 2 times (x 79B)
Class org.gradle.internal.classloader.ClasspathUtil$1                                 : loaded 2 times (x 72B)
Class com.google.common.collect.FluentIterable$1                                      : loaded 2 times (x 77B)
Class com.google.common.base.Objects                                                  : loaded 2 times (x 67B)
Class org.objectweb.asm.FieldVisitor                                                  : loaded 2 times (x 73B)
Class com.google.common.collect.IndexedImmutableSet                                   : loaded 2 times (x 146B)
Class com.google.common.collect.ImmutableMap$1                                        : loaded 2 times (x 77B)
Class com.google.common.collect.BiMap                                                 : loaded 2 times (x 66B)
Class jdk.internal.jimage.ImageBufferCache$2                                          : loaded 2 times (x 87B)
Class org.gradle.api.internal.classpath.DefaultModuleRegistry$DefaultModule           : loaded 2 times (x 82B)
Class com.google.common.base.Equivalence$Identity                                     : loaded 2 times (x 78B)
Class com.google.common.collect.FluentIterable$2                                      : loaded 2 times (x 77B)
Class com.google.common.primitives.Ints                                               : loaded 2 times (x 67B)
Class com.google.common.collect.AbstractIterator                                      : loaded 2 times (x 78B)
Class com.google.common.collect.FluentIterable$3                                      : loaded 2 times (x 77B)
Class com.google.common.math.MathPreconditions                                        : loaded 2 times (x 67B)
Class com.google.common.collect.Multiset                                              : loaded 2 times (x 66B)
Class com.google.common.collect.ArrayListMultimapGwtSerializationDependencies         : loaded 2 times (x 168B)
Class com.google.common.collect.ObjectArrays                                          : loaded 2 times (x 67B)
Class com.google.common.collect.AbstractIndexedListIterator                           : loaded 2 times (x 92B)
Class com.google.common.collect.ImmutableMapEntrySet                                  : loaded 2 times (x 147B)
Class org.gradle.api.internal.classpath.Module                                        : loaded 2 times (x 66B)
Class com.google.common.cache.Weigher                                                 : loaded 2 times (x 66B)
Class org.gradle.api.internal.classpath.UnknownModuleException                        : loaded 2 times (x 78B)
Class org.jetbrains.kotlin.config.ApiVersion                                          : loaded 2 times (x 82B)
Class com.google.common.base.Stopwatch                                                : loaded 2 times (x 68B)
Class com.google.common.cache.LocalCache$Strength                                     : loaded 2 times (x 77B)
Class com.google.common.cache.Cache                                                   : loaded 2 times (x 66B)
Class jdk.internal.jimage.ImageHeader                                                 : loaded 2 times (x 67B)
Class com.google.common.io.AppendableWriter                                           : loaded 2 times (x 96B)
Class com.google.common.io.Files$2                                                    : loaded 2 times (x 72B)
Class com.google.common.util.concurrent.AbstractFuture$Cancellation                   : loaded 2 times (x 68B)
Class com.google.common.collect.ImmutableMap$Builder                                  : loaded 2 times (x 78B)
Class com.google.common.base.NullnessCasts                                            : loaded 2 times (x 67B)
Class com.google.common.base.Present                                                  : loaded 2 times (x 77B)
Class com.google.common.collect.AbstractMapBasedMultimap$WrappedCollection$WrappedIterator: loaded 2 times (x 80B)
Class com.google.common.cache.RemovalListener                                         : loaded 2 times (x 66B)
Class org.gradle.api.internal.DefaultClassPathRegistry                                : loaded 2 times (x 72B)
Class com.google.common.collect.ImmutableMultimap$Keys                                : loaded 2 times (x 162B)
Class com.google.common.primitives.IntsMethodsForWeb                                  : loaded 2 times (x 67B)
Class com.google.common.collect.Multimap                                              : loaded 2 times (x 66B)
Class org.gradle.api.internal.ClassPathRegistry                                       : loaded 2 times (x 66B)
Class org.gradle.internal.classpath.DefaultClassPath$ImmutableUniqueList              : loaded 2 times (x 195B)
Class com.google.common.collect.MapMakerInternalMap$Segment                           : loaded 2 times (x 138B)
Class com.google.common.base.ExtraObjectsMethodsForWeb                                : loaded 2 times (x 67B)
Class jdk.internal.jimage.decompressor.ResourceDecompressor                           : loaded 2 times (x 66B)
Class com.google.common.base.PairwiseEquivalence                                      : loaded 2 times (x 79B)
Class com.google.common.io.ByteSink                                                   : loaded 2 times (x 72B)
Class com.google.common.cache.CacheBuilder                                            : loaded 2 times (x 68B)
Class com.google.common.collect.SingletonImmutableList                                : loaded 2 times (x 203B)
Class Settings_gradle$1                                                               : loaded 2 times (x 70B)
Class org.gradle.internal.classpath.ClassPath                                         : loaded 2 times (x 66B)
Class org.gradle.api.UncheckedIOException                                             : loaded 2 times (x 78B)
Class com.google.common.collect.Interners$InternerBuilder                             : loaded 2 times (x 72B)
Class com.google.common.io.Files$FileByteSource                                       : loaded 2 times (x 81B)
Class com.google.common.collect.ImmutableList$ReverseImmutableList                    : loaded 2 times (x 204B)
Class com.google.common.base.JdkPattern                                               : loaded 2 times (x 71B)
Class com.google.common.io.CharStreams$NullWriter                                     : loaded 2 times (x 95B)
Class org.objectweb.asm.SymbolTable$Entry                                             : loaded 2 times (x 70B)
Class com.google.common.util.concurrent.AbstractFuture$AtomicHelper                   : loaded 2 times (x 74B)
Class org.objectweb.asm.Edge                                                          : loaded 2 times (x 68B)
Class com.google.common.base.Suppliers$SupplierOfInstance                             : loaded 2 times (x 75B)
Class com.google.common.collect.Iterators$1                                           : loaded 2 times (x 77B)
Class jdk.internal.jimage.ImageStringsReader                                          : loaded 2 times (x 76B)
Class com.google.common.cache.LocalCache$ComputingValueReference                      : loaded 2 times (x 92B)
Class com.google.common.collect.SingletonImmutableSet                                 : loaded 2 times (x 142B)
Class com.google.common.collect.ImmutableMap$IteratorBasedImmutableMap                : loaded 2 times (x 121B)
Class com.google.common.cache.LocalCache$Segment                                      : loaded 2 times (x 150B)
Class jdk.internal.jimage.ImageReader                                                 : loaded 2 times (x 71B)
Class com.google.common.collect.SortedIterable                                        : loaded 2 times (x 66B)
Class org.jetbrains.kotlin.utils.DescriptionAware                                     : loaded 2 times (x 66B)
Class [Lorg.objectweb.asm.SymbolTable$Entry;                                          : loaded 2 times (x 65B)
Class com.google.common.cache.CacheLoader                                             : loaded 2 times (x 70B)
Class com.google.common.collect.Iterators$4                                           : loaded 2 times (x 78B)
Class com.google.common.collect.ImmutableBiMap                                        : loaded 2 times (x 139B)
Class com.google.common.collect.AbstractListMultimap                                  : loaded 2 times (x 168B)
Class jdk.internal.jimage.ImageReader$SharedImageReader                               : loaded 2 times (x 91B)
Class org.gradle.internal.installation.GradleInstallation$1                           : loaded 2 times (x 71B)
Class org.gradle.api.internal.classpath.ModuleRegistry                                : loaded 2 times (x 66B)
Class com.google.common.util.concurrent.internal.InternalFutureFailureAccess          : loaded 2 times (x 68B)
Class com.google.common.collect.Iterators$5                                           : loaded 2 times (x 78B)
Class com.google.common.collect.ImmutableSet$JdkBackedSetBuilderImpl                  : loaded 2 times (x 72B)
Class com.google.common.base.Splitter$SplittingIterator                               : loaded 2 times (x 80B)
Class jdk.internal.jimage.decompressor.ResourceDecompressorFactory                    : loaded 2 times (x 70B)
Class com.google.common.collect.ImmutableMultimap$Values                              : loaded 2 times (x 122B)
Class com.google.common.io.Closer$SuppressingSuppressor                               : loaded 2 times (x 71B)
Class com.google.common.util.concurrent.AbstractFuture$UnsafeAtomicHelper             : loaded 2 times (x 74B)
Class com.google.common.cache.LocalCache$LocalManualCache$1                           : loaded 2 times (x 71B)
Class com.google.common.base.CharMatcher$ForPredicate                                 : loaded 2 times (x 108B)
Class com.google.common.collect.ImmutableCollection                                   : loaded 2 times (x 121B)
Class com.google.common.base.CharMatcher$AnyOf                                        : loaded 2 times (x 108B)
Class jdk.internal.jimage.ImageReader$Node                                            : loaded 2 times (x 80B)
Class org.gradle.api.internal.classpath.DefaultModuleRegistry                         : loaded 2 times (x 82B)
Class com.google.common.util.concurrent.ListenableFuture                              : loaded 2 times (x 66B)
Class com.google.common.cache.ReferenceEntry                                          : loaded 2 times (x 66B)
Class com.google.common.collect.ImmutableSet$CachingAsList                            : loaded 2 times (x 143B)
Class com.google.common.base.Converter                                                : loaded 2 times (x 86B)
Class com.google.common.collect.Lists                                                 : loaded 2 times (x 67B)
Class com.google.common.base.CharMatcher$Any                                          : loaded 2 times (x 108B)
Class jdk.internal.jimage.BasicImageReader$1                                          : loaded 2 times (x 73B)
Class com.google.common.util.concurrent.AbstractFuture                                : loaded 2 times (x 102B)
Class com.google.common.base.FunctionalEquivalence                                    : loaded 2 times (x 79B)
Class com.google.common.collect.Iterators$9                                           : loaded 2 times (x 77B)
Class com.google.common.collect.AbstractMapBasedMultimap                              : loaded 2 times (x 135B)
Class com.google.common.collect.ImmutableAsList                                       : loaded 2 times (x 205B)
Class com.google.common.io.CharStreams                                                : loaded 2 times (x 67B)
Class com.google.common.collect.ImmutableMultiset                                     : loaded 2 times (x 159B)
Class org.objectweb.asm.RecordComponentVisitor                                        : loaded 2 times (x 73B)
Class com.google.common.cache.CacheLoader$SupplierToCacheLoader                       : loaded 2 times (x 71B)
Class org.jetbrains.kotlin.cli.common.CompilerSystemProperties$value$1                : loaded 2 times (x 121B)
Class [Lorg.jetbrains.kotlin.config.LanguageVersion;                                  : loaded 2 times (x 65B)
Class com.google.common.collect.Maps$EntryTransformer                                 : loaded 2 times (x 66B)
Class jdk.internal.jimage.decompressor.Decompressor                                   : loaded 2 times (x 68B)
Class jdk.internal.jimage.ImageReader$Resource                                        : loaded 2 times (x 80B)
Class org.gradle.internal.service.ServiceLookupException                              : loaded 2 times (x 78B)
Class com.google.common.collect.ImmutableSortedSet                                    : loaded 2 times (x 295B)
Class [Lcom.google.common.cache.LocalCache$EntryFactory;                              : loaded 2 times (x 65B)
Class com.google.common.base.CharMatcher$JavaLetter                                   : loaded 2 times (x 107B)
Class jdk.internal.jrtfs.JrtFileAttributes                                            : loaded 2 times (x 79B)
Class org.gradle.internal.classloader.ClassLoaderFactory                              : loaded 2 times (x 66B)
Class com.google.common.collect.ImmutableMap$SerializedForm                           : loaded 2 times (x 69B)
Class com.google.common.cache.LocalCache$LocalManualCache                             : loaded 2 times (x 95B)
Class com.google.common.base.CharMatcher$IsNot                                        : loaded 2 times (x 107B)
Class com.google.common.base.CommonPattern                                            : loaded 2 times (x 70B)
Class org.gradle.internal.service.CachingServiceLocator                               : loaded 2 times (x 78B)
Class com.google.common.collect.RegularImmutableSortedSet                             : loaded 2 times (x 295B)
Class com.google.common.collect.AbstractMapBasedMultimap$KeySet                       : loaded 2 times (x 133B)
Class com.google.common.math.IntMath                                                  : loaded 2 times (x 67B)
Class com.google.common.collect.MapMakerInternalMap$InternalEntry                     : loaded 2 times (x 66B)
Class com.google.common.collect.Iterators$10                                          : loaded 2 times (x 77B)
Class com.google.common.collect.ImmutableMapEntry                                     : loaded 2 times (x 81B)
Class com.google.common.base.CharMatcher$JavaDigit                                    : loaded 2 times (x 107B)
Class com.google.common.collect.ImmutableMultimap                                     : loaded 2 times (x 143B)
Class com.google.common.base.Equivalence                                              : loaded 2 times (x 78B)
Class com.google.common.collect.ImmutableMapEntry$NonTerminalImmutableMapEntry        : loaded 2 times (x 81B)
Class com.google.common.base.Function                                                 : loaded 2 times (x 66B)
Class [Lorg.jetbrains.kotlin.cli.common.CompilerSystemProperties;                     : loaded 2 times (x 65B)
Class com.google.common.cache.CacheBuilder$OneWeigher                                 : loaded 2 times (x 78B)
Class com.google.common.collect.RegularImmutableList                                  : loaded 2 times (x 208B)
Class com.google.common.collect.ImmutableBiMapFauxverideShim                          : loaded 2 times (x 116B)
Class jdk.internal.jimage.ImageBufferCache                                            : loaded 2 times (x 67B)
Class jdk.internal.jrtfs.JrtPath                                                      : loaded 2 times (x 114B)
Class org.gradle.internal.classloader.ClasspathUtil                                   : loaded 2 times (x 67B)
Class com.google.common.base.Charsets                                                 : loaded 2 times (x 67B)
Class com.google.common.util.concurrent.Uninterruptibles                              : loaded 2 times (x 67B)
Class com.google.common.collect.Maps                                                  : loaded 2 times (x 67B)
Class com.google.common.base.CharMatcher$JavaUpperCase                                : loaded 2 times (x 107B)
Class org.gradle.api.specs.Spec                                                       : loaded 2 times (x 66B)
Class com.google.common.collect.MapMaker                                              : loaded 2 times (x 68B)
Class [Lcom.google.common.collect.ImmutableEntry;                                     : loaded 2 times (x 65B)
Class jdk.internal.jimage.ImageReader$SharedImageReader$LocationVisitor               : loaded 2 times (x 66B)
Class com.google.common.cache.LocalCache$LoadingValueReference                        : loaded 2 times (x 92B)
Class com.google.common.base.Absent                                                   : loaded 2 times (x 76B)
Class com.google.common.io.LineReader$1                                               : loaded 2 times (x 71B)
Class com.google.common.collect.CollectSpliterators                                   : loaded 2 times (x 67B)
Class com.google.common.collect.AbstractMapBasedMultimap$AsMap                        : loaded 2 times (x 124B)
Class com.google.common.collect.MapMakerInternalMap$StrongKeyDummyValueEntry          : loaded 2 times (x 78B)
Class com.google.common.base.Platform                                                 : loaded 2 times (x 67B)
Class jdk.internal.jimage.decompressor.ResourceDecompressorRepository                 : loaded 2 times (x 67B)
Class com.google.common.collect.AbstractMapBasedMultimap$WrappedList                  : loaded 2 times (x 201B)
Class [Lorg.objectweb.asm.AnnotationWriter;                                           : loaded 2 times (x 65B)
Class com.google.common.primitives.Ints$IntConverter                                  : loaded 2 times (x 86B)
Class com.google.common.collect.Maps$8                                                : loaded 2 times (x 78B)
Class jdk.internal.jimage.ImageReader$Directory                                       : loaded 2 times (x 80B)
Class [Lcom.google.common.collect.Iterators$EmptyModifiableIterator;                  : loaded 2 times (x 65B)
Class com.google.common.collect.ImmutableRangeSet$Builder                             : loaded 2 times (x 73B)
Class com.google.common.collect.Sets$SetView                                          : loaded 2 times (x 134B)
Class com.google.common.cache.LocalCache$StrongValueReference                         : loaded 2 times (x 86B)
Class com.google.common.util.concurrent.AbstractFuture$SynchronizedHelper             : loaded 2 times (x 74B)
Class com.google.common.base.CharMatcher$Invisible                                    : loaded 2 times (x 108B)
Class com.google.common.graph.SuccessorsFunction                                      : loaded 2 times (x 66B)
Class org.objectweb.asm.Type                                                          : loaded 2 times (x 68B)
Class org.gradle.internal.classloader.VisitableURLClassLoader$InstrumentingVisitableURLClassLoader: loaded 2 times (x 119B)
Class com.google.common.collect.MapMakerInternalMap$StrongKeyDummyValueEntry$Helper   : loaded 2 times (x 75B)
Class com.google.common.io.Files$FileByteSink                                         : loaded 2 times (x 73B)
Class org.objectweb.asm.ByteVector                                                    : loaded 2 times (x 75B)
Class [Lcom.google.common.cache.CacheBuilder$NullListener;                            : loaded 2 times (x 65B)
Class com.google.common.math.IntMath$1                                                : loaded 2 times (x 67B)
Class org.gradle.internal.classloader.VisitableURLClassLoader$Spec                    : loaded 2 times (x 70B)
Class org.gradle.internal.classpath.DefaultClassPath                                  : loaded 2 times (x 86B)
Class org.objectweb.asm.Symbol                                                        : loaded 2 times (x 69B)
Class com.google.common.base.AbstractIterator                                         : loaded 2 times (x 76B)
Class jdk.internal.jimage.decompressor.ZipDecompressorFactory                         : loaded 2 times (x 70B)
Class com.google.common.io.Java8Compatibility                                         : loaded 2 times (x 67B)
Class com.google.common.io.Closer                                                     : loaded 2 times (x 74B)
Class org.jetbrains.kotlin.config.ApiVersion$Companion                                : loaded 2 times (x 67B)
Class com.google.common.collect.ImmutableSet                                          : loaded 2 times (x 141B)
Class com.google.common.collect.RegularImmutableMap$Values                            : loaded 2 times (x 203B)
Class com.google.common.base.CharMatcher$BitSetMatcher                                : loaded 2 times (x 108B)
Class com.google.common.base.CharMatcher$Ascii                                        : loaded 2 times (x 108B)
Class org.gradle.internal.classloader.ClassLoaderSpec                                 : loaded 2 times (x 67B)
Class org.objectweb.asm.AnnotationWriter                                              : loaded 2 times (x 75B)
Class com.google.common.cache.CacheStats                                              : loaded 2 times (x 67B)
Class com.google.common.collect.ImmutableMultisetGwtSerializationDependencies         : loaded 2 times (x 121B)
Class com.google.common.collect.Interners                                             : loaded 2 times (x 67B)
Class com.google.common.io.Closer$Suppressor                                          : loaded 2 times (x 66B)
Class com.google.common.io.LineProcessor                                              : loaded 2 times (x 66B)
Class org.jetbrains.kotlin.config.MavenComparableVersion$ListItem                     : loaded 2 times (x 214B)
Class org.objectweb.asm.RecordComponentWriter                                         : loaded 2 times (x 74B)
Class com.google.common.util.concurrent.AbstractFuture$Listener                       : loaded 2 times (x 68B)
Class com.google.common.base.CharMatcher$Or                                           : loaded 2 times (x 108B)
Class Settings_gradle$1$1                                                             : loaded 2 times (x 70B)
Class [Lorg.objectweb.asm.Label;                                                      : loaded 2 times (x 65B)
Class [Lorg.jetbrains.kotlin.utils.DescriptionAware;                                  : loaded 2 times (x 65B)
Class org.objectweb.asm.Attribute                                                     : loaded 2 times (x 73B)
Class com.google.common.base.Supplier                                                 : loaded 2 times (x 66B)
Class org.gradle.internal.classloader.VisitableURLClassLoader                         : loaded 2 times (x 113B)
Class com.google.common.collect.ImmutableList$SerializedForm                          : loaded 2 times (x 69B)
Class com.google.common.util.concurrent.AbstractFuture$Waiter                         : loaded 2 times (x 68B)
Class Settings_gradle                                                                 : loaded 2 times (x 124B)
Class org.gradle.internal.Cast                                                        : loaded 2 times (x 67B)
Class org.gradle.api.Action                                                           : loaded 2 times (x 66B)
Class com.google.common.collect.MapMakerInternalMap                                   : loaded 2 times (x 157B)
Class com.google.common.base.Strings                                                  : loaded 2 times (x 67B)
Class com.google.common.collect.Sets                                                  : loaded 2 times (x 67B)
Class org.objectweb.asm.Handler                                                       : loaded 2 times (x 68B)
Class com.google.common.base.Ticker                                                   : loaded 2 times (x 68B)
Class com.google.common.base.CharMatcher$FastMatcher                                  : loaded 2 times (x 107B)
Class jdk.internal.jimage.decompressor.ZipDecompressor                                : loaded 2 times (x 71B)
Class [Lcom.google.common.cache.LocalCache$Segment;                                   : loaded 2 times (x 65B)
Class [Lcom.google.common.cache.LocalCache$Strength;                                  : loaded 2 times (x 65B)
Class com.google.common.cache.CacheBuilder$1                                          : loaded 2 times (x 81B)
Class com.google.common.collect.ImmutableMap                                          : loaded 2 times (x 116B)
Class com.google.common.base.Predicate                                                : loaded 2 times (x 66B)
Class org.gradle.internal.classpath.DefaultClassPath$ImmutableUniqueList$Builder      : loaded 2 times (x 71B)
Class com.google.common.collect.MapMakerInternalMap$WeakValueReference                : loaded 2 times (x 66B)
Class com.google.common.collect.AbstractRangeSet                                      : loaded 2 times (x 110B)
Class com.google.common.cache.LocalCache                                              : loaded 2 times (x 183B)
Class com.google.common.cache.CacheBuilder$2                                          : loaded 2 times (x 68B)
Class com.google.common.base.CharMatcher$NegatedFastMatcher                           : loaded 2 times (x 109B)
Class org.jetbrains.kotlin.config.LanguageVersion                                     : loaded 2 times (x 87B)
Class [Lcom.google.common.collect.AbstractMapEntry;                                   : loaded 2 times (x 65B)
Class com.google.common.collect.ImmutableEntry                                        : loaded 2 times (x 78B)
Class com.google.common.collect.ArrayListMultimap                                     : loaded 2 times (x 168B)
Class com.google.common.base.AbstractIterator$1                                       : loaded 2 times (x 67B)
Class com.google.common.base.CharMatcher$Digit                                        : loaded 2 times (x 108B)
Class org.gradle.api.GradleException                                                  : loaded 2 times (x 78B)
Class com.google.common.base.Suppliers$MemoizingSupplier                              : loaded 2 times (x 75B)
Class com.google.common.collect.CollectPreconditions                                  : loaded 2 times (x 67B)
Class com.google.common.base.CharMatcher$JavaIsoControl                               : loaded 2 times (x 108B)
Class jdk.internal.jimage.ImageStrings                                                : loaded 2 times (x 66B)
Class [Lcom.google.common.collect.MapMakerInternalMap$Strength;                       : loaded 2 times (x 65B)
Class [Lcom.google.common.io.FileWriteMode;                                           : loaded 2 times (x 65B)
Class com.google.common.collect.SortedMapDifference                                   : loaded 2 times (x 66B)
Class com.google.common.base.CharMatcher$JavaLowerCase                                : loaded 2 times (x 107B)
Class com.google.common.collect.Iterables$4                                           : loaded 2 times (x 77B)
Class com.google.common.collect.MapMakerInternalMap$StrongKeyDummyValueSegment        : loaded 2 times (x 138B)
Class com.google.common.io.Files                                                      : loaded 2 times (x 67B)
Class com.google.common.cache.LocalCache$EntryFactory                                 : loaded 2 times (x 79B)
Class [Lcom.google.common.collect.MapMaker$Dummy;                                     : loaded 2 times (x 65B)
Class com.google.common.cache.LocalCache$AbstractReferenceEntry                       : loaded 2 times (x 103B)
Class com.google.common.base.Splitter$1$1                                             : loaded 2 times (x 82B)
Class com.google.common.base.CharMatcher$Whitespace                                   : loaded 2 times (x 108B)
Class org.gradle.internal.IoActions                                                   : loaded 2 times (x 67B)
Class com.google.common.collect.ImmutableMapKeySet                                    : loaded 2 times (x 146B)
Class com.google.common.collect.ImmutableRangeSet$ComplementRanges                    : loaded 2 times (x 203B)
Class org.objectweb.asm.SymbolTable                                                   : loaded 2 times (x 68B)
Class com.google.common.cache.CacheLoader$InvalidCacheLoadException                   : loaded 2 times (x 78B)
Class com.google.common.collect.ImmutableSet$RegularSetBuilderImpl                    : loaded 2 times (x 73B)
Class com.google.common.base.CharMatcher$SingleWidth                                  : loaded 2 times (x 108B)
Class org.gradle.internal.classloader.SystemClassLoaderSpec                           : loaded 2 times (x 67B)
Class com.google.common.collect.FluentIterable                                        : loaded 2 times (x 77B)
Class com.google.common.cache.LocalCache$StrongEntry                                  : loaded 2 times (x 104B)
Class com.google.common.util.concurrent.AbstractFuture$TrustedFuture                  : loaded 2 times (x 110B)
Class com.google.common.cache.LoadingCache                                            : loaded 2 times (x 66B)
Class com.google.common.base.Suppliers$NonSerializableMemoizingSupplier               : loaded 2 times (x 75B)
Class com.google.common.io.ByteStreams$LimitedInputStream                             : loaded 2 times (x 88B)
Class org.objectweb.asm.MethodWriter                                                  : loaded 2 times (x 102B)
Class [Lcom.google.common.cache.Weigher;                                              : loaded 2 times (x 65B)
Class com.google.common.collect.RegularImmutableMap$BucketOverflowException           : loaded 2 times (x 78B)
Class jdk.internal.jrtfs.JrtFileSystem                                                : loaded 2 times (x 98B)
Class com.google.common.collect.ImmutableMultimap$1                                   : loaded 2 times (x 78B)
Class com.google.common.collect.AbstractMapBasedMultimap$RandomAccessWrappedList      : loaded 2 times (x 201B)
Class org.jetbrains.kotlin.cli.common.CompilerSystemProperties$Companion              : loaded 2 times (x 67B)
Class jdk.internal.jimage.decompressor.CompressedResourceHeader                       : loaded 2 times (x 67B)
Class com.google.common.collect.AbstractIterator$State                                : loaded 2 times (x 75B)
Class com.google.common.collect.ImmutableMultimap$2                                   : loaded 2 times (x 77B)
Class com.google.common.collect.RegularImmutableBiMap                                 : loaded 2 times (x 144B)
Class com.google.common.cache.LocalCache$ValueReference                               : loaded 2 times (x 66B)
Class com.google.common.base.CharMatcher$Negated                                      : loaded 2 times (x 109B)
Class com.google.common.base.CharMatcher$Is                                           : loaded 2 times (x 107B)
Class com.google.common.base.PatternCompiler                                          : loaded 2 times (x 66B)
Class com.google.common.util.concurrent.AbstractFuture$Failure                        : loaded 2 times (x 68B)
Class com.google.common.base.Equivalence$Equals                                       : loaded 2 times (x 78B)
Class com.google.common.collect.Hashing                                               : loaded 2 times (x 67B)
Class com.google.common.base.Preconditions                                            : loaded 2 times (x 67B)
Class com.google.common.collect.ImmutableSetMultimap                                  : loaded 2 times (x 176B)
Class com.google.common.io.CharSink                                                   : loaded 2 times (x 75B)
Class com.google.common.base.Joiner$1                                                 : loaded 2 times (x 76B)
Class org.objectweb.asm.Label                                                         : loaded 2 times (x 69B)
Class org.objectweb.asm.CurrentFrame                                                  : loaded 2 times (x 69B)
Class org.objectweb.asm.ClassTooLargeException                                        : loaded 2 times (x 79B)
Class com.google.common.collect.PeekingIterator                                       : loaded 2 times (x 66B)
Class com.google.common.base.CharMatcher                                              : loaded 2 times (x 107B)
Class com.google.common.collect.MapMakerInternalMap$InternalEntryHelper               : loaded 2 times (x 66B)
Class com.google.common.collect.Maps$IteratorBasedAbstractMap                         : loaded 2 times (x 121B)
Class com.google.common.collect.RangeGwtSerializationDependencies                     : loaded 2 times (x 67B)
Class com.google.common.collect.Table                                                 : loaded 2 times (x 66B)
Class org.jetbrains.kotlin.config.MavenComparableVersion$Item                         : loaded 2 times (x 66B)
Class com.google.common.base.Joiner$2                                                 : loaded 2 times (x 75B)
Class org.objectweb.asm.Frame                                                         : loaded 2 times (x 69B)
Class org.objectweb.asm.MethodVisitor                                                 : loaded 2 times (x 101B)
Class com.google.common.cache.LocalCache$EntryFactory$1                               : loaded 2 times (x 79B)
Class [Lcom.google.common.cache.RemovalListener;                                      : loaded 2 times (x 65B)
Class com.google.common.base.CharMatcher$1                                            : loaded 2 times (x 109B)
Class com.google.common.base.CharMatcher$NamedFastMatcher                             : loaded 2 times (x 108B)
Class com.google.common.collect.RangeSet                                              : loaded 2 times (x 66B)
Class com.google.common.cache.LocalCache$EntryFactory$2                               : loaded 2 times (x 79B)
Class org.gradle.api.internal.classpath.GlobalCacheRootsProvider                      : loaded 2 times (x 66B)
Class com.google.common.collect.CollectCollectors                                     : loaded 2 times (x 67B)
Class org.objectweb.asm.ModuleWriter                                                  : loaded 2 times (x 78B)
Class com.google.common.cache.LocalCache$EntryFactory$3                               : loaded 2 times (x 79B)
Class com.google.common.base.Ticker$1                                                 : loaded 2 times (x 68B)
Class com.google.common.collect.ImmutableMapEntrySet$RegularEntrySet                  : loaded 2 times (x 147B)
Class com.google.common.collect.Maps$BiMapConverter                                   : loaded 2 times (x 86B)
Class com.google.common.collect.SetMultimap                                           : loaded 2 times (x 66B)
Class com.google.common.cache.LocalCache$EntryFactory$4                               : loaded 2 times (x 79B)
Class com.google.common.collect.ImmutableSet$Builder                                  : loaded 2 times (x 81B)
Class com.google.common.base.CharMatcher$InRange                                      : loaded 2 times (x 107B)
Class com.google.common.io.ByteStreams$1                                              : loaded 2 times (x 81B)
Class com.google.common.cache.LocalCache$EntryFactory$5                               : loaded 2 times (x 79B)
Class com.google.common.io.LineReader                                                 : loaded 2 times (x 68B)
Class com.google.common.cache.LocalCache$EntryFactory$6                               : loaded 2 times (x 79B)
Class org.gradle.internal.installation.CurrentGradleInstallationLocator               : loaded 2 times (x 67B)
Class com.google.common.collect.ImmutableMultimap$Builder                             : loaded 2 times (x 79B)
Class org.objectweb.asm.ClassReader                                                   : loaded 2 times (x 89B)
Class com.google.common.collect.Maps$KeySet                                           : loaded 2 times (x 133B)
Class com.google.common.cache.LocalCache$EntryFactory$7                               : loaded 2 times (x 79B)
Class com.google.common.collect.ImmutableSet$EmptySetBuilderImpl                      : loaded 2 times (x 72B)
Class com.google.common.collect.ImmutableList                                         : loaded 2 times (x 202B)
Class org.gradle.internal.service.DefaultServiceLocator                               : loaded 2 times (x 79B)
Class com.google.common.collect.ImmutableMultimap$EntryCollection                     : loaded 2 times (x 123B)
Class com.google.common.collect.Maps$EntrySet                                         : loaded 2 times (x 132B)
Class org.jetbrains.kotlin.util.capitalizeDecapitalize.CapitalizeDecapitalizeKt       : loaded 2 times (x 67B)
Class com.google.common.cache.LocalCache$EntryFactory$8                               : loaded 2 times (x 79B)
Class com.google.common.collect.ImmutableSet$SetBuilderImpl                           : loaded 2 times (x 72B)
Class jdk.internal.jrtfs.JrtDirectoryStream                                           : loaded 2 times (x 85B)
Class org.gradle.internal.installation.CurrentGradleInstallation                      : loaded 2 times (x 69B)
Class com.google.common.cache.CacheLoader$1                                           : loaded 2 times (x 71B)
Class com.google.common.collect.ForwardingObject                                      : loaded 2 times (x 68B)
Class com.google.common.collect.ImmutableList$SubList                                 : loaded 2 times (x 204B)
Class org.gradle.util.internal.GUtil                                                  : loaded 2 times (x 67B)
Class com.google.common.io.ByteSource                                                 : loaded 2 times (x 80B)
Class com.google.common.util.concurrent.AbstractFuture$SetFuture                      : loaded 2 times (x 71B)
Class com.google.common.cache.AbstractCache$StatsCounter                              : loaded 2 times (x 66B)
Class com.google.common.io.LineBuffer                                                 : loaded 2 times (x 71B)
Class com.google.common.collect.MapMakerInternalMap$1                                 : loaded 2 times (x 79B)
Class org.objectweb.asm.Context                                                       : loaded 2 times (x 68B)
Class com.google.common.collect.Iterators$MergingIterator                             : loaded 2 times (x 77B)
Class com.google.common.collect.RegularImmutableSet                                   : loaded 2 times (x 144B)
Class org.gradle.internal.installation.GradleInstallation                             : loaded 2 times (x 71B)
Class com.google.common.collect.Iterables                                             : loaded 2 times (x 67B)
Class com.google.common.base.Splitter$Strategy                                        : loaded 2 times (x 66B)
Class jdk.internal.jimage.decompressor.ResourceDecompressor$StringsProvider           : loaded 2 times (x 66B)

---------------  S Y S T E M  ---------------

OS:
 Windows 10 , 64 bit Build 19041 (10.0.19041.5678)
OS uptime: 2 days 1:32 hours

CPU: total 4 (initial active 4) (2 cores per cpu, 2 threads per core) family 6 model 78 stepping 3 microcode 0xcc, cx8, cmov, fxsr, ht, mmx, 3dnowpref, sse, sse2, sse3, ssse3, sse4.1, sse4.2, popcnt, lzcnt, tsc, tscinvbit, avx, avx2, aes, erms, clmul, bmi1, bmi2, adx, fma, vzeroupper, clflush, clflushopt, rdtscp, f16c
Processor Information for the first 4 processors :
  Max Mhz: 2401, Current Mhz: 2200, Mhz Limit: 2184

Memory: 4k page, system-wide physical 16279M (3181M free)
TotalPageFile size 27031M (AvailPageFile size 11324M)
current process WorkingSet (physical memory assigned to process): 841M, peak: 841M
current process commit charge ("private bytes"): 866M, peak: 867M

vm_info: OpenJDK 64-Bit Server VM (21.0.6+-13355223-b631.42) for windows-amd64 JRE (21.0.6+-13355223-b631.42), built on 2025-04-14T18:21:23Z by "builder" with MS VC++ 16.10 / 16.11 (VS2019)

END.
